<Anims>
 <anim name="idle" root="warchair2" numframes="1000" framerate="40">
  <frame idx="0" w="303" h="479" x="-18.798248" y="-143.368423">
   <element name="warchair02" layername="warchair" frame="0" z_index="2" m_a="1.000000" m_b="0.000000" m_c="0.000000" m_d="1.000000" m_tx="-119.298248" m_ty="-247.368423"/>
  </frame>
  <frame idx="25" w="303" h="479" x="-18.798248" y="-143.368423">
   <element name="warchair02" layername="warchair" frame="0" z_index="2" m_a="1.000000" m_b="0.000000" m_c="0.000000" m_d="1.000000" m_tx="-119.298248" m_ty="-247.368423"/>
  </frame>
  <frame idx="50" w="303" h="479" x="-18.798248" y="-143.368423">
   <element name="warchair02" layername="warchair" frame="0" z_index="2" m_a="1.000000" m_b="0.000000" m_c="0.000000" m_d="1.000000" m_tx="-119.298248" m_ty="-247.368423"/>
  </frame>
  <frame idx="75" w="303" h="479" x="-18.798248" y="-143.368423">
   <element name="warchair02" layername="warchair" frame="0" z_index="2" m_a="1.000000" m_b="0.000000" m_c="0.000000" m_d="1.000000" m_tx="-119.298248" m_ty="-247.368423"/>
  </frame>
  <frame idx="100" w="303" h="479" x="-18.798248" y="-143.368423">
   <element name="warchair02" layername="warchair" frame="0" z_index="2" m_a="1.000000" m_b="0.000000" m_c="0.000000" m_d="1.000000" m_tx="-119.298248" m_ty="-247.368423"/>
  </frame>
  <frame idx="125" w="303" h="479" x="-18.798248" y="-143.368423">
   <element name="warchair02" layername="warchair" frame="0" z_index="2" m_a="1.000000" m_b="0.000000" m_c="0.000000" m_d="1.000000" m_tx="-119.298248" m_ty="-247.368423"/>
  </frame>
  <frame idx="150" w="303" h="479" x="-18.798248" y="-143.368423">
   <element name="warchair02" layername="warchair" frame="0" z_index="2" m_a="1.000000" m_b="0.000000" m_c="0.000000" m_d="1.000000" m_tx="-119.298248" m_ty="-247.368423"/>
  </frame>
  <frame idx="175" w="303" h="479" x="-18.798248" y="-143.368423">
   <element name="warchair02" layername="warchair" frame="0" z_index="2" m_a="1.000000" m_b="0.000000" m_c="0.000000" m_d="1.000000" m_tx="-119.298248" m_ty="-247.368423"/>
  </frame>
  <frame idx="200" w="303" h="479" x="-18.798248" y="-143.368423">
   <element name="warchair02" layername="warchair" frame="0" z_index="2" m_a="1.000000" m_b="0.000000" m_c="0.000000" m_d="1.000000" m_tx="-119.298248" m_ty="-247.368423"/>
  </frame>
  <frame idx="225" w="303" h="479" x="-18.798248" y="-143.368423">
   <element name="warchair02" layername="warchair" frame="0" z_index="2" m_a="1.000000" m_b="0.000000" m_c="0.000000" m_d="1.000000" m_tx="-119.298248" m_ty="-247.368423"/>
  </frame>
  <frame idx="250" w="303" h="479" x="-18.798248" y="-143.368423">
   <element name="warchair02" layername="warchair" frame="0" z_index="2" m_a="1.000000" m_b="0.000000" m_c="0.000000" m_d="1.000000" m_tx="-119.298248" m_ty="-247.368423"/>
  </frame>
  <frame idx="275" w="303" h="479" x="-18.798248" y="-143.368423">
   <element name="warchair02" layername="warchair" frame="0" z_index="2" m_a="1.000000" m_b="0.000000" m_c="0.000000" m_d="1.000000" m_tx="-119.298248" m_ty="-247.368423"/>
  </frame>
  <frame idx="300" w="303" h="479" x="-18.798248" y="-143.368423">
   <element name="warchair02" layername="warchair" frame="0" z_index="2" m_a="1.000000" m_b="0.000000" m_c="0.000000" m_d="1.000000" m_tx="-119.298248" m_ty="-247.368423"/>
  </frame>
  <frame idx="325" w="303" h="479" x="-18.798248" y="-143.368423">
   <element name="warchair02" layername="warchair" frame="0" z_index="2" m_a="1.000000" m_b="0.000000" m_c="0.000000" m_d="1.000000" m_tx="-119.298248" m_ty="-247.368423"/>
  </frame>
  <frame idx="350" w="303" h="479" x="-18.798248" y="-143.368423">
   <element name="warchair02" layername="warchair" frame="0" z_index="2" m_a="1.000000" m_b="0.000000" m_c="0.000000" m_d="1.000000" m_tx="-119.298248" m_ty="-247.368423"/>
  </frame>
  <frame idx="375" w="303" h="479" x="-18.798248" y="-143.368423">
   <element name="warchair02" layername="warchair" frame="0" z_index="2" m_a="1.000000" m_b="0.000000" m_c="0.000000" m_d="1.000000" m_tx="-119.298248" m_ty="-247.368423"/>
  </frame>
  <frame idx="400" w="303" h="479" x="-18.798248" y="-143.368423">
   <element name="warchair02" layername="warchair" frame="0" z_index="2" m_a="1.000000" m_b="0.000000" m_c="0.000000" m_d="1.000000" m_tx="-119.298248" m_ty="-247.368423"/>
  </frame>
  <frame idx="425" w="303" h="479" x="-18.798248" y="-143.368423">
   <element name="warchair02" layername="warchair" frame="0" z_index="2" m_a="1.000000" m_b="0.000000" m_c="0.000000" m_d="1.000000" m_tx="-119.298248" m_ty="-247.368423"/>
  </frame>
  <frame idx="450" w="303" h="479" x="-18.798248" y="-143.368423">
   <element name="warchair02" layername="warchair" frame="0" z_index="2" m_a="1.000000" m_b="0.000000" m_c="0.000000" m_d="1.000000" m_tx="-119.298248" m_ty="-247.368423"/>
  </frame>
  <frame idx="475" w="303" h="479" x="-18.798248" y="-143.368423">
   <element name="warchair02" layername="warchair" frame="0" z_index="2" m_a="1.000000" m_b="0.000000" m_c="0.000000" m_d="1.000000" m_tx="-119.298248" m_ty="-247.368423"/>
  </frame>
  <frame idx="500" w="303" h="479" x="-18.798248" y="-143.368423">
   <element name="warchair02" layername="warchair" frame="0" z_index="2" m_a="1.000000" m_b="0.000000" m_c="0.000000" m_d="1.000000" m_tx="-119.298248" m_ty="-247.368423"/>
  </frame>
  <frame idx="525" w="303" h="479" x="-18.798248" y="-143.368423">
   <element name="warchair02" layername="warchair" frame="0" z_index="2" m_a="1.000000" m_b="0.000000" m_c="0.000000" m_d="1.000000" m_tx="-119.298248" m_ty="-247.368423"/>
  </frame>
  <frame idx="550" w="303" h="479" x="-18.798248" y="-143.368423">
   <element name="warchair02" layername="warchair" frame="0" z_index="2" m_a="1.000000" m_b="0.000000" m_c="0.000000" m_d="1.000000" m_tx="-119.298248" m_ty="-247.368423"/>
  </frame>
  <frame idx="575" w="303" h="479" x="-18.798248" y="-143.368423">
   <element name="warchair02" layername="warchair" frame="0" z_index="2" m_a="1.000000" m_b="0.000000" m_c="0.000000" m_d="1.000000" m_tx="-119.298248" m_ty="-247.368423"/>
  </frame>
  <frame idx="600" w="303" h="479" x="-18.798248" y="-143.368423">
   <element name="warchair02" layername="warchair" frame="0" z_index="2" m_a="1.000000" m_b="0.000000" m_c="0.000000" m_d="1.000000" m_tx="-119.298248" m_ty="-247.368423"/>
  </frame>
  <frame idx="625" w="303" h="479" x="-18.798248" y="-143.368423">
   <element name="warchair02" layername="warchair" frame="0" z_index="2" m_a="1.000000" m_b="0.000000" m_c="0.000000" m_d="1.000000" m_tx="-119.298248" m_ty="-247.368423"/>
  </frame>
  <frame idx="650" w="303" h="479" x="-18.798248" y="-143.368423">
   <element name="warchair02" layername="warchair" frame="0" z_index="2" m_a="1.000000" m_b="0.000000" m_c="0.000000" m_d="1.000000" m_tx="-119.298248" m_ty="-247.368423"/>
  </frame>
  <frame idx="675" w="303" h="479" x="-18.798248" y="-143.368423">
   <element name="warchair02" layername="warchair" frame="0" z_index="2" m_a="1.000000" m_b="0.000000" m_c="0.000000" m_d="1.000000" m_tx="-119.298248" m_ty="-247.368423"/>
  </frame>
  <frame idx="700" w="303" h="479" x="-18.798248" y="-143.368423">
   <element name="warchair02" layername="warchair" frame="0" z_index="2" m_a="1.000000" m_b="0.000000" m_c="0.000000" m_d="1.000000" m_tx="-119.298248" m_ty="-247.368423"/>
  </frame>
  <frame idx="725" w="303" h="479" x="-18.798248" y="-143.368423">
   <element name="warchair02" layername="warchair" frame="0" z_index="2" m_a="1.000000" m_b="0.000000" m_c="0.000000" m_d="1.000000" m_tx="-119.298248" m_ty="-247.368423"/>
  </frame>
  <frame idx="750" w="303" h="479" x="-18.798248" y="-143.368423">
   <element name="warchair02" layername="warchair" frame="0" z_index="2" m_a="1.000000" m_b="0.000000" m_c="0.000000" m_d="1.000000" m_tx="-119.298248" m_ty="-247.368423"/>
  </frame>
  <frame idx="775" w="303" h="479" x="-18.798248" y="-143.368423">
   <element name="warchair02" layername="warchair" frame="0" z_index="2" m_a="1.000000" m_b="0.000000" m_c="0.000000" m_d="1.000000" m_tx="-119.298248" m_ty="-247.368423"/>
  </frame>
  <frame idx="800" w="303" h="479" x="-18.798248" y="-143.368423">
   <element name="warchair02" layername="warchair" frame="0" z_index="2" m_a="1.000000" m_b="0.000000" m_c="0.000000" m_d="1.000000" m_tx="-119.298248" m_ty="-247.368423"/>
  </frame>
  <frame idx="825" w="303" h="479" x="-18.798248" y="-143.368423">
   <element name="warchair02" layername="warchair" frame="0" z_index="2" m_a="1.000000" m_b="0.000000" m_c="0.000000" m_d="1.000000" m_tx="-119.298248" m_ty="-247.368423"/>
  </frame>
  <frame idx="850" w="303" h="479" x="-18.798248" y="-143.368423">
   <element name="warchair02" layername="warchair" frame="0" z_index="2" m_a="1.000000" m_b="0.000000" m_c="0.000000" m_d="1.000000" m_tx="-119.298248" m_ty="-247.368423"/>
  </frame>
  <frame idx="875" w="303" h="479" x="-18.798248" y="-143.368423">
   <element name="warchair02" layername="warchair" frame="0" z_index="2" m_a="1.000000" m_b="0.000000" m_c="0.000000" m_d="1.000000" m_tx="-119.298248" m_ty="-247.368423"/>
  </frame>
  <frame idx="900" w="303" h="479" x="-18.798248" y="-143.368423">
   <element name="warchair02" layername="warchair" frame="0" z_index="2" m_a="1.000000" m_b="0.000000" m_c="0.000000" m_d="1.000000" m_tx="-119.298248" m_ty="-247.368423"/>
  </frame>
  <frame idx="925" w="303" h="479" x="-18.798248" y="-143.368423">
   <element name="warchair02" layername="warchair" frame="0" z_index="2" m_a="1.000000" m_b="0.000000" m_c="0.000000" m_d="1.000000" m_tx="-119.298248" m_ty="-247.368423"/>
  </frame>
  <frame idx="950" w="303" h="479" x="-18.798248" y="-143.368423">
   <element name="warchair02" layername="warchair" frame="0" z_index="2" m_a="1.000000" m_b="0.000000" m_c="0.000000" m_d="1.000000" m_tx="-119.298248" m_ty="-247.368423"/>
  </frame>
  <frame idx="975" w="303" h="479" x="-18.798248" y="-143.368423">
   <element name="warchair02" layername="warchair" frame="0" z_index="2" m_a="1.000000" m_b="0.000000" m_c="0.000000" m_d="1.000000" m_tx="-119.298248" m_ty="-247.368423"/>
  </frame>
 </anim>
 <anim name="hit" root="warchair2" numframes="1000" framerate="40">
  <frame idx="0" w="303" h="479" x="-18.798248" y="-143.368423">
   <element name="warchair02" layername="warchair" frame="0" z_index="2" m_a="1.000000" m_b="0.000000" m_c="0.000000" m_d="1.000000" m_tx="-119.298248" m_ty="-247.368423"/>
  </frame>
  <frame idx="25" w="321" h="405" x="-22.446259" y="-117.607681">
   <element name="warchair02" layername="warchair" frame="0" z_index="2" m_a="1.057319" m_b="0.000000" m_c="0.000000" m_d="0.863247" m_tx="-128.668488" m_ty="-207.915314"/>
  </frame>
  <frame idx="50" w="338" h="332" x="-26.094282" y="-91.846947">
   <element name="warchair02" layername="warchair" frame="0" z_index="2" m_a="1.114638" m_b="0.000000" m_c="0.000000" m_d="0.726495" m_tx="-138.038727" m_ty="-168.462204"/>
  </frame>
  <frame idx="75" w="356" h="258" x="-29.742277" y="-65.586220">
   <element name="warchair02" layername="warchair" frame="0" z_index="2" m_a="1.171958" m_b="0.000000" m_c="0.000000" m_d="0.589742" m_tx="-147.408951" m_ty="-129.009109"/>
  </frame>
  <frame idx="100" w="341" h="318" x="-26.480333" y="-86.795425">
   <element name="warchair02" layername="warchair" frame="0" z_index="2" m_a="1.124940" m_b="0.000000" m_c="0.000000" m_d="0.701917" m_tx="-139.722794" m_ty="-161.371460"/>
  </frame>
  <frame idx="125" w="323" h="397" x="-22.685205" y="-114.909653">
   <element name="warchair02" layername="warchair" frame="0" z_index="2" m_a="1.063695" m_b="0.000000" m_c="0.000000" m_d="0.848036" m_tx="-129.710770" m_ty="-203.526840"/>
  </frame>
  <frame idx="150" w="304" h="476" x="-18.890062" y="-142.523849">
   <element name="warchair02" layername="warchair" frame="0" z_index="2" m_a="1.002450" m_b="0.000000" m_c="0.000000" m_d="0.994155" m_tx="-119.698730" m_ty="-245.682205"/>
  </frame>
  <frame idx="175" w="303" h="479" x="-18.798248" y="-143.368423">
   <element name="warchair02" layername="warchair" frame="0" z_index="2" m_a="1.000000" m_b="0.000000" m_c="0.000000" m_d="1.000000" m_tx="-119.298248" m_ty="-247.368423"/>
  </frame>
  <frame idx="200" w="303" h="479" x="-18.798248" y="-143.368423">
   <element name="warchair02" layername="warchair" frame="0" z_index="2" m_a="1.000000" m_b="0.000000" m_c="0.000000" m_d="1.000000" m_tx="-119.298248" m_ty="-247.368423"/>
  </frame>
  <frame idx="225" w="303" h="479" x="-18.798248" y="-143.368423">
   <element name="warchair02" layername="warchair" frame="0" z_index="2" m_a="1.000000" m_b="0.000000" m_c="0.000000" m_d="1.000000" m_tx="-119.298248" m_ty="-247.368423"/>
  </frame>
  <frame idx="250" w="303" h="479" x="-18.798248" y="-143.368423">
   <element name="warchair02" layername="warchair" frame="0" z_index="2" m_a="1.000000" m_b="0.000000" m_c="0.000000" m_d="1.000000" m_tx="-119.298248" m_ty="-247.368423"/>
  </frame>
  <frame idx="275" w="303" h="479" x="-18.798248" y="-143.368423">
   <element name="warchair02" layername="warchair" frame="0" z_index="2" m_a="1.000000" m_b="0.000000" m_c="0.000000" m_d="1.000000" m_tx="-119.298248" m_ty="-247.368423"/>
  </frame>
  <frame idx="300" w="303" h="479" x="-18.798248" y="-143.368423">
   <element name="warchair02" layername="warchair" frame="0" z_index="2" m_a="1.000000" m_b="0.000000" m_c="0.000000" m_d="1.000000" m_tx="-119.298248" m_ty="-247.368423"/>
  </frame>
  <frame idx="325" w="303" h="479" x="-18.798248" y="-143.368423">
   <element name="warchair02" layername="warchair" frame="0" z_index="2" m_a="1.000000" m_b="0.000000" m_c="0.000000" m_d="1.000000" m_tx="-119.298248" m_ty="-247.368423"/>
  </frame>
  <frame idx="350" w="303" h="479" x="-18.798248" y="-143.368423">
   <element name="warchair02" layername="warchair" frame="0" z_index="2" m_a="1.000000" m_b="0.000000" m_c="0.000000" m_d="1.000000" m_tx="-119.298248" m_ty="-247.368423"/>
  </frame>
  <frame idx="375" w="303" h="479" x="-18.798248" y="-143.368423">
   <element name="warchair02" layername="warchair" frame="0" z_index="2" m_a="1.000000" m_b="0.000000" m_c="0.000000" m_d="1.000000" m_tx="-119.298248" m_ty="-247.368423"/>
  </frame>
  <frame idx="400" w="303" h="479" x="-18.798248" y="-143.368423">
   <element name="warchair02" layername="warchair" frame="0" z_index="2" m_a="1.000000" m_b="0.000000" m_c="0.000000" m_d="1.000000" m_tx="-119.298248" m_ty="-247.368423"/>
  </frame>
  <frame idx="425" w="303" h="479" x="-18.798248" y="-143.368423">
   <element name="warchair02" layername="warchair" frame="0" z_index="2" m_a="1.000000" m_b="0.000000" m_c="0.000000" m_d="1.000000" m_tx="-119.298248" m_ty="-247.368423"/>
  </frame>
  <frame idx="450" w="303" h="479" x="-18.798248" y="-143.368423">
   <element name="warchair02" layername="warchair" frame="0" z_index="2" m_a="1.000000" m_b="0.000000" m_c="0.000000" m_d="1.000000" m_tx="-119.298248" m_ty="-247.368423"/>
  </frame>
  <frame idx="475" w="303" h="479" x="-18.798248" y="-143.368423">
   <element name="warchair02" layername="warchair" frame="0" z_index="2" m_a="1.000000" m_b="0.000000" m_c="0.000000" m_d="1.000000" m_tx="-119.298248" m_ty="-247.368423"/>
  </frame>
  <frame idx="500" w="303" h="479" x="-18.798248" y="-143.368423">
   <element name="warchair02" layername="warchair" frame="0" z_index="2" m_a="1.000000" m_b="0.000000" m_c="0.000000" m_d="1.000000" m_tx="-119.298248" m_ty="-247.368423"/>
  </frame>
  <frame idx="525" w="303" h="479" x="-18.798248" y="-143.368423">
   <element name="warchair02" layername="warchair" frame="0" z_index="2" m_a="1.000000" m_b="0.000000" m_c="0.000000" m_d="1.000000" m_tx="-119.298248" m_ty="-247.368423"/>
  </frame>
  <frame idx="550" w="303" h="479" x="-18.798248" y="-143.368423">
   <element name="warchair02" layername="warchair" frame="0" z_index="2" m_a="1.000000" m_b="0.000000" m_c="0.000000" m_d="1.000000" m_tx="-119.298248" m_ty="-247.368423"/>
  </frame>
  <frame idx="575" w="303" h="479" x="-18.798248" y="-143.368423">
   <element name="warchair02" layername="warchair" frame="0" z_index="2" m_a="1.000000" m_b="0.000000" m_c="0.000000" m_d="1.000000" m_tx="-119.298248" m_ty="-247.368423"/>
  </frame>
  <frame idx="600" w="303" h="479" x="-18.798248" y="-143.368423">
   <element name="warchair02" layername="warchair" frame="0" z_index="2" m_a="1.000000" m_b="0.000000" m_c="0.000000" m_d="1.000000" m_tx="-119.298248" m_ty="-247.368423"/>
  </frame>
  <frame idx="625" w="303" h="479" x="-18.798248" y="-143.368423">
   <element name="warchair02" layername="warchair" frame="0" z_index="2" m_a="1.000000" m_b="0.000000" m_c="0.000000" m_d="1.000000" m_tx="-119.298248" m_ty="-247.368423"/>
  </frame>
  <frame idx="650" w="303" h="479" x="-18.798248" y="-143.368423">
   <element name="warchair02" layername="warchair" frame="0" z_index="2" m_a="1.000000" m_b="0.000000" m_c="0.000000" m_d="1.000000" m_tx="-119.298248" m_ty="-247.368423"/>
  </frame>
  <frame idx="675" w="303" h="479" x="-18.798248" y="-143.368423">
   <element name="warchair02" layername="warchair" frame="0" z_index="2" m_a="1.000000" m_b="0.000000" m_c="0.000000" m_d="1.000000" m_tx="-119.298248" m_ty="-247.368423"/>
  </frame>
  <frame idx="700" w="303" h="479" x="-18.798248" y="-143.368423">
   <element name="warchair02" layername="warchair" frame="0" z_index="2" m_a="1.000000" m_b="0.000000" m_c="0.000000" m_d="1.000000" m_tx="-119.298248" m_ty="-247.368423"/>
  </frame>
  <frame idx="725" w="303" h="479" x="-18.798248" y="-143.368423">
   <element name="warchair02" layername="warchair" frame="0" z_index="2" m_a="1.000000" m_b="0.000000" m_c="0.000000" m_d="1.000000" m_tx="-119.298248" m_ty="-247.368423"/>
  </frame>
  <frame idx="750" w="303" h="479" x="-18.798248" y="-143.368423">
   <element name="warchair02" layername="warchair" frame="0" z_index="2" m_a="1.000000" m_b="0.000000" m_c="0.000000" m_d="1.000000" m_tx="-119.298248" m_ty="-247.368423"/>
  </frame>
  <frame idx="775" w="303" h="479" x="-18.798248" y="-143.368423">
   <element name="warchair02" layername="warchair" frame="0" z_index="2" m_a="1.000000" m_b="0.000000" m_c="0.000000" m_d="1.000000" m_tx="-119.298248" m_ty="-247.368423"/>
  </frame>
  <frame idx="800" w="303" h="479" x="-18.798248" y="-143.368423">
   <element name="warchair02" layername="warchair" frame="0" z_index="2" m_a="1.000000" m_b="0.000000" m_c="0.000000" m_d="1.000000" m_tx="-119.298248" m_ty="-247.368423"/>
  </frame>
  <frame idx="825" w="303" h="479" x="-18.798248" y="-143.368423">
   <element name="warchair02" layername="warchair" frame="0" z_index="2" m_a="1.000000" m_b="0.000000" m_c="0.000000" m_d="1.000000" m_tx="-119.298248" m_ty="-247.368423"/>
  </frame>
  <frame idx="850" w="303" h="479" x="-18.798248" y="-143.368423">
   <element name="warchair02" layername="warchair" frame="0" z_index="2" m_a="1.000000" m_b="0.000000" m_c="0.000000" m_d="1.000000" m_tx="-119.298248" m_ty="-247.368423"/>
  </frame>
  <frame idx="875" w="303" h="479" x="-18.798248" y="-143.368423">
   <element name="warchair02" layername="warchair" frame="0" z_index="2" m_a="1.000000" m_b="0.000000" m_c="0.000000" m_d="1.000000" m_tx="-119.298248" m_ty="-247.368423"/>
  </frame>
  <frame idx="900" w="303" h="479" x="-18.798248" y="-143.368423">
   <element name="warchair02" layername="warchair" frame="0" z_index="2" m_a="1.000000" m_b="0.000000" m_c="0.000000" m_d="1.000000" m_tx="-119.298248" m_ty="-247.368423"/>
  </frame>
  <frame idx="925" w="303" h="479" x="-18.798248" y="-143.368423">
   <element name="warchair02" layername="warchair" frame="0" z_index="2" m_a="1.000000" m_b="0.000000" m_c="0.000000" m_d="1.000000" m_tx="-119.298248" m_ty="-247.368423"/>
  </frame>
  <frame idx="950" w="303" h="479" x="-18.798248" y="-143.368423">
   <element name="warchair02" layername="warchair" frame="0" z_index="2" m_a="1.000000" m_b="0.000000" m_c="0.000000" m_d="1.000000" m_tx="-119.298248" m_ty="-247.368423"/>
  </frame>
  <frame idx="975" w="303" h="479" x="-18.798248" y="-143.368423">
   <element name="warchair02" layername="warchair" frame="0" z_index="2" m_a="1.000000" m_b="0.000000" m_c="0.000000" m_d="1.000000" m_tx="-119.298248" m_ty="-247.368423"/>
  </frame>
 </anim>
</Anims>
