<Anims>
 <anim name="idle" root="authorchair1" numframes="300" framerate="40">
  <frame idx="0" w="308" h="478" x="-34.404999" y="-151.688889">
   <element name="achair01" layername="authorchair" frame="0" z_index="2" m_a="1.015313" m_b="0.000000" m_c="0.000000" m_d="1.020911" m_tx="-136.334442" m_ty="-258.700073"/>
  </frame>
  <frame idx="25" w="308" h="478" x="-34.404999" y="-151.688889">
   <element name="achair01" layername="authorchair" frame="0" z_index="2" m_a="1.015313" m_b="0.000000" m_c="0.000000" m_d="1.020911" m_tx="-136.334442" m_ty="-258.700073"/>
  </frame>
  <frame idx="50" w="308" h="478" x="-34.404999" y="-151.688889">
   <element name="achair01" layername="authorchair" frame="0" z_index="2" m_a="1.015313" m_b="0.000000" m_c="0.000000" m_d="1.020911" m_tx="-136.334442" m_ty="-258.700073"/>
  </frame>
  <frame idx="75" w="308" h="478" x="-34.404999" y="-151.688889">
   <element name="achair01" layername="authorchair" frame="0" z_index="2" m_a="1.015313" m_b="0.000000" m_c="0.000000" m_d="1.020911" m_tx="-136.334442" m_ty="-258.700073"/>
  </frame>
  <frame idx="100" w="308" h="478" x="-34.404999" y="-151.688889">
   <element name="achair01" layername="authorchair" frame="0" z_index="2" m_a="1.015313" m_b="0.000000" m_c="0.000000" m_d="1.020911" m_tx="-136.334442" m_ty="-258.700073"/>
  </frame>
  <frame idx="125" w="308" h="478" x="-34.404999" y="-151.688889">
   <element name="achair01" layername="authorchair" frame="0" z_index="2" m_a="1.015313" m_b="0.000000" m_c="0.000000" m_d="1.020911" m_tx="-136.334442" m_ty="-258.700073"/>
  </frame>
  <frame idx="150" w="308" h="478" x="-34.404999" y="-151.688889">
   <element name="achair01" layername="authorchair" frame="0" z_index="2" m_a="1.015313" m_b="0.000000" m_c="0.000000" m_d="1.020911" m_tx="-136.334442" m_ty="-258.700073"/>
  </frame>
  <frame idx="175" w="308" h="478" x="-34.404999" y="-151.688889">
   <element name="achair01" layername="authorchair" frame="0" z_index="2" m_a="1.015313" m_b="0.000000" m_c="0.000000" m_d="1.020911" m_tx="-136.334442" m_ty="-258.700073"/>
  </frame>
  <frame idx="200" w="308" h="478" x="-34.404999" y="-151.688889">
   <element name="achair01" layername="authorchair" frame="0" z_index="2" m_a="1.015313" m_b="0.000000" m_c="0.000000" m_d="1.020911" m_tx="-136.334442" m_ty="-258.700073"/>
  </frame>
  <frame idx="225" w="308" h="478" x="-34.404999" y="-151.688889">
   <element name="achair01" layername="authorchair" frame="0" z_index="2" m_a="1.015313" m_b="0.000000" m_c="0.000000" m_d="1.020911" m_tx="-136.334442" m_ty="-258.700073"/>
  </frame>
  <frame idx="250" w="308" h="478" x="-34.404999" y="-151.688889">
   <element name="achair01" layername="authorchair" frame="0" z_index="2" m_a="1.015313" m_b="0.000000" m_c="0.000000" m_d="1.020911" m_tx="-136.334442" m_ty="-258.700073"/>
  </frame>
  <frame idx="275" w="308" h="478" x="-34.404999" y="-151.688889">
   <element name="achair01" layername="authorchair" frame="0" z_index="2" m_a="1.015313" m_b="0.000000" m_c="0.000000" m_d="1.020911" m_tx="-136.334442" m_ty="-258.700073"/>
  </frame>
 </anim>
 <anim name="hit" root="authorchair1" numframes="300" framerate="40">
  <frame idx="0" w="308" h="478" x="-34.404999" y="-151.688889">
   <element name="achair01" layername="authorchair" frame="0" z_index="2" m_a="1.015313" m_b="0.000000" m_c="0.000000" m_d="1.020911" m_tx="-136.334442" m_ty="-258.700073"/>
  </frame>
  <frame idx="25" w="326" h="442" x="-35.487793" y="-138.585510">
   <element name="achair01" layername="authorchair" frame="0" z_index="2" m_a="1.074333" m_b="0.000000" m_c="0.000000" m_d="0.950991" m_tx="-143.353806" m_ty="-238.528259"/>
  </frame>
  <frame idx="50" w="344" h="406" x="-36.570602" y="-125.482140">
   <element name="achair01" layername="authorchair" frame="0" z_index="2" m_a="1.133354" m_b="0.000000" m_c="0.000000" m_d="0.881072" m_tx="-150.373169" m_ty="-218.356461"/>
  </frame>
  <frame idx="75" w="353" h="388" x="-36.853661" y="-118.728363">
   <element name="achair01" layername="authorchair" frame="0" z_index="2" m_a="1.164044" m_b="0.000000" m_c="0.000000" m_d="0.844714" m_tx="-154.023239" m_ty="-207.867111"/>
  </frame>
  <frame idx="100" w="328" h="437" x="-35.437748" y="-136.873108">
   <element name="achair01" layername="authorchair" frame="0" z_index="2" m_a="1.081416" m_b="0.000000" m_c="0.000000" m_d="0.942601" m_tx="-144.196136" m_ty="-236.107651"/>
  </frame>
  <frame idx="125" w="308" h="478" x="-34.404999" y="-151.688889">
   <element name="achair01" layername="authorchair" frame="0" z_index="2" m_a="1.015313" m_b="0.000000" m_c="0.000000" m_d="1.020911" m_tx="-136.334442" m_ty="-258.700073"/>
  </frame>
  <frame idx="150" w="308" h="478" x="-34.404999" y="-151.688889">
   <element name="achair01" layername="authorchair" frame="0" z_index="2" m_a="1.015313" m_b="0.000000" m_c="0.000000" m_d="1.020911" m_tx="-136.334442" m_ty="-258.700073"/>
  </frame>
  <frame idx="175" w="308" h="478" x="-34.404999" y="-151.688889">
   <element name="achair01" layername="authorchair" frame="0" z_index="2" m_a="1.015313" m_b="0.000000" m_c="0.000000" m_d="1.020911" m_tx="-136.334442" m_ty="-258.700073"/>
  </frame>
  <frame idx="200" w="308" h="478" x="-34.404999" y="-151.688889">
   <element name="achair01" layername="authorchair" frame="0" z_index="2" m_a="1.015313" m_b="0.000000" m_c="0.000000" m_d="1.020911" m_tx="-136.334442" m_ty="-258.700073"/>
  </frame>
  <frame idx="225" w="308" h="478" x="-34.404999" y="-151.688889">
   <element name="achair01" layername="authorchair" frame="0" z_index="2" m_a="1.015313" m_b="0.000000" m_c="0.000000" m_d="1.020911" m_tx="-136.334442" m_ty="-258.700073"/>
  </frame>
  <frame idx="250" w="308" h="478" x="-34.404999" y="-151.688889">
   <element name="achair01" layername="authorchair" frame="0" z_index="2" m_a="1.015313" m_b="0.000000" m_c="0.000000" m_d="1.020911" m_tx="-136.334442" m_ty="-258.700073"/>
  </frame>
  <frame idx="275" w="308" h="478" x="-34.404999" y="-151.688889">
   <element name="achair01" layername="authorchair" frame="0" z_index="2" m_a="1.015313" m_b="0.000000" m_c="0.000000" m_d="1.020911" m_tx="-136.334442" m_ty="-258.700073"/>
  </frame>
 </anim>
</Anims>
