<Anims>
 <anim name="idle" root="pigroast" numframes="1000" framerate="40">
  <frame idx="0" w="768" h="765" x="-62.929405" y="-253.347488">
   <element name="pigroast01" layername="pigroast" frame="0" z_index="2" m_a="1.537820" m_b="0.000000" m_c="0.000000" m_d="1.438558" m_tx="-318.795959" m_ty="-412.323975"/>
  </frame>
  <frame idx="25" w="768" h="765" x="-62.929405" y="-253.347488">
   <element name="pigroast01" layername="pigroast" frame="0" z_index="2" m_a="1.537820" m_b="0.000000" m_c="0.000000" m_d="1.438558" m_tx="-318.795959" m_ty="-412.323975"/>
  </frame>
  <frame idx="50" w="768" h="765" x="-62.929405" y="-253.347488">
   <element name="pigroast01" layername="pigroast" frame="0" z_index="2" m_a="1.537820" m_b="0.000000" m_c="0.000000" m_d="1.438558" m_tx="-318.795959" m_ty="-412.323975"/>
  </frame>
  <frame idx="75" w="768" h="765" x="-62.929405" y="-253.347488">
   <element name="pigroast01" layername="pigroast" frame="0" z_index="2" m_a="1.537820" m_b="0.000000" m_c="0.000000" m_d="1.438558" m_tx="-318.795959" m_ty="-412.323975"/>
  </frame>
  <frame idx="100" w="768" h="765" x="-62.929405" y="-253.347488">
   <element name="pigroast01" layername="pigroast" frame="0" z_index="2" m_a="1.537820" m_b="0.000000" m_c="0.000000" m_d="1.438558" m_tx="-318.795959" m_ty="-412.323975"/>
  </frame>
  <frame idx="125" w="768" h="765" x="-62.929405" y="-253.347488">
   <element name="pigroast01" layername="pigroast" frame="0" z_index="2" m_a="1.537820" m_b="0.000000" m_c="0.000000" m_d="1.438558" m_tx="-318.795959" m_ty="-412.323975"/>
  </frame>
  <frame idx="150" w="768" h="765" x="-62.929405" y="-253.347488">
   <element name="pigroast01" layername="pigroast" frame="0" z_index="2" m_a="1.537820" m_b="0.000000" m_c="0.000000" m_d="1.438558" m_tx="-318.795959" m_ty="-412.323975"/>
  </frame>
  <frame idx="175" w="768" h="765" x="-62.929405" y="-253.347488">
   <element name="pigroast01" layername="pigroast" frame="0" z_index="2" m_a="1.537820" m_b="0.000000" m_c="0.000000" m_d="1.438558" m_tx="-318.795959" m_ty="-412.323975"/>
  </frame>
  <frame idx="200" w="768" h="765" x="-62.929405" y="-253.347488">
   <element name="pigroast01" layername="pigroast" frame="0" z_index="2" m_a="1.537820" m_b="0.000000" m_c="0.000000" m_d="1.438558" m_tx="-318.795959" m_ty="-412.323975"/>
  </frame>
  <frame idx="225" w="768" h="765" x="-62.929405" y="-253.347488">
   <element name="pigroast01" layername="pigroast" frame="0" z_index="2" m_a="1.537820" m_b="0.000000" m_c="0.000000" m_d="1.438558" m_tx="-318.795959" m_ty="-412.323975"/>
  </frame>
  <frame idx="250" w="768" h="765" x="-62.929405" y="-253.347488">
   <element name="pigroast01" layername="pigroast" frame="0" z_index="2" m_a="1.537820" m_b="0.000000" m_c="0.000000" m_d="1.438558" m_tx="-318.795959" m_ty="-412.323975"/>
  </frame>
  <frame idx="275" w="768" h="765" x="-62.929405" y="-253.347488">
   <element name="pigroast01" layername="pigroast" frame="0" z_index="2" m_a="1.537820" m_b="0.000000" m_c="0.000000" m_d="1.438558" m_tx="-318.795959" m_ty="-412.323975"/>
  </frame>
  <frame idx="300" w="768" h="765" x="-62.929405" y="-253.347488">
   <element name="pigroast01" layername="pigroast" frame="0" z_index="2" m_a="1.537820" m_b="0.000000" m_c="0.000000" m_d="1.438558" m_tx="-318.795959" m_ty="-412.323975"/>
  </frame>
  <frame idx="325" w="768" h="765" x="-62.929405" y="-253.347488">
   <element name="pigroast01" layername="pigroast" frame="0" z_index="2" m_a="1.537820" m_b="0.000000" m_c="0.000000" m_d="1.438558" m_tx="-318.795959" m_ty="-412.323975"/>
  </frame>
  <frame idx="350" w="768" h="765" x="-62.929405" y="-253.347488">
   <element name="pigroast01" layername="pigroast" frame="0" z_index="2" m_a="1.537820" m_b="0.000000" m_c="0.000000" m_d="1.438558" m_tx="-318.795959" m_ty="-412.323975"/>
  </frame>
  <frame idx="375" w="768" h="765" x="-62.929405" y="-253.347488">
   <element name="pigroast01" layername="pigroast" frame="0" z_index="2" m_a="1.537820" m_b="0.000000" m_c="0.000000" m_d="1.438558" m_tx="-318.795959" m_ty="-412.323975"/>
  </frame>
  <frame idx="400" w="768" h="765" x="-62.929405" y="-253.347488">
   <element name="pigroast01" layername="pigroast" frame="0" z_index="2" m_a="1.537820" m_b="0.000000" m_c="0.000000" m_d="1.438558" m_tx="-318.795959" m_ty="-412.323975"/>
  </frame>
  <frame idx="425" w="768" h="765" x="-62.929405" y="-253.347488">
   <element name="pigroast01" layername="pigroast" frame="0" z_index="2" m_a="1.537820" m_b="0.000000" m_c="0.000000" m_d="1.438558" m_tx="-318.795959" m_ty="-412.323975"/>
  </frame>
  <frame idx="450" w="768" h="765" x="-62.929405" y="-253.347488">
   <element name="pigroast01" layername="pigroast" frame="0" z_index="2" m_a="1.537820" m_b="0.000000" m_c="0.000000" m_d="1.438558" m_tx="-318.795959" m_ty="-412.323975"/>
  </frame>
  <frame idx="475" w="768" h="765" x="-62.929405" y="-253.347488">
   <element name="pigroast01" layername="pigroast" frame="0" z_index="2" m_a="1.537820" m_b="0.000000" m_c="0.000000" m_d="1.438558" m_tx="-318.795959" m_ty="-412.323975"/>
  </frame>
  <frame idx="500" w="768" h="765" x="-62.929405" y="-253.347488">
   <element name="pigroast01" layername="pigroast" frame="0" z_index="2" m_a="1.537820" m_b="0.000000" m_c="0.000000" m_d="1.438558" m_tx="-318.795959" m_ty="-412.323975"/>
  </frame>
  <frame idx="525" w="768" h="765" x="-62.929405" y="-253.347488">
   <element name="pigroast01" layername="pigroast" frame="0" z_index="2" m_a="1.537820" m_b="0.000000" m_c="0.000000" m_d="1.438558" m_tx="-318.795959" m_ty="-412.323975"/>
  </frame>
  <frame idx="550" w="768" h="765" x="-62.929405" y="-253.347488">
   <element name="pigroast01" layername="pigroast" frame="0" z_index="2" m_a="1.537820" m_b="0.000000" m_c="0.000000" m_d="1.438558" m_tx="-318.795959" m_ty="-412.323975"/>
  </frame>
  <frame idx="575" w="768" h="765" x="-62.929405" y="-253.347488">
   <element name="pigroast01" layername="pigroast" frame="0" z_index="2" m_a="1.537820" m_b="0.000000" m_c="0.000000" m_d="1.438558" m_tx="-318.795959" m_ty="-412.323975"/>
  </frame>
  <frame idx="600" w="768" h="765" x="-62.929405" y="-253.347488">
   <element name="pigroast01" layername="pigroast" frame="0" z_index="2" m_a="1.537820" m_b="0.000000" m_c="0.000000" m_d="1.438558" m_tx="-318.795959" m_ty="-412.323975"/>
  </frame>
  <frame idx="625" w="768" h="765" x="-62.929405" y="-253.347488">
   <element name="pigroast01" layername="pigroast" frame="0" z_index="2" m_a="1.537820" m_b="0.000000" m_c="0.000000" m_d="1.438558" m_tx="-318.795959" m_ty="-412.323975"/>
  </frame>
  <frame idx="650" w="768" h="765" x="-62.929405" y="-253.347488">
   <element name="pigroast01" layername="pigroast" frame="0" z_index="2" m_a="1.537820" m_b="0.000000" m_c="0.000000" m_d="1.438558" m_tx="-318.795959" m_ty="-412.323975"/>
  </frame>
  <frame idx="675" w="768" h="765" x="-62.929405" y="-253.347488">
   <element name="pigroast01" layername="pigroast" frame="0" z_index="2" m_a="1.537820" m_b="0.000000" m_c="0.000000" m_d="1.438558" m_tx="-318.795959" m_ty="-412.323975"/>
  </frame>
  <frame idx="700" w="768" h="765" x="-62.929405" y="-253.347488">
   <element name="pigroast01" layername="pigroast" frame="0" z_index="2" m_a="1.537820" m_b="0.000000" m_c="0.000000" m_d="1.438558" m_tx="-318.795959" m_ty="-412.323975"/>
  </frame>
  <frame idx="725" w="768" h="765" x="-62.929405" y="-253.347488">
   <element name="pigroast01" layername="pigroast" frame="0" z_index="2" m_a="1.537820" m_b="0.000000" m_c="0.000000" m_d="1.438558" m_tx="-318.795959" m_ty="-412.323975"/>
  </frame>
  <frame idx="750" w="768" h="765" x="-62.929405" y="-253.347488">
   <element name="pigroast01" layername="pigroast" frame="0" z_index="2" m_a="1.537820" m_b="0.000000" m_c="0.000000" m_d="1.438558" m_tx="-318.795959" m_ty="-412.323975"/>
  </frame>
  <frame idx="775" w="768" h="765" x="-62.929405" y="-253.347488">
   <element name="pigroast01" layername="pigroast" frame="0" z_index="2" m_a="1.537820" m_b="0.000000" m_c="0.000000" m_d="1.438558" m_tx="-318.795959" m_ty="-412.323975"/>
  </frame>
  <frame idx="800" w="768" h="765" x="-62.929405" y="-253.347488">
   <element name="pigroast01" layername="pigroast" frame="0" z_index="2" m_a="1.537820" m_b="0.000000" m_c="0.000000" m_d="1.438558" m_tx="-318.795959" m_ty="-412.323975"/>
  </frame>
  <frame idx="825" w="768" h="765" x="-62.929405" y="-253.347488">
   <element name="pigroast01" layername="pigroast" frame="0" z_index="2" m_a="1.537820" m_b="0.000000" m_c="0.000000" m_d="1.438558" m_tx="-318.795959" m_ty="-412.323975"/>
  </frame>
  <frame idx="850" w="768" h="765" x="-62.929405" y="-253.347488">
   <element name="pigroast01" layername="pigroast" frame="0" z_index="2" m_a="1.537820" m_b="0.000000" m_c="0.000000" m_d="1.438558" m_tx="-318.795959" m_ty="-412.323975"/>
  </frame>
  <frame idx="875" w="768" h="765" x="-62.929405" y="-253.347488">
   <element name="pigroast01" layername="pigroast" frame="0" z_index="2" m_a="1.537820" m_b="0.000000" m_c="0.000000" m_d="1.438558" m_tx="-318.795959" m_ty="-412.323975"/>
  </frame>
  <frame idx="900" w="768" h="765" x="-62.929405" y="-253.347488">
   <element name="pigroast01" layername="pigroast" frame="0" z_index="2" m_a="1.537820" m_b="0.000000" m_c="0.000000" m_d="1.438558" m_tx="-318.795959" m_ty="-412.323975"/>
  </frame>
  <frame idx="925" w="768" h="765" x="-62.929405" y="-253.347488">
   <element name="pigroast01" layername="pigroast" frame="0" z_index="2" m_a="1.537820" m_b="0.000000" m_c="0.000000" m_d="1.438558" m_tx="-318.795959" m_ty="-412.323975"/>
  </frame>
  <frame idx="950" w="768" h="765" x="-62.929405" y="-253.347488">
   <element name="pigroast01" layername="pigroast" frame="0" z_index="2" m_a="1.537820" m_b="0.000000" m_c="0.000000" m_d="1.438558" m_tx="-318.795959" m_ty="-412.323975"/>
  </frame>
  <frame idx="975" w="768" h="765" x="-62.929405" y="-253.347488">
   <element name="pigroast01" layername="pigroast" frame="0" z_index="2" m_a="1.537820" m_b="0.000000" m_c="0.000000" m_d="1.438558" m_tx="-318.795959" m_ty="-412.323975"/>
  </frame>
 </anim>
 <anim name="hit" root="pigroast" numframes="1000" framerate="40">
  <frame idx="0" w="768" h="765" x="-62.929405" y="-253.347488">
   <element name="pigroast01" layername="pigroast" frame="0" z_index="2" m_a="1.537820" m_b="0.000000" m_c="0.000000" m_d="1.438558" m_tx="-318.795959" m_ty="-412.323975"/>
  </frame>
  <frame idx="25" w="794" h="687" x="-65.465698" y="-225.152191">
   <element name="pigroast01" layername="pigroast" frame="0" z_index="2" m_a="1.588477" m_b="0.000000" m_c="0.000000" m_d="1.299038" m_tx="-329.368896" m_ty="-369.003143"/>
  </frame>
  <frame idx="50" w="819" h="609" x="-67.501999" y="-196.956924">
   <element name="pigroast01" layername="pigroast" frame="0" z_index="2" m_a="1.639134" m_b="0.000000" m_c="0.000000" m_d="1.159519" m_tx="-339.941803" m_ty="-325.682343"/>
  </frame>
  <frame idx="75" w="844" h="531" x="-69.538261" y="-168.761627">
   <element name="pigroast01" layername="pigroast" frame="0" z_index="2" m_a="1.689791" m_b="0.000000" m_c="0.000000" m_d="1.019999" m_tx="-350.514709" m_ty="-282.361511"/>
  </frame>
  <frame idx="100" w="871" h="453" x="-72.074554" y="-140.566315">
   <element name="pigroast01" layername="pigroast" frame="0" z_index="2" m_a="1.740447" m_b="0.000000" m_c="0.000000" m_d="0.880480" m_tx="-361.087616" m_ty="-239.040680"/>
  </frame>
  <frame idx="125" w="893" h="381" x="-73.607925" y="-114.613724">
   <element name="pigroast01" layername="pigroast" frame="0" z_index="2" m_a="1.787035" m_b="0.000000" m_c="0.000000" m_d="0.752167" m_tx="-370.811249" m_ty="-199.199631"/>
  </frame>
  <frame idx="150" w="868" h="460" x="-71.571358" y="-142.985382">
   <element name="pigroast01" layername="pigroast" frame="0" z_index="2" m_a="1.735967" m_b="0.000000" m_c="0.000000" m_d="0.892821" m_tx="-360.152405" m_ty="-242.872650"/>
  </frame>
  <frame idx="175" w="842" h="538" x="-69.534767" y="-171.357040">
   <element name="pigroast01" layername="pigroast" frame="0" z_index="2" m_a="1.684898" m_b="0.000000" m_c="0.000000" m_d="1.033475" m_tx="-349.493530" m_ty="-286.545654"/>
  </frame>
  <frame idx="200" w="817" h="617" x="-67.498199" y="-199.728729">
   <element name="pigroast01" layername="pigroast" frame="0" z_index="2" m_a="1.633829" m_b="0.000000" m_c="0.000000" m_d="1.174129" m_tx="-338.834656" m_ty="-330.218689"/>
  </frame>
  <frame idx="225" w="791" h="695" x="-64.961609" y="-228.100388">
   <element name="pigroast01" layername="pigroast" frame="0" z_index="2" m_a="1.582760" m_b="0.000000" m_c="0.000000" m_d="1.314783" m_tx="-328.175781" m_ty="-373.891693"/>
  </frame>
  <frame idx="250" w="768" h="765" x="-62.929405" y="-253.347488">
   <element name="pigroast01" layername="pigroast" frame="0" z_index="2" m_a="1.537820" m_b="0.000000" m_c="0.000000" m_d="1.438558" m_tx="-318.795959" m_ty="-412.323975"/>
  </frame>
  <frame idx="275" w="768" h="765" x="-62.929405" y="-253.347488">
   <element name="pigroast01" layername="pigroast" frame="0" z_index="2" m_a="1.537820" m_b="0.000000" m_c="0.000000" m_d="1.438558" m_tx="-318.795959" m_ty="-412.323975"/>
  </frame>
  <frame idx="300" w="768" h="765" x="-62.929405" y="-253.347488">
   <element name="pigroast01" layername="pigroast" frame="0" z_index="2" m_a="1.537820" m_b="0.000000" m_c="0.000000" m_d="1.438558" m_tx="-318.795959" m_ty="-412.323975"/>
  </frame>
  <frame idx="325" w="768" h="765" x="-62.929405" y="-253.347488">
   <element name="pigroast01" layername="pigroast" frame="0" z_index="2" m_a="1.537820" m_b="0.000000" m_c="0.000000" m_d="1.438558" m_tx="-318.795959" m_ty="-412.323975"/>
  </frame>
  <frame idx="350" w="768" h="765" x="-62.929405" y="-253.347488">
   <element name="pigroast01" layername="pigroast" frame="0" z_index="2" m_a="1.537820" m_b="0.000000" m_c="0.000000" m_d="1.438558" m_tx="-318.795959" m_ty="-412.323975"/>
  </frame>
  <frame idx="375" w="768" h="765" x="-62.929405" y="-253.347488">
   <element name="pigroast01" layername="pigroast" frame="0" z_index="2" m_a="1.537820" m_b="0.000000" m_c="0.000000" m_d="1.438558" m_tx="-318.795959" m_ty="-412.323975"/>
  </frame>
  <frame idx="400" w="768" h="765" x="-62.929405" y="-253.347488">
   <element name="pigroast01" layername="pigroast" frame="0" z_index="2" m_a="1.537820" m_b="0.000000" m_c="0.000000" m_d="1.438558" m_tx="-318.795959" m_ty="-412.323975"/>
  </frame>
  <frame idx="425" w="768" h="765" x="-62.929405" y="-253.347488">
   <element name="pigroast01" layername="pigroast" frame="0" z_index="2" m_a="1.537820" m_b="0.000000" m_c="0.000000" m_d="1.438558" m_tx="-318.795959" m_ty="-412.323975"/>
  </frame>
  <frame idx="450" w="768" h="765" x="-62.929405" y="-253.347488">
   <element name="pigroast01" layername="pigroast" frame="0" z_index="2" m_a="1.537820" m_b="0.000000" m_c="0.000000" m_d="1.438558" m_tx="-318.795959" m_ty="-412.323975"/>
  </frame>
  <frame idx="475" w="768" h="765" x="-62.929405" y="-253.347488">
   <element name="pigroast01" layername="pigroast" frame="0" z_index="2" m_a="1.537820" m_b="0.000000" m_c="0.000000" m_d="1.438558" m_tx="-318.795959" m_ty="-412.323975"/>
  </frame>
  <frame idx="500" w="768" h="765" x="-62.929405" y="-253.347488">
   <element name="pigroast01" layername="pigroast" frame="0" z_index="2" m_a="1.537820" m_b="0.000000" m_c="0.000000" m_d="1.438558" m_tx="-318.795959" m_ty="-412.323975"/>
  </frame>
  <frame idx="525" w="768" h="765" x="-62.929405" y="-253.347488">
   <element name="pigroast01" layername="pigroast" frame="0" z_index="2" m_a="1.537820" m_b="0.000000" m_c="0.000000" m_d="1.438558" m_tx="-318.795959" m_ty="-412.323975"/>
  </frame>
  <frame idx="550" w="768" h="765" x="-62.929405" y="-253.347488">
   <element name="pigroast01" layername="pigroast" frame="0" z_index="2" m_a="1.537820" m_b="0.000000" m_c="0.000000" m_d="1.438558" m_tx="-318.795959" m_ty="-412.323975"/>
  </frame>
  <frame idx="575" w="768" h="765" x="-62.929405" y="-253.347488">
   <element name="pigroast01" layername="pigroast" frame="0" z_index="2" m_a="1.537820" m_b="0.000000" m_c="0.000000" m_d="1.438558" m_tx="-318.795959" m_ty="-412.323975"/>
  </frame>
  <frame idx="600" w="768" h="765" x="-62.929405" y="-253.347488">
   <element name="pigroast01" layername="pigroast" frame="0" z_index="2" m_a="1.537820" m_b="0.000000" m_c="0.000000" m_d="1.438558" m_tx="-318.795959" m_ty="-412.323975"/>
  </frame>
  <frame idx="625" w="768" h="765" x="-62.929405" y="-253.347488">
   <element name="pigroast01" layername="pigroast" frame="0" z_index="2" m_a="1.537820" m_b="0.000000" m_c="0.000000" m_d="1.438558" m_tx="-318.795959" m_ty="-412.323975"/>
  </frame>
  <frame idx="650" w="768" h="765" x="-62.929405" y="-253.347488">
   <element name="pigroast01" layername="pigroast" frame="0" z_index="2" m_a="1.537820" m_b="0.000000" m_c="0.000000" m_d="1.438558" m_tx="-318.795959" m_ty="-412.323975"/>
  </frame>
  <frame idx="675" w="768" h="765" x="-62.929405" y="-253.347488">
   <element name="pigroast01" layername="pigroast" frame="0" z_index="2" m_a="1.537820" m_b="0.000000" m_c="0.000000" m_d="1.438558" m_tx="-318.795959" m_ty="-412.323975"/>
  </frame>
  <frame idx="700" w="768" h="765" x="-62.929405" y="-253.347488">
   <element name="pigroast01" layername="pigroast" frame="0" z_index="2" m_a="1.537820" m_b="0.000000" m_c="0.000000" m_d="1.438558" m_tx="-318.795959" m_ty="-412.323975"/>
  </frame>
  <frame idx="725" w="768" h="765" x="-62.929405" y="-253.347488">
   <element name="pigroast01" layername="pigroast" frame="0" z_index="2" m_a="1.537820" m_b="0.000000" m_c="0.000000" m_d="1.438558" m_tx="-318.795959" m_ty="-412.323975"/>
  </frame>
  <frame idx="750" w="768" h="765" x="-62.929405" y="-253.347488">
   <element name="pigroast01" layername="pigroast" frame="0" z_index="2" m_a="1.537820" m_b="0.000000" m_c="0.000000" m_d="1.438558" m_tx="-318.795959" m_ty="-412.323975"/>
  </frame>
  <frame idx="775" w="768" h="765" x="-62.929405" y="-253.347488">
   <element name="pigroast01" layername="pigroast" frame="0" z_index="2" m_a="1.537820" m_b="0.000000" m_c="0.000000" m_d="1.438558" m_tx="-318.795959" m_ty="-412.323975"/>
  </frame>
  <frame idx="800" w="768" h="765" x="-62.929405" y="-253.347488">
   <element name="pigroast01" layername="pigroast" frame="0" z_index="2" m_a="1.537820" m_b="0.000000" m_c="0.000000" m_d="1.438558" m_tx="-318.795959" m_ty="-412.323975"/>
  </frame>
  <frame idx="825" w="768" h="765" x="-62.929405" y="-253.347488">
   <element name="pigroast01" layername="pigroast" frame="0" z_index="2" m_a="1.537820" m_b="0.000000" m_c="0.000000" m_d="1.438558" m_tx="-318.795959" m_ty="-412.323975"/>
  </frame>
  <frame idx="850" w="768" h="765" x="-62.929405" y="-253.347488">
   <element name="pigroast01" layername="pigroast" frame="0" z_index="2" m_a="1.537820" m_b="0.000000" m_c="0.000000" m_d="1.438558" m_tx="-318.795959" m_ty="-412.323975"/>
  </frame>
  <frame idx="875" w="768" h="765" x="-62.929405" y="-253.347488">
   <element name="pigroast01" layername="pigroast" frame="0" z_index="2" m_a="1.537820" m_b="0.000000" m_c="0.000000" m_d="1.438558" m_tx="-318.795959" m_ty="-412.323975"/>
  </frame>
  <frame idx="900" w="768" h="765" x="-62.929405" y="-253.347488">
   <element name="pigroast01" layername="pigroast" frame="0" z_index="2" m_a="1.537820" m_b="0.000000" m_c="0.000000" m_d="1.438558" m_tx="-318.795959" m_ty="-412.323975"/>
  </frame>
  <frame idx="925" w="768" h="765" x="-62.929405" y="-253.347488">
   <element name="pigroast01" layername="pigroast" frame="0" z_index="2" m_a="1.537820" m_b="0.000000" m_c="0.000000" m_d="1.438558" m_tx="-318.795959" m_ty="-412.323975"/>
  </frame>
  <frame idx="950" w="768" h="765" x="-62.929405" y="-253.347488">
   <element name="pigroast01" layername="pigroast" frame="0" z_index="2" m_a="1.537820" m_b="0.000000" m_c="0.000000" m_d="1.438558" m_tx="-318.795959" m_ty="-412.323975"/>
  </frame>
  <frame idx="975" w="768" h="765" x="-62.929405" y="-253.347488">
   <element name="pigroast01" layername="pigroast" frame="0" z_index="2" m_a="1.537820" m_b="0.000000" m_c="0.000000" m_d="1.438558" m_tx="-318.795959" m_ty="-412.323975"/>
  </frame>
 </anim>
</Anims>
