<Anims>
 <anim name="burnt" root="toychest" numframes="400" framerate="40">
  <frame idx="0" w="310" h="288" x="-22.274605" y="-91.924500">
   <element name="chest01" layername="ches" frame="4" z_index="17" m_a="1.000000" m_b="0.000000" m_c="0.000000" m_d="1.000000" m_tx="0.000000" m_ty="0.000000"/>
   <element name="chest_shadow" layername="chest_shadow" frame="0" z_index="18" m_a="1.000000" m_b="0.000000" m_c="0.000000" m_d="1.000000" m_tx="13.500000" m_ty="6.900000"/>
  </frame>
  <frame idx="25" w="310" h="288" x="-22.274605" y="-91.924500">
   <element name="chest01" layername="ches" frame="4" z_index="17" m_a="1.000000" m_b="0.000000" m_c="0.000000" m_d="1.000000" m_tx="0.000000" m_ty="0.000000"/>
   <element name="chest_shadow" layername="chest_shadow" frame="0" z_index="18" m_a="1.000000" m_b="0.000000" m_c="0.000000" m_d="1.000000" m_tx="13.500000" m_ty="6.900000"/>
  </frame>
  <frame idx="50" w="310" h="288" x="-22.274605" y="-91.924500">
   <element name="chest01" layername="ches" frame="4" z_index="17" m_a="1.000000" m_b="0.000000" m_c="0.000000" m_d="1.000000" m_tx="0.000000" m_ty="0.000000"/>
   <element name="chest_shadow" layername="chest_shadow" frame="0" z_index="18" m_a="1.000000" m_b="0.000000" m_c="0.000000" m_d="1.000000" m_tx="13.500000" m_ty="6.900000"/>
  </frame>
  <frame idx="75" w="310" h="288" x="-22.274605" y="-91.924500">
   <element name="chest01" layername="ches" frame="4" z_index="17" m_a="1.000000" m_b="0.000000" m_c="0.000000" m_d="1.000000" m_tx="0.000000" m_ty="0.000000"/>
   <element name="chest_shadow" layername="chest_shadow" frame="0" z_index="18" m_a="1.000000" m_b="0.000000" m_c="0.000000" m_d="1.000000" m_tx="13.500000" m_ty="6.900000"/>
  </frame>
  <frame idx="100" w="310" h="288" x="-22.274605" y="-91.924500">
   <element name="chest01" layername="ches" frame="4" z_index="17" m_a="1.000000" m_b="0.000000" m_c="0.000000" m_d="1.000000" m_tx="0.000000" m_ty="0.000000"/>
   <element name="chest_shadow" layername="chest_shadow" frame="0" z_index="18" m_a="1.000000" m_b="0.000000" m_c="0.000000" m_d="1.000000" m_tx="13.500000" m_ty="6.900000"/>
  </frame>
  <frame idx="125" w="310" h="288" x="-22.274605" y="-91.924500">
   <element name="chest01" layername="ches" frame="4" z_index="17" m_a="1.000000" m_b="0.000000" m_c="0.000000" m_d="1.000000" m_tx="0.000000" m_ty="0.000000"/>
   <element name="chest_shadow" layername="chest_shadow" frame="0" z_index="18" m_a="1.000000" m_b="0.000000" m_c="0.000000" m_d="1.000000" m_tx="13.500000" m_ty="6.900000"/>
  </frame>
  <frame idx="150" w="310" h="288" x="-22.274605" y="-91.924500">
   <element name="chest01" layername="ches" frame="4" z_index="17" m_a="1.000000" m_b="0.000000" m_c="0.000000" m_d="1.000000" m_tx="0.000000" m_ty="0.000000"/>
   <element name="chest_shadow" layername="chest_shadow" frame="0" z_index="18" m_a="1.000000" m_b="0.000000" m_c="0.000000" m_d="1.000000" m_tx="13.500000" m_ty="6.900000"/>
  </frame>
  <frame idx="175" w="310" h="288" x="-22.274605" y="-91.924500">
   <element name="chest01" layername="ches" frame="4" z_index="17" m_a="1.000000" m_b="0.000000" m_c="0.000000" m_d="1.000000" m_tx="0.000000" m_ty="0.000000"/>
   <element name="chest_shadow" layername="chest_shadow" frame="0" z_index="18" m_a="1.000000" m_b="0.000000" m_c="0.000000" m_d="1.000000" m_tx="13.500000" m_ty="6.900000"/>
  </frame>
  <frame idx="200" w="310" h="288" x="-22.274605" y="-91.924500">
   <element name="chest01" layername="ches" frame="4" z_index="17" m_a="1.000000" m_b="0.000000" m_c="0.000000" m_d="1.000000" m_tx="0.000000" m_ty="0.000000"/>
   <element name="chest_shadow" layername="chest_shadow" frame="0" z_index="18" m_a="1.000000" m_b="0.000000" m_c="0.000000" m_d="1.000000" m_tx="13.500000" m_ty="6.900000"/>
  </frame>
  <frame idx="225" w="310" h="288" x="-22.274605" y="-91.924500">
   <element name="chest01" layername="ches" frame="4" z_index="17" m_a="1.000000" m_b="0.000000" m_c="0.000000" m_d="1.000000" m_tx="0.000000" m_ty="0.000000"/>
   <element name="chest_shadow" layername="chest_shadow" frame="0" z_index="18" m_a="1.000000" m_b="0.000000" m_c="0.000000" m_d="1.000000" m_tx="13.500000" m_ty="6.900000"/>
  </frame>
  <frame idx="250" w="310" h="288" x="-22.274605" y="-91.924500">
   <element name="chest01" layername="ches" frame="4" z_index="17" m_a="1.000000" m_b="0.000000" m_c="0.000000" m_d="1.000000" m_tx="0.000000" m_ty="0.000000"/>
   <element name="chest_shadow" layername="chest_shadow" frame="0" z_index="18" m_a="1.000000" m_b="0.000000" m_c="0.000000" m_d="1.000000" m_tx="13.500000" m_ty="6.900000"/>
  </frame>
  <frame idx="275" w="310" h="288" x="-22.274605" y="-91.924500">
   <element name="chest01" layername="ches" frame="4" z_index="17" m_a="1.000000" m_b="0.000000" m_c="0.000000" m_d="1.000000" m_tx="0.000000" m_ty="0.000000"/>
   <element name="chest_shadow" layername="chest_shadow" frame="0" z_index="18" m_a="1.000000" m_b="0.000000" m_c="0.000000" m_d="1.000000" m_tx="13.500000" m_ty="6.900000"/>
  </frame>
  <frame idx="300" w="310" h="288" x="-22.274605" y="-91.924500">
   <element name="chest01" layername="ches" frame="4" z_index="17" m_a="1.000000" m_b="0.000000" m_c="0.000000" m_d="1.000000" m_tx="0.000000" m_ty="0.000000"/>
   <element name="chest_shadow" layername="chest_shadow" frame="0" z_index="18" m_a="1.000000" m_b="0.000000" m_c="0.000000" m_d="1.000000" m_tx="13.500000" m_ty="6.900000"/>
  </frame>
  <frame idx="325" w="310" h="288" x="-22.274605" y="-91.924500">
   <element name="chest01" layername="ches" frame="4" z_index="17" m_a="1.000000" m_b="0.000000" m_c="0.000000" m_d="1.000000" m_tx="0.000000" m_ty="0.000000"/>
   <element name="chest_shadow" layername="chest_shadow" frame="0" z_index="18" m_a="1.000000" m_b="0.000000" m_c="0.000000" m_d="1.000000" m_tx="13.500000" m_ty="6.900000"/>
  </frame>
  <frame idx="350" w="310" h="288" x="-22.274605" y="-91.924500">
   <element name="chest01" layername="ches" frame="4" z_index="17" m_a="1.000000" m_b="0.000000" m_c="0.000000" m_d="1.000000" m_tx="0.000000" m_ty="0.000000"/>
   <element name="chest_shadow" layername="chest_shadow" frame="0" z_index="18" m_a="1.000000" m_b="0.000000" m_c="0.000000" m_d="1.000000" m_tx="13.500000" m_ty="6.900000"/>
  </frame>
  <frame idx="375" w="310" h="288" x="-22.274605" y="-91.924500">
   <element name="chest01" layername="ches" frame="4" z_index="17" m_a="1.000000" m_b="0.000000" m_c="0.000000" m_d="1.000000" m_tx="0.000000" m_ty="0.000000"/>
   <element name="chest_shadow" layername="chest_shadow" frame="0" z_index="18" m_a="1.000000" m_b="0.000000" m_c="0.000000" m_d="1.000000" m_tx="13.500000" m_ty="6.900000"/>
  </frame>
 </anim>
 <anim name="close" root="toychest" numframes="350" framerate="40">
  <frame idx="0" w="423" h="383" x="-52.888824" y="-125.551903">
   <element name="chest01" layername="ches" frame="2" z_index="16" m_a="0.996460" m_b="0.000000" m_c="0.000000" m_d="1.004120" m_tx="-30.122444" m_ty="39.530609"/>
   <element name="chest01" layername="ches" frame="3" z_index="17" m_a="0.998459" m_b="-0.005249" m_c="0.005274" m_d="1.003316" m_tx="2.539800" m_ty="26.583672"/>
   <element name="chest_shadow" layername="chest_shadow" frame="0" z_index="18" m_a="1.000000" m_b="0.000000" m_c="0.000000" m_d="1.000000" m_tx="3.327555" m_ty="31.430611"/>
  </frame>
  <frame idx="25" w="423" h="376" x="-53.201561" y="-124.583870">
   <element name="chest01" layername="ches" frame="2" z_index="16" m_a="0.988662" m_b="0.000000" m_c="0.000000" m_d="1.013208" m_tx="-30.335533" m_ty="39.530609"/>
   <element name="chest01" layername="ches" frame="3" z_index="17" m_a="0.995148" m_b="-0.024300" m_c="0.024663" m_d="1.010029" m_tx="3.172300" m_ty="29.452820"/>
   <element name="chest_shadow" layername="chest_shadow" frame="0" z_index="18" m_a="1.000000" m_b="0.000000" m_c="0.000000" m_d="1.000000" m_tx="3.004173" m_ty="31.430611"/>
  </frame>
  <frame idx="50" w="424" h="368" x="-53.797344" y="-125.302086">
   <element name="chest01" layername="ches" frame="2" z_index="16" m_a="0.977273" m_b="0.000000" m_c="0.000000" m_d="1.026468" m_tx="-30.785776" m_ty="39.530609"/>
   <element name="chest01" layername="ches" frame="3" z_index="17" m_a="0.990354" m_b="-0.050946" m_c="0.052399" m_d="1.018597" m_tx="4.490909" m_ty="31.494989"/>
   <element name="chest_shadow" layername="chest_shadow" frame="0" z_index="18" m_a="1.000000" m_b="0.000000" m_c="0.000000" m_d="1.000000" m_tx="2.393012" m_ty="31.430611"/>
  </frame>
  <frame idx="75" w="425" h="358" x="-54.055241" y="-126.494781">
   <element name="chest01" layername="ches" frame="2" z_index="16" m_a="0.962151" m_b="0.000000" m_c="0.000000" m_d="1.044072" m_tx="-30.850433" m_ty="39.530609"/>
   <element name="chest01" layername="ches" frame="3" z_index="17" m_a="0.983943" m_b="-0.086178" m_c="0.090029" m_d="1.027911" m_tx="6.413637" m_ty="33.373028"/>
   <element name="chest_shadow" layername="chest_shadow" frame="0" z_index="18" m_a="1.000000" m_b="0.000000" m_c="0.000000" m_d="1.000000" m_tx="2.114719" m_ty="31.430611"/>
  </frame>
  <frame idx="100" w="425" h="353" x="-53.256802" y="-128.201523">
   <element name="chest01" layername="ches" frame="2" z_index="16" m_a="0.943390" m_b="0.000000" m_c="0.000000" m_d="1.065920" m_tx="-29.812244" m_ty="39.530609"/>
   <element name="chest01" layername="ches" frame="3" z_index="17" m_a="0.975590" m_b="-0.130580" m_c="0.138699" m_d="1.036249" m_tx="8.800000" m_ty="35.890793"/>
   <element name="chest_shadow" layername="chest_shadow" frame="0" z_index="18" m_a="1.000000" m_b="0.000000" m_c="0.000000" m_d="1.000000" m_tx="2.887755" m_ty="31.430611"/>
  </frame>
  <frame idx="125" w="422" h="354" x="-50.785122" y="-128.201523">
   <element name="chest01" layername="ches" frame="2" z_index="16" m_a="0.969936" m_b="0.000000" m_c="0.000000" m_d="1.058780" m_tx="-27.679789" m_ty="45.999107"/>
   <element name="chest01" layername="ches" frame="3" z_index="17" m_a="0.975590" m_b="-0.130580" m_c="0.138699" m_d="1.036249" m_tx="8.800000" m_ty="35.890793"/>
   <element name="chest_shadow" layername="chest_shadow" frame="0" z_index="18" m_a="1.000000" m_b="0.000000" m_c="0.000000" m_d="1.000000" m_tx="7.374553" m_ty="25.548258"/>
  </frame>
  <frame idx="150" w="418" h="366" x="-47.226883" y="-128.928894">
   <element name="chest01" layername="ches" frame="1" z_index="17" m_a="0.994206" m_b="0.000000" m_c="0.000000" m_d="1.006178" m_tx="-25.978563" m_ty="48.441784"/>
   <element name="chest01" layername="ches" frame="3" z_index="18" m_a="0.977665" m_b="-0.122134" m_c="0.129241" m_d="1.034554" m_tx="8.370115" m_ty="35.251678"/>
   <element name="chest_shadow" layername="chest_shadow" frame="0" z_index="18" m_a="1.000000" m_b="0.000000" m_c="0.000000" m_d="1.000000" m_tx="8.989800" m_ty="23.430611"/>
  </frame>
  <frame idx="175" w="419" h="351" x="-47.972256" y="-127.478004">
   <element name="chest01" layername="ches" frame="0" z_index="17" m_a="1.008982" m_b="0.000000" m_c="0.000000" m_d="0.957117" m_tx="-24.983812" m_ty="47.457008"/>
   <element name="chest01" layername="ches" frame="3" z_index="18" m_a="0.980760" m_b="-0.108885" m_c="0.114544" m_d="1.031732" m_tx="7.698420" m_ty="34.253059"/>
   <element name="chest_shadow" layername="chest_shadow" frame="0" z_index="18" m_a="1.000000" m_b="0.000000" m_c="0.000000" m_d="1.000000" m_tx="8.989800" m_ty="23.430611"/>
  </frame>
  <frame idx="200" w="419" h="356" x="-48.005577" y="-127.497147">
   <element name="chest01" layername="ches" frame="0" z_index="17" m_a="1.006300" m_b="0.000000" m_c="0.000000" m_d="0.969925" m_tx="-24.985210" m_ty="47.563080"/>
   <element name="chest01" layername="ches" frame="3" z_index="18" m_a="0.983675" m_b="-0.095574" m_c="0.099949" m_d="1.028704" m_tx="7.026724" m_ty="33.254440"/>
   <element name="chest_shadow" layername="chest_shadow" frame="0" z_index="18" m_a="1.000000" m_b="0.000000" m_c="0.000000" m_d="1.000000" m_tx="8.989800" m_ty="23.430611"/>
  </frame>
  <frame idx="225" w="419" h="360" x="-48.030800" y="-126.986794">
   <element name="chest01" layername="ches" frame="0" z_index="17" m_a="1.004271" m_b="0.000000" m_c="0.000000" m_d="0.979607" m_tx="-24.986271" m_ty="47.643265"/>
   <element name="chest01" layername="ches" frame="3" z_index="18" m_a="0.986410" m_b="-0.082203" m_c="0.085458" m_d="1.025469" m_tx="6.355029" m_ty="32.255821"/>
   <element name="chest_shadow" layername="chest_shadow" frame="0" z_index="18" m_a="1.000000" m_b="0.000000" m_c="0.000000" m_d="1.000000" m_tx="8.989800" m_ty="23.430611"/>
  </frame>
  <frame idx="250" w="419" h="364" x="-48.051746" y="-126.947403">
   <element name="chest01" layername="ches" frame="0" z_index="17" m_a="1.002585" m_b="0.000000" m_c="0.000000" m_d="0.987643" m_tx="-24.987150" m_ty="47.709812"/>
   <element name="chest01" layername="ches" frame="3" z_index="18" m_a="0.988963" m_b="-0.068775" m_c="0.071075" m_d="1.022032" m_tx="5.683334" m_ty="31.257204"/>
   <element name="chest_shadow" layername="chest_shadow" frame="0" z_index="18" m_a="1.000000" m_b="0.000000" m_c="0.000000" m_d="1.000000" m_tx="8.989800" m_ty="23.430611"/>
  </frame>
  <frame idx="275" w="419" h="369" x="-48.067879" y="-126.879471">
   <element name="chest01" layername="ches" frame="0" z_index="17" m_a="1.001286" m_b="0.000000" m_c="0.000000" m_d="0.993846" m_tx="-24.987827" m_ty="47.761181"/>
   <element name="chest01" layername="ches" frame="3" z_index="18" m_a="0.991332" m_b="-0.055293" m_c="0.056802" m_d="1.018394" m_tx="5.011639" m_ty="30.258587"/>
   <element name="chest_shadow" layername="chest_shadow" frame="0" z_index="18" m_a="1.000000" m_b="0.000000" m_c="0.000000" m_d="1.000000" m_tx="8.989800" m_ty="23.430611"/>
  </frame>
  <frame idx="300" w="419" h="372" x="-48.078896" y="-126.283501">
   <element name="chest01" layername="ches" frame="0" z_index="17" m_a="1.000400" m_b="0.000000" m_c="0.000000" m_d="0.998123" m_tx="-24.988289" m_ty="47.796604"/>
   <element name="chest01" layername="ches" frame="3" z_index="18" m_a="0.993517" m_b="-0.041758" m_c="0.042643" m_d="1.014557" m_tx="4.339943" m_ty="29.259968"/>
   <element name="chest_shadow" layername="chest_shadow" frame="0" z_index="18" m_a="1.000000" m_b="0.000000" m_c="0.000000" m_d="1.000000" m_tx="8.989800" m_ty="23.430611"/>
  </frame>
  <frame idx="325" w="418" h="377" x="-48.082550" y="-126.160004">
   <element name="chest01" layername="ches" frame="0" z_index="17" m_a="1.000106" m_b="0.000000" m_c="0.000000" m_d="0.999503" m_tx="-24.988443" m_ty="47.808033"/>
   <element name="chest01" layername="ches" frame="3" z_index="18" m_a="0.995518" m_b="-0.028175" m_c="0.028599" m_d="1.010525" m_tx="3.668248" m_ty="28.261351"/>
   <element name="chest_shadow" layername="chest_shadow" frame="0" z_index="18" m_a="1.000000" m_b="0.000000" m_c="0.000000" m_d="1.000000" m_tx="8.989800" m_ty="23.430611"/>
  </frame>
 </anim>
 <anim name="closed" root="toychest" numframes="50" framerate="40">
  <frame idx="0" w="339" h="288" x="-42.105568" y="-69.589249">
   <element name="chest01" layername="ches" frame="0" z_index="17" m_a="1.000000" m_b="0.000000" m_c="0.000000" m_d="1.000000" m_tx="-25.510201" m_ty="39.530609"/>
   <element name="chest_shadow" layername="chest_shadow" frame="0" z_index="18" m_a="1.000000" m_b="0.000000" m_c="0.000000" m_d="1.000000" m_tx="8.989800" m_ty="23.430611"/>
  </frame>
  <frame idx="25" w="339" h="288" x="-42.105568" y="-69.589249">
   <element name="chest01" layername="ches" frame="0" z_index="17" m_a="1.000000" m_b="0.000000" m_c="0.000000" m_d="1.000000" m_tx="-25.510201" m_ty="39.530609"/>
   <element name="chest_shadow" layername="chest_shadow" frame="0" z_index="18" m_a="1.000000" m_b="0.000000" m_c="0.000000" m_d="1.000000" m_tx="8.989800" m_ty="23.430611"/>
  </frame>
 </anim>
 <anim name="hit" root="toychest" numframes="425" framerate="40">
  <frame idx="0" w="336" h="316" x="-35.064243" y="-72.473610">
   <element name="chest01" layername="ches" frame="1" z_index="17" m_a="1.027038" m_b="0.050518" m_c="-0.047523" m_d="0.966148" m_tx="-25.510201" m_ty="39.530609"/>
   <element name="chest_shadow" layername="chest_shadow" frame="0" z_index="18" m_a="1.000000" m_b="0.000000" m_c="0.000000" m_d="1.000000" m_tx="8.989800" m_ty="23.430611"/>
  </frame>
  <frame idx="25" w="345" h="302" x="-39.217152" y="-72.172783">
   <element name="chest01" layername="ches" frame="1" z_index="17" m_a="1.024303" m_b="0.013340" m_c="-0.012610" m_d="0.968221" m_tx="-25.510201" m_ty="39.530609"/>
   <element name="chest_shadow" layername="chest_shadow" frame="0" z_index="18" m_a="1.000000" m_b="0.000000" m_c="0.000000" m_d="1.000000" m_tx="8.989800" m_ty="23.430611"/>
  </frame>
  <frame idx="50" w="353" h="286" x="-42.006836" y="-71.372833">
   <element name="chest01" layername="ches" frame="1" z_index="17" m_a="1.021362" m_b="-0.024528" m_c="0.023240" m_d="0.967728" m_tx="-24.560583" m_ty="39.310421"/>
   <element name="chest_shadow" layername="chest_shadow" frame="0" z_index="18" m_a="1.000000" m_b="0.000000" m_c="0.000000" m_d="1.000000" m_tx="8.989800" m_ty="23.430611"/>
  </frame>
  <frame idx="75" w="353" h="267" x="-44.203079" y="-66.809547">
   <element name="chest01" layername="ches" frame="0" z_index="17" m_a="1.014575" m_b="-0.039297" m_c="0.037724" m_d="0.973969" m_tx="-23.570127" m_ty="39.062366"/>
   <element name="chest_shadow" layername="chest_shadow" frame="0" z_index="18" m_a="1.000000" m_b="0.000000" m_c="0.000000" m_d="1.000000" m_tx="8.989800" m_ty="23.430611"/>
  </frame>
  <frame idx="100" w="341" h="288" x="-40.595058" y="-69.868217">
   <element name="chest01" layername="ches" frame="0" z_index="17" m_a="0.999998" m_b="-0.004883" m_c="0.004872" m_d="0.997760" m_tx="-23.584980" m_ty="39.119102"/>
   <element name="chest_shadow" layername="chest_shadow" frame="0" z_index="18" m_a="1.000000" m_b="0.000000" m_c="0.000000" m_d="1.000000" m_tx="8.989800" m_ty="23.430611"/>
  </frame>
  <frame idx="125" w="328" h="308" x="-38.263973" y="-72.894638">
   <element name="chest01" layername="ches" frame="0" z_index="17" m_a="0.986242" m_b="0.028438" m_c="-0.029360" m_d="1.018208" m_tx="-25.003948" m_ty="39.436497"/>
   <element name="chest_shadow" layername="chest_shadow" frame="0" z_index="18" m_a="1.000000" m_b="0.000000" m_c="0.000000" m_d="1.000000" m_tx="8.989800" m_ty="23.430611"/>
  </frame>
  <frame idx="150" w="323" h="329" x="-36.881321" y="-79.911514">
   <element name="chest01" layername="ches" frame="1" z_index="17" m_a="0.971981" m_b="0.023015" m_c="-0.024485" m_d="1.034039" m_tx="-25.510201" m_ty="39.530609"/>
   <element name="chest_shadow" layername="chest_shadow" frame="0" z_index="18" m_a="1.000000" m_b="0.000000" m_c="0.000000" m_d="1.000000" m_tx="8.989800" m_ty="23.430611"/>
  </frame>
  <frame idx="175" w="326" h="323" x="-39.607166" y="-81.022163">
   <element name="chest01" layername="ches" frame="1" z_index="17" m_a="0.957554" m_b="-0.002960" m_c="0.003236" m_d="1.046853" m_tx="-25.063164" m_ty="39.422527"/>
   <element name="chest_shadow" layername="chest_shadow" frame="0" z_index="18" m_a="1.000000" m_b="0.000000" m_c="0.000000" m_d="1.000000" m_tx="8.989800" m_ty="23.430611"/>
  </frame>
  <frame idx="200" w="328" h="299" x="-42.621315" y="-76.366455">
   <element name="chest01" layername="ches" frame="0" z_index="17" m_a="0.943070" m_b="-0.027668" m_c="0.031050" m_d="1.058365" m_tx="-23.705240" m_ty="39.050766"/>
   <element name="chest_shadow" layername="chest_shadow" frame="0" z_index="18" m_a="1.000000" m_b="0.000000" m_c="0.000000" m_d="1.000000" m_tx="8.989800" m_ty="23.430611"/>
  </frame>
  <frame idx="225" w="330" h="298" x="-41.744801" y="-75.185722">
   <element name="chest01" layername="ches" frame="0" z_index="17" m_a="0.955611" m_b="-0.020863" m_c="0.022829" m_d="1.045659" m_tx="-23.677759" m_ty="39.069000"/>
   <element name="chest_shadow" layername="chest_shadow" frame="0" z_index="18" m_a="1.000000" m_b="0.000000" m_c="0.000000" m_d="1.000000" m_tx="8.989800" m_ty="23.430611"/>
  </frame>
  <frame idx="250" w="332" h="297" x="-41.436867" y="-74.112518">
   <element name="chest01" layername="ches" frame="0" z_index="17" m_a="0.966870" m_b="-0.014214" m_c="0.015203" m_d="1.034186" m_tx="-23.652987" m_ty="39.086441"/>
   <element name="chest_shadow" layername="chest_shadow" frame="0" z_index="18" m_a="1.000000" m_b="0.000000" m_c="0.000000" m_d="1.000000" m_tx="8.989800" m_ty="23.430611"/>
  </frame>
  <frame idx="275" w="334" h="296" x="-40.772190" y="-73.175507">
   <element name="chest01" layername="ches" frame="0" z_index="17" m_a="0.976665" m_b="-0.008598" m_c="0.009016" m_d="1.024138" m_tx="-23.631617" m_ty="39.101311"/>
   <element name="chest_shadow" layername="chest_shadow" frame="0" z_index="18" m_a="1.000000" m_b="0.000000" m_c="0.000000" m_d="1.000000" m_tx="8.989800" m_ty="23.430611"/>
  </frame>
  <frame idx="300" w="335" h="294" x="-40.328716" y="-71.900497">
   <element name="chest01" layername="ches" frame="0" z_index="17" m_a="0.984894" m_b="-0.005005" m_c="0.005161" m_d="1.015657" m_tx="-23.614204" m_ty="39.111652"/>
   <element name="chest_shadow" layername="chest_shadow" frame="0" z_index="18" m_a="1.000000" m_b="0.000000" m_c="0.000000" m_d="1.000000" m_tx="8.989800" m_ty="23.430611"/>
  </frame>
  <frame idx="325" w="336" h="294" x="-39.974564" y="-71.352966">
   <element name="chest01" layername="ches" frame="0" z_index="17" m_a="0.990584" m_b="-0.001903" m_c="0.001940" m_d="1.009756" m_tx="-23.601940" m_ty="39.120010"/>
   <element name="chest_shadow" layername="chest_shadow" frame="0" z_index="18" m_a="1.000000" m_b="0.000000" m_c="0.000000" m_d="1.000000" m_tx="8.989800" m_ty="23.430611"/>
  </frame>
  <frame idx="350" w="338" h="293" x="-40.292862" y="-70.952316">
   <element name="chest01" layername="ches" frame="0" z_index="17" m_a="0.994879" m_b="-0.000505" m_c="0.000510" m_d="1.005298" m_tx="-23.593086" m_ty="39.124500"/>
   <element name="chest_shadow" layername="chest_shadow" frame="0" z_index="18" m_a="1.000000" m_b="0.000000" m_c="0.000000" m_d="1.000000" m_tx="8.989800" m_ty="23.430611"/>
  </frame>
  <frame idx="375" w="339" h="292" x="-40.228024" y="-70.702797">
   <element name="chest01" layername="ches" frame="0" z_index="17" m_a="0.997646" m_b="-0.000199" m_c="0.000200" m_d="1.002430" m_tx="-23.587629" m_ty="39.126247"/>
   <element name="chest_shadow" layername="chest_shadow" frame="0" z_index="18" m_a="1.000000" m_b="0.000000" m_c="0.000000" m_d="1.000000" m_tx="8.989800" m_ty="23.430611"/>
  </frame>
  <frame idx="400" w="339" h="292" x="-40.207714" y="-70.597839">
   <element name="chest01" layername="ches" frame="0" z_index="17" m_a="0.998825" m_b="-0.000153" m_c="0.000153" m_d="1.001210" m_tx="-23.585339" m_ty="39.126827"/>
   <element name="chest_shadow" layername="chest_shadow" frame="0" z_index="18" m_a="1.000000" m_b="0.000000" m_c="0.000000" m_d="1.000000" m_tx="8.989800" m_ty="23.430611"/>
  </frame>
 </anim>
 <anim name="open" root="toychest" numframes="200" framerate="40">
  <frame idx="0" w="339" h="308" x="-40.178383" y="-75.692764">
   <element name="chest01" layername="ches" frame="1" z_index="17" m_a="1.000000" m_b="0.000000" m_c="0.000000" m_d="1.000000" m_tx="-25.510201" m_ty="39.530609"/>
   <element name="chest_shadow" layername="chest_shadow" frame="0" z_index="18" m_a="1.000000" m_b="0.000000" m_c="0.000000" m_d="1.000000" m_tx="8.989800" m_ty="23.430611"/>
  </frame>
  <frame idx="25" w="326" h="330" x="-41.603584" y="-88.502380">
   <element name="chest01" layername="ches" frame="1" z_index="17" m_a="0.958375" m_b="0.000000" m_c="0.000000" m_d="1.048471" m_tx="-27.359653" m_ty="32.545704"/>
   <element name="chest_shadow" layername="chest_shadow" frame="0" z_index="18" m_a="1.000000" m_b="0.000000" m_c="0.000000" m_d="1.000000" m_tx="4.826388" m_ty="29.312963"/>
  </frame>
  <frame idx="50" w="423" h="353" x="-51.452263" y="-126.945793">
   <element name="chest01" layername="ches" frame="2" z_index="16" m_a="0.955405" m_b="0.000000" m_c="0.000000" m_d="1.051937" m_tx="-28.161236" m_ty="30.790310"/>
   <element name="chest_shadow" layername="chest_shadow" frame="0" z_index="18" m_a="1.000000" m_b="0.000000" m_c="0.000000" m_d="1.000000" m_tx="3.327560" m_ty="31.430611"/>
   <element name="chest01" layername="ches" frame="3" z_index="17" m_a="0.981161" m_b="-0.102224" m_c="0.107435" m_d="1.031176" m_tx="7.812121" m_ty="34.159428"/>
  </frame>
  <frame idx="75" w="422" h="366" x="-51.450607" y="-127.011490">
   <element name="chest01" layername="ches" frame="2" z_index="16" m_a="0.972457" m_b="0.000000" m_c="0.000000" m_d="1.032086" m_tx="-28.377499" m_ty="30.955246"/>
   <element name="chest_shadow" layername="chest_shadow" frame="0" z_index="18" m_a="1.000000" m_b="0.000000" m_c="0.000000" m_d="1.000000" m_tx="3.327560" m_ty="31.430611"/>
   <element name="chest01" layername="ches" frame="3" z_index="17" m_a="0.988193" m_b="-0.062038" m_c="0.064155" m_d="1.021922" m_tx="5.142424" m_ty="30.613972"/>
  </frame>
  <frame idx="100" w="421" h="376" x="-51.449432" y="-127.303917">
   <element name="chest01" layername="ches" frame="2" z_index="16" m_a="0.985855" m_b="0.000000" m_c="0.000000" m_d="1.016480" m_tx="-28.547527" m_ty="31.084913"/>
   <element name="chest_shadow" layername="chest_shadow" frame="0" z_index="18" m_a="1.000000" m_b="0.000000" m_c="0.000000" m_d="1.000000" m_tx="3.327560" m_ty="31.430611"/>
   <element name="chest01" layername="ches" frame="3" z_index="17" m_a="0.993867" m_b="-0.031128" m_c="0.031707" m_d="1.012354" m_tx="3.400000" m_ty="27.583670"/>
  </frame>
  <frame idx="125" w="421" h="381" x="-51.448807" y="-126.156136">
   <element name="chest01" layername="ches" frame="2" z_index="16" m_a="0.993653" m_b="0.000000" m_c="0.000000" m_d="1.007392" m_tx="-28.646551" m_ty="31.160425"/>
   <element name="chest_shadow" layername="chest_shadow" frame="0" z_index="18" m_a="1.000000" m_b="0.000000" m_c="0.000000" m_d="1.000000" m_tx="3.327560" m_ty="31.430611"/>
   <element name="chest01" layername="ches" frame="3" z_index="17" m_a="0.997297" m_b="-0.012121" m_c="0.012224" m_d="1.005761" m_tx="2.407353" m_ty="26.848375"/>
  </frame>
  <frame idx="150" w="421" h="383" x="-51.448410" y="-125.145668">
   <element name="chest01" layername="ches" frame="2" z_index="16" m_a="0.998176" m_b="0.000000" m_c="0.000000" m_d="1.002122" m_tx="-28.703960" m_ty="31.204206"/>
   <element name="chest_shadow" layername="chest_shadow" frame="0" z_index="18" m_a="1.000000" m_b="0.000000" m_c="0.000000" m_d="1.000000" m_tx="3.327560" m_ty="31.430611"/>
   <element name="chest01" layername="ches" frame="3" z_index="17" m_a="0.999201" m_b="-0.002706" m_c="0.002713" m_d="1.001701" m_tx="1.831818" m_ty="26.583670"/>
  </frame>
  <frame idx="175" w="421" h="383" x="-51.448315" y="-124.918594">
   <element name="chest01" layername="ches" frame="2" z_index="16" m_a="0.999142" m_b="0.000000" m_c="0.000000" m_d="1.000999" m_tx="-28.716204" m_ty="31.213543"/>
   <element name="chest_shadow" layername="chest_shadow" frame="0" z_index="18" m_a="1.000000" m_b="0.000000" m_c="0.000000" m_d="1.000000" m_tx="3.327559" m_ty="31.430611"/>
   <element name="chest01" layername="ches" frame="3" z_index="17" m_a="0.999629" m_b="-0.001274" m_c="0.001275" m_d="1.000806" m_tx="1.827830" m_ty="26.583670"/>
  </frame>
 </anim>
 <anim name="place" root="toychest" numframes="825" framerate="40">
  <frame idx="0" w="-2147483648" h="2" x="379279017470791740000000000000.000000" y="-0.500000"/>
  <frame idx="25" w="-2147483648" h="2" x="379279017470791740000000000000.000000" y="-0.500000"/>
  <frame idx="50" w="680" h="299" x="-188.431885" y="-95.644447">
   <element name="chest01" layername="ches" frame="6" z_index="14" m_a="0.999496" m_b="0.006377" m_c="-0.006305" m_d="0.988195" m_tx="-67.905060" m_ty="-9.353545"/>
   <element name="chest01" layername="ches" frame="7" z_index="15" m_a="0.994011" m_b="-0.004565" m_c="0.004593" m_d="1.000125" m_tx="41.156059" m_ty="-12.759605"/>
   <element name="chest01" layername="ches" frame="8" z_index="16" m_a="0.995709" m_b="0.000000" m_c="0.000000" m_d="1.034468" m_tx="-54.015667" m_ty="2.857576"/>
   <element name="chest01" layername="ches" frame="9" z_index="17" m_a="0.996915" m_b="0.000000" m_c="0.000000" m_d="1.050385" m_tx="-60.926273" m_ty="2.836364"/>
   <element name="chest_shadow" layername="chest_shadow" frame="0" z_index="18" m_a="1.813048" m_b="0.000000" m_c="0.000000" m_d="1.602488" m_tx="-15.327788" m_ty="30.769697"/>
  </frame>
  <frame idx="75" w="674" h="288" x="-187.851776" y="-89.721977">
   <element name="chest01" layername="ches" frame="6" z_index="14" m_a="0.997654" m_b="0.022537" m_c="-0.021646" m_d="0.958176" m_tx="-67.432335" m_ty="-11.042939"/>
   <element name="chest01" layername="ches" frame="7" z_index="15" m_a="0.978092" m_b="-0.018037" m_c="0.018454" m_d="1.000735" m_tx="40.671211" m_ty="-13.964151"/>
   <element name="chest01" layername="ches" frame="8" z_index="16" m_a="0.982738" m_b="0.000000" m_c="0.000000" m_d="1.124164" m_tx="-54.674759" m_ty="0.198727"/>
   <element name="chest01" layername="ches" frame="9" z_index="17" m_a="0.988166" m_b="0.000000" m_c="0.000000" m_d="1.180032" m_tx="-60.788391" m_ty="1.916667"/>
   <element name="chest_shadow" layername="chest_shadow" frame="0" z_index="18" m_a="1.782474" m_b="0.000000" m_c="0.000000" m_d="1.512457" m_tx="-12.918697" m_ty="29.106060"/>
  </frame>
  <frame idx="100" w="662" h="268" x="-186.576080" y="-78.912552">
   <element name="chest01" layername="ches" frame="6" z_index="14" m_a="0.993142" m_b="0.051735" m_c="-0.047051" m_d="0.903216" m_tx="-66.598999" m_ty="-14.149000"/>
   <element name="chest01" layername="ches" frame="7" z_index="15" m_a="0.947825" m_b="-0.044065" m_c="0.046574" m_d="1.001778" m_tx="39.799999" m_ty="-16.198999"/>
   <element name="chest01" layername="ches" frame="8" z_index="16" m_a="0.956451" m_b="0.000000" m_c="0.000000" m_d="1.290020" m_tx="-55.848999" m_ty="-4.649000"/>
   <element name="chest01" layername="ches" frame="9" z_index="17" m_a="0.971069" m_b="0.000000" m_c="0.000000" m_d="1.417880" m_tx="-60.598999" m_ty="0.250000"/>
   <element name="chest_shadow" layername="chest_shadow" frame="0" z_index="18" m_a="1.726550" m_b="0.000000" m_c="0.000000" m_d="1.347760" m_tx="-8.449000" m_ty="26.000000"/>
  </frame>
  <frame idx="125" w="642" h="233" x="-183.259323" y="-59.383255">
   <element name="chest01" layername="ches" frame="6" z_index="14" m_a="0.980285" m_b="0.091059" m_c="-0.076217" m_d="0.820510" m_tx="-65.128410" m_ty="-19.149000"/>
   <element name="chest01" layername="ches" frame="7" z_index="15" m_a="0.893650" m_b="-0.087600" m_c="0.098462" m_d="1.004465" m_tx="38.366177" m_ty="-19.765177"/>
   <element name="chest01" layername="ches" frame="8" z_index="16" m_a="0.896763" m_b="0.000000" m_c="0.000000" m_d="1.564182" m_tx="-57.797531" m_ty="-12.479882"/>
   <element name="chest01" layername="ches" frame="9" z_index="17" m_a="0.936131" m_b="0.000000" m_c="0.000000" m_d="1.804689" m_tx="-60.194588" m_ty="-2.433088"/>
   <element name="chest_shadow" layername="chest_shadow" frame="0" z_index="18" m_a="1.636138" m_b="0.000000" m_c="0.000000" m_d="1.081362" m_tx="-1.317383" m_ty="20.963236"/>
  </frame>
  <frame idx="150" w="534" h="636" x="-156.628906" y="-350.322632">
   <element name="chest01" layername="ches" frame="6" z_index="14" m_a="0.159352" m_b="-0.925144" m_c="0.998070" m_d="0.171914" m_tx="-65.350517" m_ty="-20.003546"/>
   <element name="chest01" layername="ches" frame="7" z_index="15" m_a="0.213136" m_b="0.868999" m_c="-1.047073" m_d="0.256812" m_tx="39.159088" m_ty="-17.655060"/>
   <element name="chest01" layername="ches" frame="8" z_index="16" m_a="0.905996" m_b="0.246343" m_c="-0.477226" m_d="1.755133" m_tx="-52.729301" m_ty="-22.644455"/>
   <element name="chest01" layername="ches" frame="9" z_index="17" m_a="1.023216" m_b="-0.323340" m_c="0.697730" m_d="2.207981" m_tx="-52.606575" m_ty="5.836879"/>
   <element name="chest_shadow" layername="chest_shadow" frame="0" z_index="18" m_a="1.310940" m_b="0.000000" m_c="0.000000" m_d="0.992509" m_tx="7.189394" m_ty="21.225447"/>
  </frame>
  <frame idx="175" w="694" h="401" x="-310.270111" y="-216.831329">
   <element name="chest01" layername="ches" frame="6" z_index="14" m_a="-0.865006" m_b="-0.249267" m_c="0.370627" m_d="-1.286150" m_tx="-62.245972" m_ty="-25.071728"/>
   <element name="chest01" layername="ches" frame="7" z_index="15" m_a="-0.904041" m_b="0.395352" m_c="-0.483608" m_d="-1.105855" m_tx="41.374241" m_ty="-18.788393"/>
   <element name="chest01" layername="ches" frame="8" z_index="16" m_a="0.905116" m_b="1.145996" m_c="-1.414613" m_d="1.117271" m_tx="-96.516983" m_ty="-91.332520"/>
   <element name="chest01" layername="ches" frame="9" z_index="17" m_a="0.860792" m_b="-1.349360" m_c="2.037273" m_d="1.299629" m_tx="-13.959849" m_ty="0.159332"/>
   <element name="chest_shadow" layername="chest_shadow" frame="0" z_index="18" m_a="1.000000" m_b="0.000000" m_c="0.000000" m_d="1.000000" m_tx="13.500000" m_ty="23.430611"/>
  </frame>
  <frame idx="200" w="716" h="1274" x="-393.935547" y="-682.666931">
   <element name="chest01" layername="ches" frame="6" z_index="14" m_a="-0.690905" m_b="-0.606932" m_c="1.078156" m_d="-1.227325" m_tx="-50.049000" m_ty="-44.049000"/>
   <element name="chest01" layername="ches" frame="7" z_index="15" m_a="-0.814226" m_b="0.913578" m_c="-1.036816" m_d="-0.924061" m_tx="43.950001" m_ty="-33.598999"/>
   <element name="chest01" layername="ches" frame="9" z_index="16" m_a="-1.226276" m_b="2.604318" m_c="-1.116410" m_d="-0.525676" m_tx="133.483765" m_ty="-519.970154"/>
   <element name="chest01" layername="ches" frame="9" z_index="17" m_a="-1.539641" m_b="-2.281409" m_c="1.241544" m_d="-0.837874" m_tx="82.099998" m_ty="-48.249001"/>
   <element name="chest_shadow" layername="chest_shadow" frame="0" z_index="18" m_a="1.000000" m_b="0.000000" m_c="0.000000" m_d="1.000000" m_tx="13.500000" m_ty="23.430611"/>
  </frame>
  <frame idx="225" w="775" h="1274" x="-398.935547" y="-682.666931">
   <element name="chest01" layername="ches" frame="6" z_index="14" m_a="0.668451" m_b="-0.498525" m_c="1.223769" m_d="1.640902" m_tx="9.741229" m_ty="75.780197"/>
   <element name="chest01" layername="ches" frame="7" z_index="15" m_a="0.604975" m_b="0.421473" m_c="-0.748839" m_d="1.074870" m_tx="9.259768" m_ty="-15.752231"/>
   <element name="chest01" layername="ches" frame="9" z_index="16" m_a="-1.226276" m_b="2.604318" m_c="-1.116410" m_d="-0.525676" m_tx="133.483765" m_ty="-519.970154"/>
   <element name="chest01" layername="ches" frame="9" z_index="17" m_a="-1.539641" m_b="-2.281409" m_c="1.241544" m_d="-0.837874" m_tx="82.099998" m_ty="-48.249001"/>
   <element name="chest_shadow" layername="chest_shadow" frame="0" z_index="18" m_a="1.000000" m_b="0.000000" m_c="0.000000" m_d="1.000000" m_tx="13.500000" m_ty="23.430611"/>
  </frame>
  <frame idx="250" w="662" h="1253" x="-344.227295" y="-672.253235">
   <element name="chest01" layername="ches" frame="2" z_index="16" m_a="0.844794" m_b="0.000000" m_c="0.000000" m_d="1.942152" m_tx="-62.534027" m_ty="267.385956"/>
   <element name="chest01" layername="ches" frame="5" z_index="17" m_a="0.577828" m_b="0.000000" m_c="0.000000" m_d="0.736526" m_tx="25.834888" m_ty="-81.728691"/>
   <element name="chest01" layername="ches" frame="9" z_index="18" m_a="-1.066048" m_b="2.619898" m_c="-1.137201" m_d="-0.462732" m_tx="101.212738" m_ty="-508.652588"/>
   <element name="chest01" layername="ches" frame="9" z_index="18" m_a="-1.381608" m_b="-2.326249" m_c="1.276397" m_d="-0.758079" m_tx="78.284027" m_ty="-46.877026"/>
   <element name="chest_shadow" layername="chest_shadow" frame="0" z_index="18" m_a="1.000000" m_b="0.000000" m_c="0.000000" m_d="1.000000" m_tx="13.500000" m_ty="23.430611"/>
   <element name="sparkle" layername="sparkle" frame="0" z_index="15" m_a="0.086504" m_b="0.004057" m_c="-0.004057" m_d="0.086504" m_tx="-43.932335" m_ty="-167.118698"/>
  </frame>
  <frame idx="275" w="600" h="1216" x="-288.095459" y="-651.915283">
   <element name="chest01" layername="ches" frame="2" z_index="16" m_a="0.904117" m_b="0.000000" m_c="0.000000" m_d="1.582051" m_tx="-67.569870" m_ty="221.979477"/>
   <element name="chest01" layername="ches" frame="5" z_index="17" m_a="0.668175" m_b="0.000000" m_c="0.000000" m_d="0.310570" m_tx="32.484196" m_ty="-151.304840"/>
   <element name="chest01" layername="ches" frame="9" z_index="18" m_a="-0.819724" m_b="2.625207" m_c="-1.162631" m_d="-0.363033" m_tx="54.438759" m_ty="-487.575806"/>
   <element name="chest01" layername="ches" frame="9" z_index="18" m_a="-1.135005" m_b="-2.375349" m_c="1.320769" m_d="-0.631099" m_tx="72.321564" m_ty="-44.733318"/>
   <element name="chest_shadow" layername="chest_shadow" frame="0" z_index="18" m_a="1.000000" m_b="0.000000" m_c="0.000000" m_d="1.000000" m_tx="13.500000" m_ty="23.430611"/>
   <element name="sparkle" layername="sparkle" frame="0" z_index="15" m_a="0.095290" m_b="0.016203" m_c="-0.016203" m_d="0.095290" m_tx="-48.552029" m_ty="-161.133850"/>
  </frame>
  <frame idx="300" w="584" h="1172" x="-257.621399" y="-626.375244">
   <element name="chest01" layername="ches" frame="2" z_index="16" m_a="0.950760" m_b="0.000000" m_c="0.000000" m_d="1.298930" m_tx="-71.517159" m_ty="186.311493"/>
   <element name="chest01" layername="ches" frame="5" z_index="17" m_a="0.898605" m_b="0.000000" m_c="0.000000" m_d="0.789337" m_tx="50.251026" m_ty="-108.457321"/>
   <element name="chest01" layername="ches" frame="9" z_index="18" m_a="-0.580155" m_b="2.608191" m_c="-1.179417" m_d="-0.262345" m_tx="12.306842" m_ty="-462.946594"/>
   <element name="chest01" layername="ches" frame="9" z_index="18" m_a="-0.891043" m_b="-2.399471" m_c="1.352795" m_d="-0.502360" m_tx="66.359108" m_ty="-42.589611"/>
   <element name="chest_shadow" layername="chest_shadow" frame="0" z_index="18" m_a="1.000000" m_b="0.000000" m_c="0.000000" m_d="1.000000" m_tx="13.500000" m_ty="23.430611"/>
   <element name="sparkle" layername="sparkle" frame="0" z_index="15" m_a="0.106339" m_b="0.044051" m_c="-0.044051" m_d="0.106339" m_tx="-53.249001" m_ty="-155.149002"/>
  </frame>
  <frame idx="325" w="575" h="1124" x="-224.654999" y="-596.130188">
   <element name="chest01" layername="ches" frame="2" z_index="16" m_a="0.977911" m_b="0.000000" m_c="0.000000" m_d="1.134092" m_tx="-73.829727" m_ty="165.494324"/>
   <element name="chest01" layername="ches" frame="5" z_index="17" m_a="0.973160" m_b="0.000000" m_c="0.000000" m_d="0.944236" m_tx="55.974117" m_ty="-94.582436"/>
   <element name="chest01" layername="ches" frame="9" z_index="18" m_a="-0.349303" m_b="2.570033" m_c="-1.187574" m_d="-0.161408" m_tx="-25.039875" m_ty="-435.428131"/>
   <element name="chest01" layername="ches" frame="9" z_index="18" m_a="-0.652167" m_b="-2.399512" m_c="1.372526" m_d="-0.373041" m_tx="60.396648" m_ty="-40.445904"/>
   <element name="chest_shadow" layername="chest_shadow" frame="0" z_index="18" m_a="1.000000" m_b="0.000000" m_c="0.000000" m_d="1.000000" m_tx="13.500000" m_ty="23.430611"/>
   <element name="sparkle" layername="sparkle" frame="0" z_index="15" m_a="0.105486" m_b="0.099039" m_c="-0.099039" m_d="0.105486" m_tx="-55.160763" m_ty="-151.325470"/>
  </frame>
  <frame idx="350" w="545" h="1070" x="-188.181580" y="-561.706055">
   <element name="chest01" layername="ches" frame="2" z_index="16" m_a="0.993656" m_b="0.000000" m_c="0.000000" m_d="1.038508" m_tx="-75.162659" m_ty="153.438583"/>
   <element name="chest01" layername="ches" frame="5" z_index="17" m_a="1.000000" m_b="0.000000" m_c="0.000000" m_d="1.000000" m_tx="58.034428" m_ty="-88.545059"/>
   <element name="chest01" layername="ches" frame="9" z_index="18" m_a="-0.128984" m_b="2.512079" m_c="-1.187180" m_d="-0.060956" m_tx="-57.535488" m_ty="-405.672882"/>
   <element name="chest01" layername="ches" frame="9" z_index="18" m_a="-0.420683" m_b="-2.376601" m_c="1.380120" m_d="-0.244296" m_tx="54.434193" m_ty="-38.302193"/>
   <element name="chest_shadow" layername="chest_shadow" frame="0" z_index="18" m_a="1.000000" m_b="0.000000" m_c="0.000000" m_d="1.000000" m_tx="13.500000" m_ty="23.430611"/>
   <element name="sparkle" layername="sparkle" frame="0" z_index="15" m_a="0.063400" m_b="0.171630" m_c="-0.171630" m_d="0.063400" m_tx="-57.133850" m_ty="-147.427780"/>
  </frame>
  <frame idx="375" w="507" h="1012" x="-153.791275" y="-523.651794">
   <element name="chest01" layername="ches" frame="2" z_index="16" m_a="1.000000" m_b="0.000000" m_c="0.000000" m_d="1.000000" m_tx="-75.694351" m_ty="148.591904"/>
   <element name="chest01" layername="ches" frame="5" z_index="17" m_a="1.000000" m_b="0.000000" m_c="0.000000" m_d="1.000000" m_tx="58.034428" m_ty="-85.885971"/>
   <element name="chest01" layername="ches" frame="9" z_index="18" m_a="0.079158" m_b="2.435828" m_c="-1.178373" m_d="0.038294" m_tx="-85.190460" m_ty="-374.314178"/>
   <element name="chest01" layername="ches" frame="9" z_index="18" m_a="-0.198729" m_b="-2.332081" m_c="1.375846" m_d="-0.117243" m_tx="48.471733" m_ty="-36.158485"/>
   <element name="chest_shadow" layername="chest_shadow" frame="0" z_index="18" m_a="1.000000" m_b="0.000000" m_c="0.000000" m_d="1.000000" m_tx="13.500000" m_ty="23.430611"/>
   <element name="sparkle" layername="sparkle" frame="0" z_index="15" m_a="-0.048882" m_b="0.224617" m_c="-0.224617" m_d="-0.048882" m_tx="-58.499001" m_ty="-144.748993"/>
  </frame>
  <frame idx="400" w="542" h="952" x="-185.511230" y="-483.032013">
   <element name="chest01" layername="ches" frame="2" z_index="16" m_a="1.000000" m_b="0.000000" m_c="0.000000" m_d="1.000000" m_tx="-75.694351" m_ty="148.591904"/>
   <element name="chest01" layername="ches" frame="5" z_index="17" m_a="1.000000" m_b="0.000000" m_c="0.000000" m_d="1.000000" m_tx="58.034428" m_ty="-81.037491"/>
   <element name="chest01" layername="ches" frame="9" z_index="18" m_a="0.273648" m_b="2.342913" m_c="-1.161351" m_d="0.135644" m_tx="-108.084358" m_ty="-341.958618"/>
   <element name="chest01" layername="ches" frame="9" z_index="18" m_a="0.011736" m_b="-2.267488" m_c="1.360072" m_d="0.007039" m_tx="42.509274" m_ty="-34.014778"/>
   <element name="chest_shadow" layername="chest_shadow" frame="0" z_index="18" m_a="1.000000" m_b="0.000000" m_c="0.000000" m_d="1.000000" m_tx="13.500000" m_ty="23.430611"/>
   <element name="sparkle" layername="sparkle" frame="0" z_index="15" m_a="-0.220185" m_b="0.180572" m_c="-0.180572" m_d="-0.220185" m_tx="-58.499001" m_ty="-144.748993"/>
  </frame>
  <frame idx="425" w="526" h="889" x="-170.801910" y="-440.421265">
   <element name="chest01" layername="ches" frame="2" z_index="16" m_a="1.000000" m_b="0.000000" m_c="0.000000" m_d="1.000000" m_tx="-75.694351" m_ty="148.591904"/>
   <element name="chest01" layername="ches" frame="5" z_index="17" m_a="1.000000" m_b="0.000000" m_c="0.000000" m_d="1.000000" m_tx="58.034428" m_ty="-73.169838"/>
   <element name="chest01" layername="ches" frame="9" z_index="18" m_a="0.453208" m_b="2.235080" m_c="-1.136370" m_d="0.230422" m_tx="-126.363251" m_ty="-309.178741"/>
   <element name="chest01" layername="ches" frame="9" z_index="18" m_a="0.208953" m_b="-2.184534" m_c="1.333262" m_d="0.127528" m_tx="36.546818" m_ty="-31.871069"/>
   <element name="chest_shadow" layername="chest_shadow" frame="0" z_index="18" m_a="1.000000" m_b="0.000000" m_c="0.000000" m_d="1.000000" m_tx="13.500000" m_ty="23.430611"/>
   <element name="sparkle" layername="sparkle" frame="0" z_index="15" m_a="-0.348620" m_b="-0.037421" m_c="0.037421" m_d="-0.348620" m_tx="-58.535763" m_ty="-144.712234"/>
  </frame>
  <frame idx="450" w="451" h="824" x="-101.663940" y="-395.896606">
   <element name="chest01" layername="ches" frame="2" z_index="16" m_a="1.016097" m_b="0.000000" m_c="0.000000" m_d="0.983524" m_tx="-76.648499" m_ty="169.088364"/>
   <element name="chest01" layername="ches" frame="5" z_index="17" m_a="1.000000" m_b="0.000000" m_c="0.000000" m_d="1.000000" m_tx="58.034428" m_ty="-70.337486"/>
   <element name="chest01" layername="ches" frame="9" z_index="18" m_a="0.616746" m_b="2.114169" m_c="-1.103741" m_d="0.321984" m_tx="-140.231400" m_ty="-276.506683"/>
   <element name="chest01" layername="ches" frame="9" z_index="18" m_a="0.391381" m_b="-2.085077" m_c="1.295972" m_d="0.243261" m_tx="30.584356" m_ty="-29.727360"/>
   <element name="chest_shadow" layername="chest_shadow" frame="0" z_index="18" m_a="1.000000" m_b="0.000000" m_c="0.000000" m_d="1.000000" m_tx="13.500000" m_ty="23.430611"/>
   <element name="sparkle" layername="sparkle" frame="0" z_index="15" m_a="-0.225953" m_b="-0.360340" m_c="0.360340" m_d="-0.225953" m_tx="-54.306576" m_ty="-127.899002"/>
  </frame>
  <frame idx="475" w="448" h="758" x="-100.031036" y="-350.531769">
   <element name="chest01" layername="ches" frame="0" z_index="17" m_a="1.022085" m_b="0.000000" m_c="0.000000" m_d="0.975171" m_tx="-74.698586" m_ty="199.062393"/>
   <element name="chest01" layername="ches" frame="5" z_index="18" m_a="1.000000" m_b="0.000000" m_c="0.000000" m_d="1.000000" m_tx="57.670738" m_ty="-69.072342"/>
   <element name="chest01" layername="ches" frame="9" z_index="18" m_a="0.763382" m_b="1.982094" m_c="-1.063825" m_d="0.409721" m_tx="-149.946991" m_ty="-244.428650"/>
   <element name="chest01" layername="ches" frame="9" z_index="18" m_a="0.557701" m_b="-1.971098" m_c="1.248837" m_d="0.353345" m_tx="24.621901" m_ty="-27.583652"/>
   <element name="chest_shadow" layername="chest_shadow" frame="0" z_index="18" m_a="1.000000" m_b="0.000000" m_c="0.000000" m_d="1.000000" m_tx="13.500000" m_ty="23.430611"/>
   <element name="sparkle" layername="sparkle" frame="0" z_index="16" m_a="0.223208" m_b="-0.457442" m_c="0.457442" m_d="0.223208" m_tx="-48.598999" m_ty="-111.479301"/>
  </frame>
  <frame idx="500" w="445" h="692" x="-97.905960" y="-304.890442">
   <element name="chest01" layername="ches" frame="0" z_index="17" m_a="0.987350" m_b="0.000000" m_c="0.000000" m_d="1.003770" m_tx="-72.160004" m_ty="203.741043"/>
   <element name="chest01" layername="ches" frame="5" z_index="18" m_a="1.000000" m_b="0.000000" m_c="0.000000" m_d="1.000000" m_tx="56.534195" m_ty="-65.118774"/>
   <element name="chest01" layername="ches" frame="9" z_index="18" m_a="0.892434" m_b="1.840822" m_c="-1.017032" m_d="0.493059" m_tx="-155.813202" m_ty="-213.380280"/>
   <element name="chest01" layername="ches" frame="9" z_index="18" m_a="0.706833" m_b="-1.844680" m_c="1.192569" m_d="0.456962" m_tx="18.659443" m_ty="-25.439943"/>
   <element name="chest_shadow" layername="chest_shadow" frame="0" z_index="18" m_a="1.000000" m_b="0.000000" m_c="0.000000" m_d="1.000000" m_tx="13.500000" m_ty="23.430611"/>
   <element name="sparkle" layername="sparkle" frame="0" z_index="16" m_a="0.601166" m_b="0.000000" m_c="0.000000" m_d="0.601166" m_tx="-44.848999" m_ty="-115.948997"/>
  </frame>
  <frame idx="525" w="461" h="635" x="-113.076157" y="-268.540558">
   <element name="chest01" layername="ches" frame="0" z_index="17" m_a="0.967132" m_b="0.000000" m_c="0.000000" m_d="1.020432" m_tx="-70.682411" m_ty="206.466812"/>
   <element name="chest01" layername="ches" frame="5" z_index="18" m_a="1.000000" m_b="0.000000" m_c="0.000000" m_d="1.000000" m_tx="55.397652" m_ty="-61.165192"/>
   <element name="chest01" layername="ches" frame="9" z_index="18" m_a="1.003437" m_b="1.692349" m_c="-0.963816" m_d="0.571471" m_tx="-158.172516" m_ty="-183.742493"/>
   <element name="chest01" layername="ches" frame="9" z_index="18" m_a="0.837940" m_b="-1.707973" m_c="1.127945" m_d="0.553375" m_tx="12.696981" m_ty="-23.296234"/>
   <element name="chest_shadow" layername="chest_shadow" frame="0" z_index="18" m_a="1.000000" m_b="0.000000" m_c="0.000000" m_d="1.000000" m_tx="13.500000" m_ty="23.430611"/>
   <element name="sparkle" layername="sparkle" frame="0" z_index="16" m_a="0.239373" m_b="0.452251" m_c="-0.452251" m_d="0.239373" m_tx="-41.246059" m_ty="-120.323997"/>
  </frame>
  <frame idx="550" w="587" h="596" x="-202.516403" y="-248.325043">
   <element name="chest01" layername="ches" frame="0" z_index="17" m_a="0.955400" m_b="0.000000" m_c="0.000000" m_d="1.030091" m_tx="-69.824966" m_ty="208.046921"/>
   <element name="chest01" layername="ches" frame="5" z_index="18" m_a="1.000000" m_b="0.000000" m_c="0.000000" m_d="1.000000" m_tx="54.261108" m_ty="-57.211613"/>
   <element name="chest01" layername="ches" frame="9" z_index="18" m_a="1.096131" m_b="1.538685" m_c="-0.904669" m_d="0.644470" m_tx="-157.398071" m_ty="-155.839035"/>
   <element name="chest01" layername="ches" frame="9" z_index="18" m_a="0.950428" m_b="-1.563177" m_c="1.055799" m_d="0.641937" m_tx="6.734529" m_ty="-21.152529"/>
   <element name="chest_shadow" layername="chest_shadow" frame="0" z_index="18" m_a="1.000000" m_b="0.000000" m_c="0.000000" m_d="1.000000" m_tx="13.500000" m_ty="23.430611"/>
   <element name="sparkle" layername="sparkle" frame="0" z_index="16" m_a="-0.213453" m_b="0.371553" m_c="-0.371553" m_d="-0.213453" m_tx="-37.549000" m_ty="-124.759605"/>
  </frame>
  <frame idx="575" w="567" h="555" x="-165.484177" y="-226.889587">
   <element name="chest01" layername="ches" frame="0" z_index="17" m_a="0.955902" m_b="0.000000" m_c="0.000000" m_d="1.030378" m_tx="-69.861671" m_ty="208.093887"/>
   <element name="chest01" layername="ches" frame="5" z_index="18" m_a="1.000000" m_b="0.000000" m_c="0.000000" m_d="1.000000" m_tx="53.124569" m_ty="-53.258038"/>
   <element name="chest01" layername="ches" frame="9" z_index="18" m_a="1.170464" m_b="1.381827" m_c="-0.840122" m_d="0.711617" m_tx="-153.886246" m_ty="-129.934204"/>
   <element name="chest01" layername="ches" frame="9" z_index="18" m_a="1.043954" m_b="-1.412509" m_c="0.977012" m_d="0.722088" m_tx="0.772068" m_ty="-19.008820"/>
   <element name="chest_shadow" layername="chest_shadow" frame="0" z_index="18" m_a="1.000000" m_b="0.000000" m_c="0.000000" m_d="1.000000" m_tx="13.500000" m_ty="23.430611"/>
   <element name="sparkle" layername="sparkle" frame="0" z_index="16" m_a="-0.349601" m_b="0.046053" m_c="-0.046053" m_d="-0.349601" m_tx="-33.811123" m_ty="-129.253540"/>
  </frame>
  <frame idx="600" w="513" h="514" x="-102.482758" y="-204.972183">
   <element name="chest01" layername="ches" frame="0" z_index="17" m_a="0.972260" m_b="0.000000" m_c="0.000000" m_d="1.019120" m_tx="-71.057159" m_ty="206.252213"/>
   <element name="chest01" layername="ches" frame="5" z_index="18" m_a="1.000000" m_b="0.000000" m_c="0.000000" m_d="1.000000" m_tx="51.988029" m_ty="-49.304466"/>
   <element name="chest01" layername="ches" frame="9" z_index="18" m_a="1.226588" m_b="1.223742" m_c="-0.770735" m_d="0.772528" m_tx="-148.048843" m_ty="-106.232033"/>
   <element name="chest01" layername="ches" frame="9" z_index="18" m_a="1.118418" m_b="-1.258176" m_c="0.892505" m_d="0.793366" m_tx="-5.190393" m_ty="-16.865110"/>
   <element name="chest_shadow" layername="chest_shadow" frame="0" z_index="18" m_a="1.000000" m_b="0.000000" m_c="0.000000" m_d="1.000000" m_tx="13.500000" m_ty="23.430611"/>
   <element name="sparkle" layername="sparkle" frame="0" z_index="16" m_a="-0.220185" m_b="-0.180586" m_c="0.180586" m_d="-0.220185" m_tx="-30.099001" m_ty="-133.798996"/>
  </frame>
  <frame idx="625" w="522" h="472" x="-103.676033" y="-182.807983">
   <element name="chest01" layername="ches" frame="0" z_index="17" m_a="0.983592" m_b="0.000000" m_c="0.000000" m_d="1.011311" m_tx="-71.885330" m_ty="204.974731"/>
   <element name="chest01" layername="ches" frame="5" z_index="18" m_a="1.000000" m_b="0.000000" m_c="0.000000" m_d="1.000000" m_tx="50.851486" m_ty="-45.350891"/>
   <element name="chest01" layername="ches" frame="9" z_index="18" m_a="1.264853" m_b="1.066346" m_c="-0.697096" m_d="0.826865" m_tx="-140.305344" m_ty="-84.876091"/>
   <element name="chest01" layername="ches" frame="9" z_index="18" m_a="1.173962" m_b="-1.102355" m_c="0.803226" m_d="0.855402" m_tx="-11.152845" m_ty="-14.721403"/>
   <element name="chest_shadow" layername="chest_shadow" frame="0" z_index="18" m_a="1.000000" m_b="0.000000" m_c="0.000000" m_d="1.000000" m_tx="13.500000" m_ty="23.430611"/>
   <element name="sparkle" layername="sparkle" frame="0" z_index="16" m_a="-0.053669" m_b="-0.225184" m_c="0.225184" m_d="-0.053669" m_tx="-26.459295" m_ty="-138.137238"/>
  </frame>
  <frame idx="650" w="525" h="452" x="-104.700348" y="-180.582382">
   <element name="chest01" layername="ches" frame="0" z_index="17" m_a="0.992162" m_b="0.000000" m_c="0.000000" m_d="1.005402" m_tx="-72.511665" m_ty="204.008011"/>
   <element name="chest01" layername="ches" frame="5" z_index="18" m_a="1.000000" m_b="0.000000" m_c="0.000000" m_d="1.000000" m_tx="49.714943" m_ty="-41.397316"/>
   <element name="chest01" layername="ches" frame="9" z_index="18" m_a="1.285799" m_b="0.911485" m_c="-0.619814" m_d="0.874350" m_tx="-131.075165" m_ty="-65.950325"/>
   <element name="chest01" layername="ches" frame="9" z_index="18" m_a="1.210961" m_b="-0.947161" m_c="0.710142" m_d="0.907929" m_tx="-17.115307" m_ty="-12.577694"/>
   <element name="chest_shadow" layername="chest_shadow" frame="0" z_index="18" m_a="1.000000" m_b="0.000000" m_c="0.000000" m_d="1.000000" m_tx="13.500000" m_ty="23.430611"/>
   <element name="sparkle" layername="sparkle" frame="0" z_index="16" m_a="0.060378" m_b="-0.174543" m_c="0.174543" m_d="0.060378" m_tx="-22.773243" m_ty="-142.583847"/>
  </frame>
  <frame idx="675" w="520" h="435" x="-104.537735" y="-182.146362">
   <element name="chest01" layername="ches" frame="0" z_index="17" m_a="0.997676" m_b="0.000000" m_c="0.000000" m_d="1.001598" m_tx="-72.914711" m_ty="203.385803"/>
   <element name="chest01" layername="ches" frame="5" z_index="18" m_a="1.000000" m_b="0.000000" m_c="0.000000" m_d="1.000000" m_tx="48.578400" m_ty="-37.443741"/>
   <element name="chest01" layername="ches" frame="9" z_index="18" m_a="1.290148" m_b="0.760917" m_c="-0.539514" m_d="0.914756" m_tx="-120.770355" m_ty="-49.480778"/>
   <element name="chest01" layername="ches" frame="9" z_index="18" m_a="1.230016" m_b="-0.794628" m_c="0.614229" m_d="0.950774" m_tx="-23.077768" m_ty="-10.433985"/>
   <element name="chest_shadow" layername="chest_shadow" frame="0" z_index="18" m_a="1.000000" m_b="0.000000" m_c="0.000000" m_d="1.000000" m_tx="13.500000" m_ty="23.430611"/>
   <element name="sparkle" layername="sparkle" frame="0" z_index="16" m_a="0.105043" m_b="-0.100809" m_c="0.100809" m_d="0.105043" m_tx="-20.249001" m_ty="-145.649002"/>
  </frame>
  <frame idx="700" w="509" h="415" x="-103.679893" y="-180.646301">
   <element name="chest01" layername="ches" frame="0" z_index="17" m_a="1.000000" m_b="0.000000" m_c="0.000000" m_d="1.000000" m_tx="-73.084526" m_ty="203.124298"/>
   <element name="chest01" layername="ches" frame="5" z_index="18" m_a="1.000000" m_b="0.000000" m_c="0.000000" m_d="1.000000" m_tx="47.441860" m_ty="-33.490166"/>
   <element name="chest01" layername="ches" frame="9" z_index="18" m_a="1.278789" m_b="0.616296" m_c="-0.456835" m_d="0.947915" m_tx="-109.788628" m_ty="-35.438210"/>
   <element name="chest01" layername="ches" frame="9" z_index="18" m_a="1.231936" m_b="-0.646684" m_c="0.516462" m_d="0.983863" m_tx="-29.040220" m_ty="-8.290278"/>
   <element name="chest_shadow" layername="chest_shadow" frame="0" z_index="18" m_a="1.000000" m_b="0.000000" m_c="0.000000" m_d="1.000000" m_tx="13.500000" m_ty="23.430611"/>
   <element name="sparkle" layername="sparkle" frame="0" z_index="16" m_a="0.106339" m_b="-0.044052" m_c="0.044052" m_d="0.106339" m_tx="-20.249001" m_ty="-145.649002"/>
  </frame>
  <frame idx="725" w="493" h="393" x="-102.679893" y="-178.646561">
   <element name="chest01" layername="ches" frame="0" z_index="17" m_a="1.000000" m_b="0.000000" m_c="0.000000" m_d="1.000000" m_tx="-73.084526" m_ty="203.124298"/>
   <element name="chest01" layername="ches" frame="5" z_index="18" m_a="1.000000" m_b="0.000000" m_c="0.000000" m_d="1.000000" m_tx="46.305321" m_ty="-29.536587"/>
   <element name="chest01" layername="ches" frame="9" z_index="18" m_a="1.252770" m_b="0.479152" m_c="-0.372421" m_d="0.973716" m_tx="-98.506676" m_ty="-23.741190"/>
   <element name="chest01" layername="ches" frame="9" z_index="18" m_a="1.217730" m_b="-0.505128" m_c="0.417806" m_d="1.007220" m_tx="-35.002682" m_ty="-6.146569"/>
   <element name="chest_shadow" layername="chest_shadow" frame="0" z_index="18" m_a="1.000000" m_b="0.000000" m_c="0.000000" m_d="1.000000" m_tx="13.500000" m_ty="23.430611"/>
   <element name="sparkle" layername="sparkle" frame="0" z_index="16" m_a="0.095715" m_b="-0.016927" m_c="0.016927" m_d="0.095715" m_tx="-20.249001" m_ty="-145.649002"/>
  </frame>
  <frame idx="750" w="471" h="380" x="-100.679893" y="-177.646790">
   <element name="chest01" layername="ches" frame="0" z_index="17" m_a="1.000000" m_b="0.000000" m_c="0.000000" m_d="1.000000" m_tx="-73.084526" m_ty="203.124298"/>
   <element name="chest01" layername="ches" frame="5" z_index="18" m_a="1.000000" m_b="0.000000" m_c="0.000000" m_d="1.000000" m_tx="45.168777" m_ty="-25.583015"/>
   <element name="chest01" layername="ches" frame="9" z_index="18" m_a="1.213282" m_b="0.350883" m_c="-0.286917" m_d="0.992102" m_tx="-87.274139" m_ty="-14.260504"/>
   <element name="chest01" layername="ches" frame="9" z_index="18" m_a="1.188587" m_b="-0.371614" m_c="0.319205" m_d="1.020958" m_tx="-40.965141" m_ty="-4.002859"/>
   <element name="chest_shadow" layername="chest_shadow" frame="0" z_index="18" m_a="1.000000" m_b="0.000000" m_c="0.000000" m_d="1.000000" m_tx="13.500000" m_ty="23.430611"/>
   <element name="sparkle" layername="sparkle" frame="0" z_index="16" m_a="0.086736" m_b="-0.004322" m_c="0.004322" m_d="0.086736" m_tx="-20.249001" m_ty="-145.649002"/>
  </frame>
  <frame idx="775" w="443" h="378" x="-98.179893" y="-177.146881">
   <element name="chest01" layername="ches" frame="0" z_index="17" m_a="1.000000" m_b="0.000000" m_c="0.000000" m_d="1.000000" m_tx="-73.084526" m_ty="203.124298"/>
   <element name="chest01" layername="ches" frame="5" z_index="18" m_a="1.000000" m_b="0.000000" m_c="0.000000" m_d="1.000000" m_tx="44.032234" m_ty="-21.629438"/>
   <element name="chest01" layername="ches" frame="9" z_index="18" m_a="1.161642" m_b="0.232738" m_c="-0.200969" m_d="1.003074" m_tx="-76.408211" m_ty="-6.823569"/>
   <element name="chest01" layername="ches" frame="9" z_index="18" m_a="1.145860" m_b="-0.247633" m_c="0.221575" m_d="1.025283" m_tx="-46.927597" m_ty="-1.859153"/>
   <element name="chest_shadow" layername="chest_shadow" frame="0" z_index="18" m_a="1.000000" m_b="0.000000" m_c="0.000000" m_d="1.000000" m_tx="13.500000" m_ty="23.430611"/>
   <element name="sparkle" layername="sparkle" frame="0" z_index="16" m_a="0.082687" m_b="0.000000" m_c="0.000000" m_d="0.082687" m_tx="-20.249001" m_ty="-145.649002"/>
  </frame>
  <frame idx="800" w="429" h="376" x="-97.179893" y="-177.146881">
   <element name="chest01" layername="ches" frame="0" z_index="17" m_a="1.000000" m_b="0.000000" m_c="0.000000" m_d="1.000000" m_tx="-73.084526" m_ty="203.124298"/>
   <element name="chest01" layername="ches" frame="5" z_index="18" m_a="1.000000" m_b="0.000000" m_c="0.000000" m_d="1.000000" m_tx="42.895695" m_ty="-17.675861"/>
   <element name="chest01" layername="ches" frame="9" z_index="18" m_a="1.099277" m_b="0.125807" m_c="-0.115210" m_d="1.006688" m_tx="-66.188705" m_ty="-1.219830"/>
   <element name="chest01" layername="ches" frame="9" z_index="18" m_a="1.091040" m_b="-0.134494" m_c="0.125796" m_d="1.020486" m_tx="-52.890057" m_ty="0.284556"/>
   <element name="chest_shadow" layername="chest_shadow" frame="0" z_index="18" m_a="1.000000" m_b="0.000000" m_c="0.000000" m_d="1.000000" m_tx="13.500000" m_ty="23.430611"/>
   <element name="sparkle" layername="sparkle" frame="0" z_index="18" m_a="0.082687" m_b="0.000000" m_c="0.000000" m_d="0.082687" m_tx="-20.249001" m_ty="-145.649002"/>
  </frame>
 </anim>
</Anims>
