<Anims>
 <anim name="idle" root="chesset" numframes="1000" framerate="40">
  <frame idx="0" w="335" h="521" x="-26.383728" y="-167.465881">
   <element name="chess01" layername="chesset" frame="0" z_index="2" m_a="1.000000" m_b="0.000000" m_c="0.000000" m_d="0.842537" m_tx="-137.883728" m_ty="-278.150146"/>
  </frame>
  <frame idx="25" w="335" h="521" x="-26.383728" y="-167.465881">
   <element name="chess01" layername="chesset" frame="0" z_index="2" m_a="1.000000" m_b="0.000000" m_c="0.000000" m_d="0.842537" m_tx="-137.883728" m_ty="-278.150146"/>
  </frame>
  <frame idx="50" w="335" h="521" x="-26.383728" y="-167.465881">
   <element name="chess01" layername="chesset" frame="0" z_index="2" m_a="1.000000" m_b="0.000000" m_c="0.000000" m_d="0.842537" m_tx="-137.883728" m_ty="-278.150146"/>
  </frame>
  <frame idx="75" w="335" h="521" x="-26.383728" y="-167.465881">
   <element name="chess01" layername="chesset" frame="0" z_index="2" m_a="1.000000" m_b="0.000000" m_c="0.000000" m_d="0.842537" m_tx="-137.883728" m_ty="-278.150146"/>
  </frame>
  <frame idx="100" w="335" h="521" x="-26.383728" y="-167.465881">
   <element name="chess01" layername="chesset" frame="0" z_index="2" m_a="1.000000" m_b="0.000000" m_c="0.000000" m_d="0.842537" m_tx="-137.883728" m_ty="-278.150146"/>
  </frame>
  <frame idx="125" w="335" h="521" x="-26.383728" y="-167.465881">
   <element name="chess01" layername="chesset" frame="0" z_index="2" m_a="1.000000" m_b="0.000000" m_c="0.000000" m_d="0.842537" m_tx="-137.883728" m_ty="-278.150146"/>
  </frame>
  <frame idx="150" w="335" h="521" x="-26.383728" y="-167.465881">
   <element name="chess01" layername="chesset" frame="0" z_index="2" m_a="1.000000" m_b="0.000000" m_c="0.000000" m_d="0.842537" m_tx="-137.883728" m_ty="-278.150146"/>
  </frame>
  <frame idx="175" w="335" h="521" x="-26.383728" y="-167.465881">
   <element name="chess01" layername="chesset" frame="0" z_index="2" m_a="1.000000" m_b="0.000000" m_c="0.000000" m_d="0.842537" m_tx="-137.883728" m_ty="-278.150146"/>
  </frame>
  <frame idx="200" w="335" h="521" x="-26.383728" y="-167.465881">
   <element name="chess01" layername="chesset" frame="0" z_index="2" m_a="1.000000" m_b="0.000000" m_c="0.000000" m_d="0.842537" m_tx="-137.883728" m_ty="-278.150146"/>
  </frame>
  <frame idx="225" w="335" h="521" x="-26.383728" y="-167.465881">
   <element name="chess01" layername="chesset" frame="0" z_index="2" m_a="1.000000" m_b="0.000000" m_c="0.000000" m_d="0.842537" m_tx="-137.883728" m_ty="-278.150146"/>
  </frame>
  <frame idx="250" w="335" h="521" x="-26.383728" y="-167.465881">
   <element name="chess01" layername="chesset" frame="0" z_index="2" m_a="1.000000" m_b="0.000000" m_c="0.000000" m_d="0.842537" m_tx="-137.883728" m_ty="-278.150146"/>
  </frame>
  <frame idx="275" w="335" h="521" x="-26.383728" y="-167.465881">
   <element name="chess01" layername="chesset" frame="0" z_index="2" m_a="1.000000" m_b="0.000000" m_c="0.000000" m_d="0.842537" m_tx="-137.883728" m_ty="-278.150146"/>
  </frame>
  <frame idx="300" w="335" h="521" x="-26.383728" y="-167.465881">
   <element name="chess01" layername="chesset" frame="0" z_index="2" m_a="1.000000" m_b="0.000000" m_c="0.000000" m_d="0.842537" m_tx="-137.883728" m_ty="-278.150146"/>
  </frame>
  <frame idx="325" w="335" h="521" x="-26.383728" y="-167.465881">
   <element name="chess01" layername="chesset" frame="0" z_index="2" m_a="1.000000" m_b="0.000000" m_c="0.000000" m_d="0.842537" m_tx="-137.883728" m_ty="-278.150146"/>
  </frame>
  <frame idx="350" w="335" h="521" x="-26.383728" y="-167.465881">
   <element name="chess01" layername="chesset" frame="0" z_index="2" m_a="1.000000" m_b="0.000000" m_c="0.000000" m_d="0.842537" m_tx="-137.883728" m_ty="-278.150146"/>
  </frame>
  <frame idx="375" w="335" h="521" x="-26.383728" y="-167.465881">
   <element name="chess01" layername="chesset" frame="0" z_index="2" m_a="1.000000" m_b="0.000000" m_c="0.000000" m_d="0.842537" m_tx="-137.883728" m_ty="-278.150146"/>
  </frame>
  <frame idx="400" w="335" h="521" x="-26.383728" y="-167.465881">
   <element name="chess01" layername="chesset" frame="0" z_index="2" m_a="1.000000" m_b="0.000000" m_c="0.000000" m_d="0.842537" m_tx="-137.883728" m_ty="-278.150146"/>
  </frame>
  <frame idx="425" w="335" h="521" x="-26.383728" y="-167.465881">
   <element name="chess01" layername="chesset" frame="0" z_index="2" m_a="1.000000" m_b="0.000000" m_c="0.000000" m_d="0.842537" m_tx="-137.883728" m_ty="-278.150146"/>
  </frame>
  <frame idx="450" w="335" h="521" x="-26.383728" y="-167.465881">
   <element name="chess01" layername="chesset" frame="0" z_index="2" m_a="1.000000" m_b="0.000000" m_c="0.000000" m_d="0.842537" m_tx="-137.883728" m_ty="-278.150146"/>
  </frame>
  <frame idx="475" w="335" h="521" x="-26.383728" y="-167.465881">
   <element name="chess01" layername="chesset" frame="0" z_index="2" m_a="1.000000" m_b="0.000000" m_c="0.000000" m_d="0.842537" m_tx="-137.883728" m_ty="-278.150146"/>
  </frame>
  <frame idx="500" w="335" h="521" x="-26.383728" y="-167.465881">
   <element name="chess01" layername="chesset" frame="0" z_index="2" m_a="1.000000" m_b="0.000000" m_c="0.000000" m_d="0.842537" m_tx="-137.883728" m_ty="-278.150146"/>
  </frame>
  <frame idx="525" w="335" h="521" x="-26.383728" y="-167.465881">
   <element name="chess01" layername="chesset" frame="0" z_index="2" m_a="1.000000" m_b="0.000000" m_c="0.000000" m_d="0.842537" m_tx="-137.883728" m_ty="-278.150146"/>
  </frame>
  <frame idx="550" w="335" h="521" x="-26.383728" y="-167.465881">
   <element name="chess01" layername="chesset" frame="0" z_index="2" m_a="1.000000" m_b="0.000000" m_c="0.000000" m_d="0.842537" m_tx="-137.883728" m_ty="-278.150146"/>
  </frame>
  <frame idx="575" w="335" h="521" x="-26.383728" y="-167.465881">
   <element name="chess01" layername="chesset" frame="0" z_index="2" m_a="1.000000" m_b="0.000000" m_c="0.000000" m_d="0.842537" m_tx="-137.883728" m_ty="-278.150146"/>
  </frame>
  <frame idx="600" w="335" h="521" x="-26.383728" y="-167.465881">
   <element name="chess01" layername="chesset" frame="0" z_index="2" m_a="1.000000" m_b="0.000000" m_c="0.000000" m_d="0.842537" m_tx="-137.883728" m_ty="-278.150146"/>
  </frame>
  <frame idx="625" w="335" h="521" x="-26.383728" y="-167.465881">
   <element name="chess01" layername="chesset" frame="0" z_index="2" m_a="1.000000" m_b="0.000000" m_c="0.000000" m_d="0.842537" m_tx="-137.883728" m_ty="-278.150146"/>
  </frame>
  <frame idx="650" w="335" h="521" x="-26.383728" y="-167.465881">
   <element name="chess01" layername="chesset" frame="0" z_index="2" m_a="1.000000" m_b="0.000000" m_c="0.000000" m_d="0.842537" m_tx="-137.883728" m_ty="-278.150146"/>
  </frame>
  <frame idx="675" w="335" h="521" x="-26.383728" y="-167.465881">
   <element name="chess01" layername="chesset" frame="0" z_index="2" m_a="1.000000" m_b="0.000000" m_c="0.000000" m_d="0.842537" m_tx="-137.883728" m_ty="-278.150146"/>
  </frame>
  <frame idx="700" w="335" h="521" x="-26.383728" y="-167.465881">
   <element name="chess01" layername="chesset" frame="0" z_index="2" m_a="1.000000" m_b="0.000000" m_c="0.000000" m_d="0.842537" m_tx="-137.883728" m_ty="-278.150146"/>
  </frame>
  <frame idx="725" w="335" h="521" x="-26.383728" y="-167.465881">
   <element name="chess01" layername="chesset" frame="0" z_index="2" m_a="1.000000" m_b="0.000000" m_c="0.000000" m_d="0.842537" m_tx="-137.883728" m_ty="-278.150146"/>
  </frame>
  <frame idx="750" w="335" h="521" x="-26.383728" y="-167.465881">
   <element name="chess01" layername="chesset" frame="0" z_index="2" m_a="1.000000" m_b="0.000000" m_c="0.000000" m_d="0.842537" m_tx="-137.883728" m_ty="-278.150146"/>
  </frame>
  <frame idx="775" w="335" h="521" x="-26.383728" y="-167.465881">
   <element name="chess01" layername="chesset" frame="0" z_index="2" m_a="1.000000" m_b="0.000000" m_c="0.000000" m_d="0.842537" m_tx="-137.883728" m_ty="-278.150146"/>
  </frame>
  <frame idx="800" w="335" h="521" x="-26.383728" y="-167.465881">
   <element name="chess01" layername="chesset" frame="0" z_index="2" m_a="1.000000" m_b="0.000000" m_c="0.000000" m_d="0.842537" m_tx="-137.883728" m_ty="-278.150146"/>
  </frame>
  <frame idx="825" w="335" h="521" x="-26.383728" y="-167.465881">
   <element name="chess01" layername="chesset" frame="0" z_index="2" m_a="1.000000" m_b="0.000000" m_c="0.000000" m_d="0.842537" m_tx="-137.883728" m_ty="-278.150146"/>
  </frame>
  <frame idx="850" w="335" h="521" x="-26.383728" y="-167.465881">
   <element name="chess01" layername="chesset" frame="0" z_index="2" m_a="1.000000" m_b="0.000000" m_c="0.000000" m_d="0.842537" m_tx="-137.883728" m_ty="-278.150146"/>
  </frame>
  <frame idx="875" w="335" h="521" x="-26.383728" y="-167.465881">
   <element name="chess01" layername="chesset" frame="0" z_index="2" m_a="1.000000" m_b="0.000000" m_c="0.000000" m_d="0.842537" m_tx="-137.883728" m_ty="-278.150146"/>
  </frame>
  <frame idx="900" w="335" h="521" x="-26.383728" y="-167.465881">
   <element name="chess01" layername="chesset" frame="0" z_index="2" m_a="1.000000" m_b="0.000000" m_c="0.000000" m_d="0.842537" m_tx="-137.883728" m_ty="-278.150146"/>
  </frame>
  <frame idx="925" w="335" h="521" x="-26.383728" y="-167.465881">
   <element name="chess01" layername="chesset" frame="0" z_index="2" m_a="1.000000" m_b="0.000000" m_c="0.000000" m_d="0.842537" m_tx="-137.883728" m_ty="-278.150146"/>
  </frame>
  <frame idx="950" w="335" h="521" x="-26.383728" y="-167.465881">
   <element name="chess01" layername="chesset" frame="0" z_index="2" m_a="1.000000" m_b="0.000000" m_c="0.000000" m_d="0.842537" m_tx="-137.883728" m_ty="-278.150146"/>
  </frame>
  <frame idx="975" w="335" h="521" x="-26.383728" y="-167.465881">
   <element name="chess01" layername="chesset" frame="0" z_index="2" m_a="1.000000" m_b="0.000000" m_c="0.000000" m_d="0.842537" m_tx="-137.883728" m_ty="-278.150146"/>
  </frame>
 </anim>
 <anim name="hit" root="chesset" numframes="1000" framerate="40">
  <frame idx="0" w="335" h="521" x="-26.383728" y="-167.465881">
   <element name="chess01" layername="chesset" frame="0" z_index="2" m_a="1.000000" m_b="0.000000" m_c="0.000000" m_d="0.842537" m_tx="-137.883728" m_ty="-278.150146"/>
  </frame>
  <frame idx="25" w="353" h="475" x="-29.001560" y="-151.076370">
   <element name="chess01" layername="chesset" frame="0" z_index="2" m_a="1.050770" m_b="0.000000" m_c="0.000000" m_d="0.772294" m_tx="-146.084015" m_ty="-252.406204"/>
  </frame>
  <frame idx="50" w="370" h="427" x="-31.619392" y="-134.186874">
   <element name="chess01" layername="chesset" frame="0" z_index="2" m_a="1.101541" m_b="0.000000" m_c="0.000000" m_d="0.702051" m_tx="-154.284302" m_ty="-226.662277"/>
  </frame>
  <frame idx="75" w="387" h="378" x="-34.237209" y="-116.797363">
   <element name="chess01" layername="chesset" frame="0" z_index="2" m_a="1.152311" m_b="0.000000" m_c="0.000000" m_d="0.631809" m_tx="-162.484589" m_ty="-200.918335"/>
  </frame>
  <frame idx="100" w="378" h="404" x="-32.647816" y="-126.093658">
   <element name="chess01" layername="chesset" frame="0" z_index="2" m_a="1.125541" m_b="0.000000" m_c="0.000000" m_d="0.668846" m_tx="-158.160797" m_ty="-214.492416"/>
  </frame>
  <frame idx="125" w="363" h="447" x="-30.631598" y="-141.311386">
   <element name="chess01" layername="chesset" frame="0" z_index="2" m_a="1.079386" m_b="0.000000" m_c="0.000000" m_d="0.732703" m_tx="-150.705994" m_ty="-237.895996"/>
  </frame>
  <frame idx="150" w="347" h="490" x="-28.115396" y="-156.529114">
   <element name="chess01" layername="chesset" frame="0" z_index="2" m_a="1.033231" m_b="0.000000" m_c="0.000000" m_d="0.796560" m_tx="-143.251190" m_ty="-261.299561"/>
  </frame>
  <frame idx="175" w="335" h="521" x="-26.383728" y="-167.465881">
   <element name="chess01" layername="chesset" frame="0" z_index="2" m_a="1.000000" m_b="0.000000" m_c="0.000000" m_d="0.842537" m_tx="-137.883728" m_ty="-278.150146"/>
  </frame>
  <frame idx="200" w="335" h="521" x="-26.383728" y="-167.465881">
   <element name="chess01" layername="chesset" frame="0" z_index="2" m_a="1.000000" m_b="0.000000" m_c="0.000000" m_d="0.842537" m_tx="-137.883728" m_ty="-278.150146"/>
  </frame>
  <frame idx="225" w="335" h="521" x="-26.383728" y="-167.465881">
   <element name="chess01" layername="chesset" frame="0" z_index="2" m_a="1.000000" m_b="0.000000" m_c="0.000000" m_d="0.842537" m_tx="-137.883728" m_ty="-278.150146"/>
  </frame>
  <frame idx="250" w="335" h="521" x="-26.383728" y="-167.465881">
   <element name="chess01" layername="chesset" frame="0" z_index="2" m_a="1.000000" m_b="0.000000" m_c="0.000000" m_d="0.842537" m_tx="-137.883728" m_ty="-278.150146"/>
  </frame>
  <frame idx="275" w="335" h="521" x="-26.383728" y="-167.465881">
   <element name="chess01" layername="chesset" frame="0" z_index="2" m_a="1.000000" m_b="0.000000" m_c="0.000000" m_d="0.842537" m_tx="-137.883728" m_ty="-278.150146"/>
  </frame>
  <frame idx="300" w="335" h="521" x="-26.383728" y="-167.465881">
   <element name="chess01" layername="chesset" frame="0" z_index="2" m_a="1.000000" m_b="0.000000" m_c="0.000000" m_d="0.842537" m_tx="-137.883728" m_ty="-278.150146"/>
  </frame>
  <frame idx="325" w="335" h="521" x="-26.383728" y="-167.465881">
   <element name="chess01" layername="chesset" frame="0" z_index="2" m_a="1.000000" m_b="0.000000" m_c="0.000000" m_d="0.842537" m_tx="-137.883728" m_ty="-278.150146"/>
  </frame>
  <frame idx="350" w="335" h="521" x="-26.383728" y="-167.465881">
   <element name="chess01" layername="chesset" frame="0" z_index="2" m_a="1.000000" m_b="0.000000" m_c="0.000000" m_d="0.842537" m_tx="-137.883728" m_ty="-278.150146"/>
  </frame>
  <frame idx="375" w="335" h="521" x="-26.383728" y="-167.465881">
   <element name="chess01" layername="chesset" frame="0" z_index="2" m_a="1.000000" m_b="0.000000" m_c="0.000000" m_d="0.842537" m_tx="-137.883728" m_ty="-278.150146"/>
  </frame>
  <frame idx="400" w="335" h="521" x="-26.383728" y="-167.465881">
   <element name="chess01" layername="chesset" frame="0" z_index="2" m_a="1.000000" m_b="0.000000" m_c="0.000000" m_d="0.842537" m_tx="-137.883728" m_ty="-278.150146"/>
  </frame>
  <frame idx="425" w="335" h="521" x="-26.383728" y="-167.465881">
   <element name="chess01" layername="chesset" frame="0" z_index="2" m_a="1.000000" m_b="0.000000" m_c="0.000000" m_d="0.842537" m_tx="-137.883728" m_ty="-278.150146"/>
  </frame>
  <frame idx="450" w="335" h="521" x="-26.383728" y="-167.465881">
   <element name="chess01" layername="chesset" frame="0" z_index="2" m_a="1.000000" m_b="0.000000" m_c="0.000000" m_d="0.842537" m_tx="-137.883728" m_ty="-278.150146"/>
  </frame>
  <frame idx="475" w="335" h="521" x="-26.383728" y="-167.465881">
   <element name="chess01" layername="chesset" frame="0" z_index="2" m_a="1.000000" m_b="0.000000" m_c="0.000000" m_d="0.842537" m_tx="-137.883728" m_ty="-278.150146"/>
  </frame>
  <frame idx="500" w="335" h="521" x="-26.383728" y="-167.465881">
   <element name="chess01" layername="chesset" frame="0" z_index="2" m_a="1.000000" m_b="0.000000" m_c="0.000000" m_d="0.842537" m_tx="-137.883728" m_ty="-278.150146"/>
  </frame>
  <frame idx="525" w="335" h="521" x="-26.383728" y="-167.465881">
   <element name="chess01" layername="chesset" frame="0" z_index="2" m_a="1.000000" m_b="0.000000" m_c="0.000000" m_d="0.842537" m_tx="-137.883728" m_ty="-278.150146"/>
  </frame>
  <frame idx="550" w="335" h="521" x="-26.383728" y="-167.465881">
   <element name="chess01" layername="chesset" frame="0" z_index="2" m_a="1.000000" m_b="0.000000" m_c="0.000000" m_d="0.842537" m_tx="-137.883728" m_ty="-278.150146"/>
  </frame>
  <frame idx="575" w="335" h="521" x="-26.383728" y="-167.465881">
   <element name="chess01" layername="chesset" frame="0" z_index="2" m_a="1.000000" m_b="0.000000" m_c="0.000000" m_d="0.842537" m_tx="-137.883728" m_ty="-278.150146"/>
  </frame>
  <frame idx="600" w="335" h="521" x="-26.383728" y="-167.465881">
   <element name="chess01" layername="chesset" frame="0" z_index="2" m_a="1.000000" m_b="0.000000" m_c="0.000000" m_d="0.842537" m_tx="-137.883728" m_ty="-278.150146"/>
  </frame>
  <frame idx="625" w="335" h="521" x="-26.383728" y="-167.465881">
   <element name="chess01" layername="chesset" frame="0" z_index="2" m_a="1.000000" m_b="0.000000" m_c="0.000000" m_d="0.842537" m_tx="-137.883728" m_ty="-278.150146"/>
  </frame>
  <frame idx="650" w="335" h="521" x="-26.383728" y="-167.465881">
   <element name="chess01" layername="chesset" frame="0" z_index="2" m_a="1.000000" m_b="0.000000" m_c="0.000000" m_d="0.842537" m_tx="-137.883728" m_ty="-278.150146"/>
  </frame>
  <frame idx="675" w="335" h="521" x="-26.383728" y="-167.465881">
   <element name="chess01" layername="chesset" frame="0" z_index="2" m_a="1.000000" m_b="0.000000" m_c="0.000000" m_d="0.842537" m_tx="-137.883728" m_ty="-278.150146"/>
  </frame>
  <frame idx="700" w="335" h="521" x="-26.383728" y="-167.465881">
   <element name="chess01" layername="chesset" frame="0" z_index="2" m_a="1.000000" m_b="0.000000" m_c="0.000000" m_d="0.842537" m_tx="-137.883728" m_ty="-278.150146"/>
  </frame>
  <frame idx="725" w="335" h="521" x="-26.383728" y="-167.465881">
   <element name="chess01" layername="chesset" frame="0" z_index="2" m_a="1.000000" m_b="0.000000" m_c="0.000000" m_d="0.842537" m_tx="-137.883728" m_ty="-278.150146"/>
  </frame>
  <frame idx="750" w="335" h="521" x="-26.383728" y="-167.465881">
   <element name="chess01" layername="chesset" frame="0" z_index="2" m_a="1.000000" m_b="0.000000" m_c="0.000000" m_d="0.842537" m_tx="-137.883728" m_ty="-278.150146"/>
  </frame>
  <frame idx="775" w="335" h="521" x="-26.383728" y="-167.465881">
   <element name="chess01" layername="chesset" frame="0" z_index="2" m_a="1.000000" m_b="0.000000" m_c="0.000000" m_d="0.842537" m_tx="-137.883728" m_ty="-278.150146"/>
  </frame>
  <frame idx="800" w="335" h="521" x="-26.383728" y="-167.465881">
   <element name="chess01" layername="chesset" frame="0" z_index="2" m_a="1.000000" m_b="0.000000" m_c="0.000000" m_d="0.842537" m_tx="-137.883728" m_ty="-278.150146"/>
  </frame>
  <frame idx="825" w="335" h="521" x="-26.383728" y="-167.465881">
   <element name="chess01" layername="chesset" frame="0" z_index="2" m_a="1.000000" m_b="0.000000" m_c="0.000000" m_d="0.842537" m_tx="-137.883728" m_ty="-278.150146"/>
  </frame>
  <frame idx="850" w="335" h="521" x="-26.383728" y="-167.465881">
   <element name="chess01" layername="chesset" frame="0" z_index="2" m_a="1.000000" m_b="0.000000" m_c="0.000000" m_d="0.842537" m_tx="-137.883728" m_ty="-278.150146"/>
  </frame>
  <frame idx="875" w="335" h="521" x="-26.383728" y="-167.465881">
   <element name="chess01" layername="chesset" frame="0" z_index="2" m_a="1.000000" m_b="0.000000" m_c="0.000000" m_d="0.842537" m_tx="-137.883728" m_ty="-278.150146"/>
  </frame>
  <frame idx="900" w="335" h="521" x="-26.383728" y="-167.465881">
   <element name="chess01" layername="chesset" frame="0" z_index="2" m_a="1.000000" m_b="0.000000" m_c="0.000000" m_d="0.842537" m_tx="-137.883728" m_ty="-278.150146"/>
  </frame>
  <frame idx="925" w="335" h="521" x="-26.383728" y="-167.465881">
   <element name="chess01" layername="chesset" frame="0" z_index="2" m_a="1.000000" m_b="0.000000" m_c="0.000000" m_d="0.842537" m_tx="-137.883728" m_ty="-278.150146"/>
  </frame>
  <frame idx="950" w="335" h="521" x="-26.383728" y="-167.465881">
   <element name="chess01" layername="chesset" frame="0" z_index="2" m_a="1.000000" m_b="0.000000" m_c="0.000000" m_d="0.842537" m_tx="-137.883728" m_ty="-278.150146"/>
  </frame>
  <frame idx="975" w="335" h="521" x="-26.383728" y="-167.465881">
   <element name="chess01" layername="chesset" frame="0" z_index="2" m_a="1.000000" m_b="0.000000" m_c="0.000000" m_d="0.842537" m_tx="-137.883728" m_ty="-278.150146"/>
  </frame>
 </anim>
</Anims>
