<Anims>
 <anim name="idle" root="coatrack" numframes="1000" framerate="40">
  <frame idx="0" w="188" h="935" x="-11.673462" y="-330.250000">
   <element name="coatrack01" layername="coatrack" frame="0" z_index="3" m_a="1.338918" m_b="0.000000" m_c="0.000000" m_d="1.308750" m_tx="-73.330704" m_ty="-513.345642"/>
  </frame>
  <frame idx="25" w="188" h="935" x="-11.673462" y="-330.250000">
   <element name="coatrack01" layername="coatrack" frame="0" z_index="3" m_a="1.338918" m_b="0.000000" m_c="0.000000" m_d="1.308750" m_tx="-73.330704" m_ty="-513.345642"/>
  </frame>
  <frame idx="50" w="188" h="935" x="-11.673462" y="-330.250000">
   <element name="coatrack01" layername="coatrack" frame="0" z_index="3" m_a="1.338918" m_b="0.000000" m_c="0.000000" m_d="1.308750" m_tx="-73.330704" m_ty="-513.345642"/>
  </frame>
  <frame idx="75" w="188" h="935" x="-11.673462" y="-330.250000">
   <element name="coatrack01" layername="coatrack" frame="0" z_index="3" m_a="1.338918" m_b="0.000000" m_c="0.000000" m_d="1.308750" m_tx="-73.330704" m_ty="-513.345642"/>
  </frame>
  <frame idx="100" w="188" h="935" x="-11.673462" y="-330.250000">
   <element name="coatrack01" layername="coatrack" frame="0" z_index="3" m_a="1.338918" m_b="0.000000" m_c="0.000000" m_d="1.308750" m_tx="-73.330704" m_ty="-513.345642"/>
  </frame>
  <frame idx="125" w="188" h="935" x="-11.673462" y="-330.250000">
   <element name="coatrack01" layername="coatrack" frame="0" z_index="3" m_a="1.338918" m_b="0.000000" m_c="0.000000" m_d="1.308750" m_tx="-73.330704" m_ty="-513.345642"/>
  </frame>
  <frame idx="150" w="188" h="935" x="-11.673462" y="-330.250000">
   <element name="coatrack01" layername="coatrack" frame="0" z_index="3" m_a="1.338918" m_b="0.000000" m_c="0.000000" m_d="1.308750" m_tx="-73.330704" m_ty="-513.345642"/>
  </frame>
  <frame idx="175" w="188" h="935" x="-11.673462" y="-330.250000">
   <element name="coatrack01" layername="coatrack" frame="0" z_index="3" m_a="1.338918" m_b="0.000000" m_c="0.000000" m_d="1.308750" m_tx="-73.330704" m_ty="-513.345642"/>
  </frame>
  <frame idx="200" w="188" h="935" x="-11.673462" y="-330.250000">
   <element name="coatrack01" layername="coatrack" frame="0" z_index="3" m_a="1.338918" m_b="0.000000" m_c="0.000000" m_d="1.308750" m_tx="-73.330704" m_ty="-513.345642"/>
  </frame>
  <frame idx="225" w="188" h="935" x="-11.673462" y="-330.250000">
   <element name="coatrack01" layername="coatrack" frame="0" z_index="3" m_a="1.338918" m_b="0.000000" m_c="0.000000" m_d="1.308750" m_tx="-73.330704" m_ty="-513.345642"/>
  </frame>
  <frame idx="250" w="188" h="935" x="-11.673462" y="-330.250000">
   <element name="coatrack01" layername="coatrack" frame="0" z_index="3" m_a="1.338918" m_b="0.000000" m_c="0.000000" m_d="1.308750" m_tx="-73.330704" m_ty="-513.345642"/>
  </frame>
  <frame idx="275" w="188" h="935" x="-11.673462" y="-330.250000">
   <element name="coatrack01" layername="coatrack" frame="0" z_index="3" m_a="1.338918" m_b="0.000000" m_c="0.000000" m_d="1.308750" m_tx="-73.330704" m_ty="-513.345642"/>
  </frame>
  <frame idx="300" w="188" h="935" x="-11.673462" y="-330.250000">
   <element name="coatrack01" layername="coatrack" frame="0" z_index="3" m_a="1.338918" m_b="0.000000" m_c="0.000000" m_d="1.308750" m_tx="-73.330704" m_ty="-513.345642"/>
  </frame>
  <frame idx="325" w="188" h="935" x="-11.673462" y="-330.250000">
   <element name="coatrack01" layername="coatrack" frame="0" z_index="3" m_a="1.338918" m_b="0.000000" m_c="0.000000" m_d="1.308750" m_tx="-73.330704" m_ty="-513.345642"/>
  </frame>
  <frame idx="350" w="188" h="935" x="-11.673462" y="-330.250000">
   <element name="coatrack01" layername="coatrack" frame="0" z_index="3" m_a="1.338918" m_b="0.000000" m_c="0.000000" m_d="1.308750" m_tx="-73.330704" m_ty="-513.345642"/>
  </frame>
  <frame idx="375" w="188" h="935" x="-11.673462" y="-330.250000">
   <element name="coatrack01" layername="coatrack" frame="0" z_index="3" m_a="1.338918" m_b="0.000000" m_c="0.000000" m_d="1.308750" m_tx="-73.330704" m_ty="-513.345642"/>
  </frame>
  <frame idx="400" w="188" h="935" x="-11.673462" y="-330.250000">
   <element name="coatrack01" layername="coatrack" frame="0" z_index="3" m_a="1.338918" m_b="0.000000" m_c="0.000000" m_d="1.308750" m_tx="-73.330704" m_ty="-513.345642"/>
  </frame>
  <frame idx="425" w="188" h="935" x="-11.673462" y="-330.250000">
   <element name="coatrack01" layername="coatrack" frame="0" z_index="3" m_a="1.338918" m_b="0.000000" m_c="0.000000" m_d="1.308750" m_tx="-73.330704" m_ty="-513.345642"/>
  </frame>
  <frame idx="450" w="188" h="935" x="-11.673462" y="-330.250000">
   <element name="coatrack01" layername="coatrack" frame="0" z_index="3" m_a="1.338918" m_b="0.000000" m_c="0.000000" m_d="1.308750" m_tx="-73.330704" m_ty="-513.345642"/>
  </frame>
  <frame idx="475" w="188" h="935" x="-11.673462" y="-330.250000">
   <element name="coatrack01" layername="coatrack" frame="0" z_index="3" m_a="1.338918" m_b="0.000000" m_c="0.000000" m_d="1.308750" m_tx="-73.330704" m_ty="-513.345642"/>
  </frame>
  <frame idx="500" w="188" h="935" x="-11.673462" y="-330.250000">
   <element name="coatrack01" layername="coatrack" frame="0" z_index="3" m_a="1.338918" m_b="0.000000" m_c="0.000000" m_d="1.308750" m_tx="-73.330704" m_ty="-513.345642"/>
  </frame>
  <frame idx="525" w="188" h="935" x="-11.673462" y="-330.250000">
   <element name="coatrack01" layername="coatrack" frame="0" z_index="3" m_a="1.338918" m_b="0.000000" m_c="0.000000" m_d="1.308750" m_tx="-73.330704" m_ty="-513.345642"/>
  </frame>
  <frame idx="550" w="188" h="935" x="-11.673462" y="-330.250000">
   <element name="coatrack01" layername="coatrack" frame="0" z_index="3" m_a="1.338918" m_b="0.000000" m_c="0.000000" m_d="1.308750" m_tx="-73.330704" m_ty="-513.345642"/>
  </frame>
  <frame idx="575" w="188" h="935" x="-11.673462" y="-330.250000">
   <element name="coatrack01" layername="coatrack" frame="0" z_index="3" m_a="1.338918" m_b="0.000000" m_c="0.000000" m_d="1.308750" m_tx="-73.330704" m_ty="-513.345642"/>
  </frame>
  <frame idx="600" w="188" h="935" x="-11.673462" y="-330.250000">
   <element name="coatrack01" layername="coatrack" frame="0" z_index="3" m_a="1.338918" m_b="0.000000" m_c="0.000000" m_d="1.308750" m_tx="-73.330704" m_ty="-513.345642"/>
  </frame>
  <frame idx="625" w="188" h="935" x="-11.673462" y="-330.250000">
   <element name="coatrack01" layername="coatrack" frame="0" z_index="3" m_a="1.338918" m_b="0.000000" m_c="0.000000" m_d="1.308750" m_tx="-73.330704" m_ty="-513.345642"/>
  </frame>
  <frame idx="650" w="188" h="935" x="-11.673462" y="-330.250000">
   <element name="coatrack01" layername="coatrack" frame="0" z_index="3" m_a="1.338918" m_b="0.000000" m_c="0.000000" m_d="1.308750" m_tx="-73.330704" m_ty="-513.345642"/>
  </frame>
  <frame idx="675" w="188" h="935" x="-11.673462" y="-330.250000">
   <element name="coatrack01" layername="coatrack" frame="0" z_index="3" m_a="1.338918" m_b="0.000000" m_c="0.000000" m_d="1.308750" m_tx="-73.330704" m_ty="-513.345642"/>
  </frame>
  <frame idx="700" w="188" h="935" x="-11.673462" y="-330.250000">
   <element name="coatrack01" layername="coatrack" frame="0" z_index="3" m_a="1.338918" m_b="0.000000" m_c="0.000000" m_d="1.308750" m_tx="-73.330704" m_ty="-513.345642"/>
  </frame>
  <frame idx="725" w="188" h="935" x="-11.673462" y="-330.250000">
   <element name="coatrack01" layername="coatrack" frame="0" z_index="3" m_a="1.338918" m_b="0.000000" m_c="0.000000" m_d="1.308750" m_tx="-73.330704" m_ty="-513.345642"/>
  </frame>
  <frame idx="750" w="188" h="935" x="-11.673462" y="-330.250000">
   <element name="coatrack01" layername="coatrack" frame="0" z_index="3" m_a="1.338918" m_b="0.000000" m_c="0.000000" m_d="1.308750" m_tx="-73.330704" m_ty="-513.345642"/>
  </frame>
  <frame idx="775" w="188" h="935" x="-11.673462" y="-330.250000">
   <element name="coatrack01" layername="coatrack" frame="0" z_index="3" m_a="1.338918" m_b="0.000000" m_c="0.000000" m_d="1.308750" m_tx="-73.330704" m_ty="-513.345642"/>
  </frame>
  <frame idx="800" w="188" h="935" x="-11.673462" y="-330.250000">
   <element name="coatrack01" layername="coatrack" frame="0" z_index="3" m_a="1.338918" m_b="0.000000" m_c="0.000000" m_d="1.308750" m_tx="-73.330704" m_ty="-513.345642"/>
  </frame>
  <frame idx="825" w="188" h="935" x="-11.673462" y="-330.250000">
   <element name="coatrack01" layername="coatrack" frame="0" z_index="3" m_a="1.338918" m_b="0.000000" m_c="0.000000" m_d="1.308750" m_tx="-73.330704" m_ty="-513.345642"/>
  </frame>
  <frame idx="850" w="188" h="935" x="-11.673462" y="-330.250000">
   <element name="coatrack01" layername="coatrack" frame="0" z_index="3" m_a="1.338918" m_b="0.000000" m_c="0.000000" m_d="1.308750" m_tx="-73.330704" m_ty="-513.345642"/>
  </frame>
  <frame idx="875" w="188" h="935" x="-11.673462" y="-330.250000">
   <element name="coatrack01" layername="coatrack" frame="0" z_index="3" m_a="1.338918" m_b="0.000000" m_c="0.000000" m_d="1.308750" m_tx="-73.330704" m_ty="-513.345642"/>
  </frame>
  <frame idx="900" w="188" h="935" x="-11.673462" y="-330.250000">
   <element name="coatrack01" layername="coatrack" frame="0" z_index="3" m_a="1.338918" m_b="0.000000" m_c="0.000000" m_d="1.308750" m_tx="-73.330704" m_ty="-513.345642"/>
  </frame>
  <frame idx="925" w="188" h="935" x="-11.673462" y="-330.250000">
   <element name="coatrack01" layername="coatrack" frame="0" z_index="3" m_a="1.338918" m_b="0.000000" m_c="0.000000" m_d="1.308750" m_tx="-73.330704" m_ty="-513.345642"/>
  </frame>
  <frame idx="950" w="188" h="935" x="-11.673462" y="-330.250000">
   <element name="coatrack01" layername="coatrack" frame="0" z_index="3" m_a="1.338918" m_b="0.000000" m_c="0.000000" m_d="1.308750" m_tx="-73.330704" m_ty="-513.345642"/>
  </frame>
  <frame idx="975" w="188" h="935" x="-11.673462" y="-330.250000">
   <element name="coatrack01" layername="coatrack" frame="0" z_index="3" m_a="1.338918" m_b="0.000000" m_c="0.000000" m_d="1.308750" m_tx="-73.330704" m_ty="-513.345642"/>
  </frame>
 </anim>
 <anim name="hit" root="coatrack" numframes="1000" framerate="40">
  <frame idx="0" w="188" h="935" x="-11.673462" y="-330.250000">
   <element name="coatrack01" layername="coatrack" frame="0" z_index="3" m_a="1.338918" m_b="0.000000" m_c="0.000000" m_d="1.308750" m_tx="-73.330704" m_ty="-513.345642"/>
  </frame>
  <frame idx="25" w="212" h="807" x="-13.726945" y="-284.348053">
   <element name="coatrack01" layername="coatrack" frame="0" z_index="3" m_a="1.514258" m_b="0.000000" m_c="0.000000" m_d="1.128287" m_tx="-83.553925" m_ty="-441.941376"/>
  </frame>
  <frame idx="50" w="236" h="677" x="-15.972362" y="-237.473129">
   <element name="coatrack01" layername="coatrack" frame="0" z_index="3" m_a="1.689599" m_b="0.000000" m_c="0.000000" m_d="0.947825" m_tx="-93.969078" m_ty="-370.064117"/>
  </frame>
  <frame idx="75" w="261" h="546" x="-18.409704" y="-190.125198">
   <element name="coatrack01" layername="coatrack" frame="0" z_index="3" m_a="1.864939" m_b="0.000000" m_c="0.000000" m_d="0.767362" m_tx="-104.576164" m_ty="-297.713867"/>
  </frame>
  <frame idx="100" w="281" h="434" x="-20.438774" y="-149.516357">
   <element name="coatrack01" layername="coatrack" frame="0" z_index="3" m_a="2.015596" m_b="0.000000" m_c="0.000000" m_d="0.612304" m_tx="-113.843323" m_ty="-235.170944"/>
  </frame>
  <frame idx="125" w="263" h="533" x="-18.463737" y="-185.481415">
   <element name="coatrack01" layername="coatrack" frame="0" z_index="3" m_a="1.882391" m_b="0.000000" m_c="0.000000" m_d="0.749399" m_tx="-105.642441" m_ty="-290.486603"/>
  </frame>
  <frame idx="150" w="244" h="633" x="-16.599463" y="-221.673508">
   <element name="coatrack01" layername="coatrack" frame="0" z_index="3" m_a="1.749187" m_b="0.000000" m_c="0.000000" m_d="0.886495" m_tx="-97.552315" m_ty="-345.529297"/>
  </frame>
  <frame idx="175" w="226" h="731" x="-14.845944" y="-257.092621">
   <element name="coatrack01" layername="coatrack" frame="0" z_index="3" m_a="1.615983" m_b="0.000000" m_c="0.000000" m_d="1.023591" m_tx="-89.572952" m_ty="-400.299011"/>
  </frame>
  <frame idx="200" w="208" h="830" x="-13.203205" y="-292.738770">
   <element name="coatrack01" layername="coatrack" frame="0" z_index="3" m_a="1.482779" m_b="0.000000" m_c="0.000000" m_d="1.160687" m_tx="-81.704361" m_ty="-454.795746"/>
  </frame>
  <frame idx="225" w="189" h="928" x="-11.671230" y="-327.611938">
   <element name="coatrack01" layername="coatrack" frame="0" z_index="3" m_a="1.349574" m_b="0.000000" m_c="0.000000" m_d="1.297782" m_tx="-73.946541" m_ty="-509.019531"/>
  </frame>
  <frame idx="250" w="188" h="935" x="-11.673462" y="-330.250000">
   <element name="coatrack01" layername="coatrack" frame="0" z_index="3" m_a="1.338918" m_b="0.000000" m_c="0.000000" m_d="1.308750" m_tx="-73.330704" m_ty="-513.345642"/>
  </frame>
  <frame idx="275" w="188" h="935" x="-11.673462" y="-330.250000">
   <element name="coatrack01" layername="coatrack" frame="0" z_index="3" m_a="1.338918" m_b="0.000000" m_c="0.000000" m_d="1.308750" m_tx="-73.330704" m_ty="-513.345642"/>
  </frame>
  <frame idx="300" w="188" h="935" x="-11.673462" y="-330.250000">
   <element name="coatrack01" layername="coatrack" frame="0" z_index="3" m_a="1.338918" m_b="0.000000" m_c="0.000000" m_d="1.308750" m_tx="-73.330704" m_ty="-513.345642"/>
  </frame>
  <frame idx="325" w="188" h="935" x="-11.673462" y="-330.250000">
   <element name="coatrack01" layername="coatrack" frame="0" z_index="3" m_a="1.338918" m_b="0.000000" m_c="0.000000" m_d="1.308750" m_tx="-73.330704" m_ty="-513.345642"/>
  </frame>
  <frame idx="350" w="188" h="935" x="-11.673462" y="-330.250000">
   <element name="coatrack01" layername="coatrack" frame="0" z_index="3" m_a="1.338918" m_b="0.000000" m_c="0.000000" m_d="1.308750" m_tx="-73.330704" m_ty="-513.345642"/>
  </frame>
  <frame idx="375" w="188" h="935" x="-11.673462" y="-330.250000">
   <element name="coatrack01" layername="coatrack" frame="0" z_index="3" m_a="1.338918" m_b="0.000000" m_c="0.000000" m_d="1.308750" m_tx="-73.330704" m_ty="-513.345642"/>
  </frame>
  <frame idx="400" w="188" h="935" x="-11.673462" y="-330.250000">
   <element name="coatrack01" layername="coatrack" frame="0" z_index="3" m_a="1.338918" m_b="0.000000" m_c="0.000000" m_d="1.308750" m_tx="-73.330704" m_ty="-513.345642"/>
  </frame>
  <frame idx="425" w="188" h="935" x="-11.673462" y="-330.250000">
   <element name="coatrack01" layername="coatrack" frame="0" z_index="3" m_a="1.338918" m_b="0.000000" m_c="0.000000" m_d="1.308750" m_tx="-73.330704" m_ty="-513.345642"/>
  </frame>
  <frame idx="450" w="188" h="935" x="-11.673462" y="-330.250000">
   <element name="coatrack01" layername="coatrack" frame="0" z_index="3" m_a="1.338918" m_b="0.000000" m_c="0.000000" m_d="1.308750" m_tx="-73.330704" m_ty="-513.345642"/>
  </frame>
  <frame idx="475" w="188" h="935" x="-11.673462" y="-330.250000">
   <element name="coatrack01" layername="coatrack" frame="0" z_index="3" m_a="1.338918" m_b="0.000000" m_c="0.000000" m_d="1.308750" m_tx="-73.330704" m_ty="-513.345642"/>
  </frame>
  <frame idx="500" w="188" h="935" x="-11.673462" y="-330.250000">
   <element name="coatrack01" layername="coatrack" frame="0" z_index="3" m_a="1.338918" m_b="0.000000" m_c="0.000000" m_d="1.308750" m_tx="-73.330704" m_ty="-513.345642"/>
  </frame>
  <frame idx="525" w="188" h="935" x="-11.673462" y="-330.250000">
   <element name="coatrack01" layername="coatrack" frame="0" z_index="3" m_a="1.338918" m_b="0.000000" m_c="0.000000" m_d="1.308750" m_tx="-73.330704" m_ty="-513.345642"/>
  </frame>
  <frame idx="550" w="188" h="935" x="-11.673462" y="-330.250000">
   <element name="coatrack01" layername="coatrack" frame="0" z_index="3" m_a="1.338918" m_b="0.000000" m_c="0.000000" m_d="1.308750" m_tx="-73.330704" m_ty="-513.345642"/>
  </frame>
  <frame idx="575" w="188" h="935" x="-11.673462" y="-330.250000">
   <element name="coatrack01" layername="coatrack" frame="0" z_index="3" m_a="1.338918" m_b="0.000000" m_c="0.000000" m_d="1.308750" m_tx="-73.330704" m_ty="-513.345642"/>
  </frame>
  <frame idx="600" w="188" h="935" x="-11.673462" y="-330.250000">
   <element name="coatrack01" layername="coatrack" frame="0" z_index="3" m_a="1.338918" m_b="0.000000" m_c="0.000000" m_d="1.308750" m_tx="-73.330704" m_ty="-513.345642"/>
  </frame>
  <frame idx="625" w="188" h="935" x="-11.673462" y="-330.250000">
   <element name="coatrack01" layername="coatrack" frame="0" z_index="3" m_a="1.338918" m_b="0.000000" m_c="0.000000" m_d="1.308750" m_tx="-73.330704" m_ty="-513.345642"/>
  </frame>
  <frame idx="650" w="188" h="935" x="-11.673462" y="-330.250000">
   <element name="coatrack01" layername="coatrack" frame="0" z_index="3" m_a="1.338918" m_b="0.000000" m_c="0.000000" m_d="1.308750" m_tx="-73.330704" m_ty="-513.345642"/>
  </frame>
  <frame idx="675" w="188" h="935" x="-11.673462" y="-330.250000">
   <element name="coatrack01" layername="coatrack" frame="0" z_index="3" m_a="1.338918" m_b="0.000000" m_c="0.000000" m_d="1.308750" m_tx="-73.330704" m_ty="-513.345642"/>
  </frame>
  <frame idx="700" w="188" h="935" x="-11.673462" y="-330.250000">
   <element name="coatrack01" layername="coatrack" frame="0" z_index="3" m_a="1.338918" m_b="0.000000" m_c="0.000000" m_d="1.308750" m_tx="-73.330704" m_ty="-513.345642"/>
  </frame>
  <frame idx="725" w="188" h="935" x="-11.673462" y="-330.250000">
   <element name="coatrack01" layername="coatrack" frame="0" z_index="3" m_a="1.338918" m_b="0.000000" m_c="0.000000" m_d="1.308750" m_tx="-73.330704" m_ty="-513.345642"/>
  </frame>
  <frame idx="750" w="188" h="935" x="-11.673462" y="-330.250000">
   <element name="coatrack01" layername="coatrack" frame="0" z_index="3" m_a="1.338918" m_b="0.000000" m_c="0.000000" m_d="1.308750" m_tx="-73.330704" m_ty="-513.345642"/>
  </frame>
  <frame idx="775" w="188" h="935" x="-11.673462" y="-330.250000">
   <element name="coatrack01" layername="coatrack" frame="0" z_index="3" m_a="1.338918" m_b="0.000000" m_c="0.000000" m_d="1.308750" m_tx="-73.330704" m_ty="-513.345642"/>
  </frame>
  <frame idx="800" w="188" h="935" x="-11.673462" y="-330.250000">
   <element name="coatrack01" layername="coatrack" frame="0" z_index="3" m_a="1.338918" m_b="0.000000" m_c="0.000000" m_d="1.308750" m_tx="-73.330704" m_ty="-513.345642"/>
  </frame>
  <frame idx="825" w="188" h="935" x="-11.673462" y="-330.250000">
   <element name="coatrack01" layername="coatrack" frame="0" z_index="3" m_a="1.338918" m_b="0.000000" m_c="0.000000" m_d="1.308750" m_tx="-73.330704" m_ty="-513.345642"/>
  </frame>
  <frame idx="850" w="188" h="935" x="-11.673462" y="-330.250000">
   <element name="coatrack01" layername="coatrack" frame="0" z_index="3" m_a="1.338918" m_b="0.000000" m_c="0.000000" m_d="1.308750" m_tx="-73.330704" m_ty="-513.345642"/>
  </frame>
  <frame idx="875" w="188" h="935" x="-11.673462" y="-330.250000">
   <element name="coatrack01" layername="coatrack" frame="0" z_index="3" m_a="1.338918" m_b="0.000000" m_c="0.000000" m_d="1.308750" m_tx="-73.330704" m_ty="-513.345642"/>
  </frame>
  <frame idx="900" w="188" h="935" x="-11.673462" y="-330.250000">
   <element name="coatrack01" layername="coatrack" frame="0" z_index="3" m_a="1.338918" m_b="0.000000" m_c="0.000000" m_d="1.308750" m_tx="-73.330704" m_ty="-513.345642"/>
  </frame>
  <frame idx="925" w="188" h="935" x="-11.673462" y="-330.250000">
   <element name="coatrack01" layername="coatrack" frame="0" z_index="3" m_a="1.338918" m_b="0.000000" m_c="0.000000" m_d="1.308750" m_tx="-73.330704" m_ty="-513.345642"/>
  </frame>
  <frame idx="950" w="188" h="935" x="-11.673462" y="-330.250000">
   <element name="coatrack01" layername="coatrack" frame="0" z_index="3" m_a="1.338918" m_b="0.000000" m_c="0.000000" m_d="1.308750" m_tx="-73.330704" m_ty="-513.345642"/>
  </frame>
  <frame idx="975" w="188" h="935" x="-11.673462" y="-330.250000">
   <element name="coatrack01" layername="coatrack" frame="0" z_index="3" m_a="1.338918" m_b="0.000000" m_c="0.000000" m_d="1.308750" m_tx="-73.330704" m_ty="-513.345642"/>
  </frame>
 </anim>
 <anim name="place" root="coatrack" numframes="1000" framerate="40">
  <frame idx="0" w="-2147483648" h="2" x="379279017470791740000000000000.000000" y="-0.500000"/>
  <frame idx="25" w="-2147483648" h="2" x="379279017470791740000000000000.000000" y="-0.500000"/>
  <frame idx="50" w="-2147483648" h="2" x="379279017470791740000000000000.000000" y="-0.500000"/>
  <frame idx="75" w="-2147483648" h="2" x="379279017470791740000000000000.000000" y="-0.500000"/>
  <frame idx="100" w="141" h="724" x="-8.468772" y="-576.897339">
   <element name="coatrack01" layername="coatrack" frame="0" z_index="3" m_a="1.002492" m_b="0.000000" m_c="0.000000" m_d="0.207444" m_tx="-54.613312" m_ty="-557.782410"/>
  </frame>
  <frame idx="125" w="149" h="766" x="-5.911048" y="-531.218628">
   <element name="coatrack01" layername="coatrack" frame="0" z_index="3" m_a="1.064793" m_b="0.000000" m_c="0.000000" m_d="0.411389" m_tx="-55.169048" m_ty="-549.290833"/>
  </frame>
  <frame idx="150" w="158" h="808" x="-5.176254" y="-485.659363">
   <element name="coatrack01" layername="coatrack" frame="0" z_index="3" m_a="1.127094" m_b="0.000000" m_c="0.000000" m_d="0.615335" m_tx="-57.047722" m_ty="-540.918701"/>
  </frame>
  <frame idx="175" w="166" h="847" x="-5.264389" y="-440.219299">
   <element name="coatrack01" layername="coatrack" frame="0" z_index="3" m_a="1.189395" m_b="0.000000" m_c="0.000000" m_d="0.819281" m_tx="-60.249317" m_ty="-532.665771"/>
  </frame>
  <frame idx="200" w="176" h="885" x="-7.175447" y="-394.398621">
   <element name="coatrack01" layername="coatrack" frame="0" z_index="3" m_a="1.251696" m_b="0.000000" m_c="0.000000" m_d="1.023226" m_tx="-64.773842" m_ty="-524.532227"/>
  </frame>
  <frame idx="225" w="184" h="921" x="-9.909445" y="-348.697174">
   <element name="coatrack01" layername="coatrack" frame="0" z_index="3" m_a="1.313998" m_b="0.000000" m_c="0.000000" m_d="1.227172" m_tx="-70.621300" m_ty="-516.517944"/>
  </frame>
  <frame idx="250" w="197" h="856" x="-12.440716" y="-301.631958">
   <element name="coatrack01" layername="coatrack" frame="0" z_index="3" m_a="1.407623" m_b="0.000000" m_c="0.000000" m_d="1.199234" m_tx="-77.582825" m_ty="-469.379150"/>
  </frame>
  <frame idx="275" w="213" h="724" x="-14.447723" y="-254.101685">
   <element name="coatrack01" layername="coatrack" frame="0" z_index="3" m_a="1.522130" m_b="0.000000" m_c="0.000000" m_d="1.016707" m_tx="-84.731285" m_ty="-396.434784"/>
  </frame>
  <frame idx="300" w="219" h="672" x="-15.169318" y="-235.279739">
   <element name="coatrack01" layername="coatrack" frame="0" z_index="3" m_a="1.567384" m_b="0.000000" m_c="0.000000" m_d="0.944573" m_tx="-87.577583" m_ty="-367.721985"/>
  </frame>
  <frame idx="325" w="201" h="825" x="-13.053038" y="-290.502563">
   <element name="coatrack01" layername="coatrack" frame="0" z_index="3" m_a="1.434555" m_b="0.000000" m_c="0.000000" m_d="1.156304" m_tx="-79.257217" m_ty="-452.185150"/>
  </frame>
  <frame idx="350" w="188" h="940" x="-11.673454" y="-334.853455">
   <element name="coatrack01" layername="coatrack" frame="0" z_index="3" m_a="1.338918" m_b="0.000000" m_c="0.000000" m_d="1.308750" m_tx="-73.330696" m_ty="-517.449097"/>
  </frame>
  <frame idx="375" w="188" h="958" x="-11.673454" y="-351.008606">
   <element name="coatrack01" layername="coatrack" frame="0" z_index="3" m_a="1.338918" m_b="0.000000" m_c="0.000000" m_d="1.308750" m_tx="-73.330696" m_ty="-532.104248"/>
  </frame>
  <frame idx="400" w="188" h="976" x="-11.673454" y="-367.163818">
   <element name="coatrack01" layername="coatrack" frame="0" z_index="3" m_a="1.338918" m_b="0.000000" m_c="0.000000" m_d="1.308750" m_tx="-73.330696" m_ty="-546.759460"/>
  </frame>
  <frame idx="425" w="188" h="993" x="-11.673454" y="-383.318970">
   <element name="coatrack01" layername="coatrack" frame="0" z_index="3" m_a="1.338918" m_b="0.000000" m_c="0.000000" m_d="1.308750" m_tx="-73.330696" m_ty="-561.414612"/>
  </frame>
  <frame idx="450" w="188" h="1011" x="-11.673454" y="-399.474121">
   <element name="coatrack01" layername="coatrack" frame="0" z_index="3" m_a="1.338918" m_b="0.000000" m_c="0.000000" m_d="1.308750" m_tx="-73.330696" m_ty="-576.069763"/>
  </frame>
  <frame idx="475" w="188" h="1029" x="-11.673454" y="-415.629333">
   <element name="coatrack01" layername="coatrack" frame="0" z_index="3" m_a="1.338918" m_b="0.000000" m_c="0.000000" m_d="1.308750" m_tx="-73.330696" m_ty="-590.724976"/>
  </frame>
  <frame idx="500" w="188" h="1029" x="-11.673454" y="-416.404358">
   <element name="coatrack01" layername="coatrack" frame="0" z_index="3" m_a="1.338918" m_b="0.000000" m_c="0.000000" m_d="1.308750" m_tx="-73.330696" m_ty="-591.500000"/>
  </frame>
  <frame idx="525" w="188" h="1012" x="-11.673454" y="-400.642639">
   <element name="coatrack01" layername="coatrack" frame="0" z_index="3" m_a="1.338918" m_b="0.000000" m_c="0.000000" m_d="1.308750" m_tx="-73.330696" m_ty="-577.238281"/>
  </frame>
  <frame idx="550" w="188" h="995" x="-11.673454" y="-384.880859">
   <element name="coatrack01" layername="coatrack" frame="0" z_index="3" m_a="1.338918" m_b="0.000000" m_c="0.000000" m_d="1.308750" m_tx="-73.330696" m_ty="-562.976501"/>
  </frame>
  <frame idx="575" w="188" h="979" x="-11.673454" y="-369.619141">
   <element name="coatrack01" layername="coatrack" frame="0" z_index="3" m_a="1.338918" m_b="0.000000" m_c="0.000000" m_d="1.308750" m_tx="-73.330696" m_ty="-548.714783"/>
  </frame>
  <frame idx="600" w="188" h="961" x="-11.673454" y="-353.857361">
   <element name="coatrack01" layername="coatrack" frame="0" z_index="3" m_a="1.338918" m_b="0.000000" m_c="0.000000" m_d="1.308750" m_tx="-73.330696" m_ty="-534.453003"/>
  </frame>
  <frame idx="625" w="188" h="944" x="-11.673454" y="-338.095642">
   <element name="coatrack01" layername="coatrack" frame="0" z_index="3" m_a="1.338918" m_b="0.000000" m_c="0.000000" m_d="1.308750" m_tx="-73.330696" m_ty="-520.191284"/>
  </frame>
  <frame idx="650" w="188" h="935" x="-11.673454" y="-330.250000">
   <element name="coatrack01" layername="coatrack" frame="0" z_index="3" m_a="1.338918" m_b="0.000000" m_c="0.000000" m_d="1.308750" m_tx="-73.330696" m_ty="-513.345642"/>
  </frame>
  <frame idx="675" w="188" h="935" x="-11.673454" y="-330.250000">
   <element name="coatrack01" layername="coatrack" frame="0" z_index="3" m_a="1.338918" m_b="0.000000" m_c="0.000000" m_d="1.308750" m_tx="-73.330696" m_ty="-513.345642"/>
  </frame>
  <frame idx="700" w="188" h="935" x="-11.673454" y="-330.250000">
   <element name="coatrack01" layername="coatrack" frame="0" z_index="3" m_a="1.338918" m_b="0.000000" m_c="0.000000" m_d="1.308750" m_tx="-73.330696" m_ty="-513.345642"/>
  </frame>
  <frame idx="725" w="188" h="935" x="-11.673454" y="-330.250000">
   <element name="coatrack01" layername="coatrack" frame="0" z_index="3" m_a="1.338918" m_b="0.000000" m_c="0.000000" m_d="1.308750" m_tx="-73.330696" m_ty="-513.345642"/>
  </frame>
  <frame idx="750" w="188" h="935" x="-11.673454" y="-330.250000">
   <element name="coatrack01" layername="coatrack" frame="0" z_index="3" m_a="1.338918" m_b="0.000000" m_c="0.000000" m_d="1.308750" m_tx="-73.330696" m_ty="-513.345642"/>
  </frame>
  <frame idx="775" w="188" h="935" x="-11.673454" y="-330.250000">
   <element name="coatrack01" layername="coatrack" frame="0" z_index="3" m_a="1.338918" m_b="0.000000" m_c="0.000000" m_d="1.308750" m_tx="-73.330696" m_ty="-513.345642"/>
  </frame>
  <frame idx="800" w="188" h="935" x="-11.673454" y="-330.250000">
   <element name="coatrack01" layername="coatrack" frame="0" z_index="3" m_a="1.338918" m_b="0.000000" m_c="0.000000" m_d="1.308750" m_tx="-73.330696" m_ty="-513.345642"/>
  </frame>
  <frame idx="825" w="188" h="935" x="-11.673454" y="-330.250000">
   <element name="coatrack01" layername="coatrack" frame="0" z_index="3" m_a="1.338918" m_b="0.000000" m_c="0.000000" m_d="1.308750" m_tx="-73.330696" m_ty="-513.345642"/>
  </frame>
  <frame idx="850" w="188" h="935" x="-11.673454" y="-330.250000">
   <element name="coatrack01" layername="coatrack" frame="0" z_index="3" m_a="1.338918" m_b="0.000000" m_c="0.000000" m_d="1.308750" m_tx="-73.330696" m_ty="-513.345642"/>
  </frame>
  <frame idx="875" w="188" h="935" x="-11.673454" y="-330.250000">
   <element name="coatrack01" layername="coatrack" frame="0" z_index="3" m_a="1.338918" m_b="0.000000" m_c="0.000000" m_d="1.308750" m_tx="-73.330696" m_ty="-513.345642"/>
  </frame>
  <frame idx="900" w="188" h="935" x="-11.673454" y="-330.250000">
   <element name="coatrack01" layername="coatrack" frame="0" z_index="3" m_a="1.338918" m_b="0.000000" m_c="0.000000" m_d="1.308750" m_tx="-73.330696" m_ty="-513.345642"/>
  </frame>
  <frame idx="925" w="188" h="935" x="-11.673454" y="-330.250000">
   <element name="coatrack01" layername="coatrack" frame="0" z_index="3" m_a="1.338918" m_b="0.000000" m_c="0.000000" m_d="1.308750" m_tx="-73.330696" m_ty="-513.345642"/>
  </frame>
  <frame idx="950" w="188" h="935" x="-11.673454" y="-330.250000">
   <element name="coatrack01" layername="coatrack" frame="0" z_index="3" m_a="1.338918" m_b="0.000000" m_c="0.000000" m_d="1.308750" m_tx="-73.330696" m_ty="-513.345642"/>
  </frame>
  <frame idx="975" w="188" h="935" x="-11.673454" y="-330.250000">
   <element name="coatrack01" layername="coatrack" frame="0" z_index="3" m_a="1.338918" m_b="0.000000" m_c="0.000000" m_d="1.308750" m_tx="-73.330696" m_ty="-513.345642"/>
  </frame>
 </anim>
</Anims>
