<Anims>
 <anim name="idle" root="workchair2" numframes="1000" framerate="40">
  <frame idx="0" w="303" h="489" x="-3.008774" y="-137.350876">
   <element name="invchair02" layername="invchair" frame="0" z_index="2" m_a="1.000000" m_b="0.000000" m_c="0.000000" m_d="1.000000" m_tx="-103.508774" m_ty="-240.350876"/>
  </frame>
  <frame idx="25" w="303" h="489" x="-3.008774" y="-137.350876">
   <element name="invchair02" layername="invchair" frame="0" z_index="2" m_a="1.000000" m_b="0.000000" m_c="0.000000" m_d="1.000000" m_tx="-103.508774" m_ty="-240.350876"/>
  </frame>
  <frame idx="50" w="303" h="489" x="-3.008774" y="-137.350876">
   <element name="invchair02" layername="invchair" frame="0" z_index="2" m_a="1.000000" m_b="0.000000" m_c="0.000000" m_d="1.000000" m_tx="-103.508774" m_ty="-240.350876"/>
  </frame>
  <frame idx="75" w="303" h="489" x="-3.008774" y="-137.350876">
   <element name="invchair02" layername="invchair" frame="0" z_index="2" m_a="1.000000" m_b="0.000000" m_c="0.000000" m_d="1.000000" m_tx="-103.508774" m_ty="-240.350876"/>
  </frame>
  <frame idx="100" w="303" h="489" x="-3.008774" y="-137.350876">
   <element name="invchair02" layername="invchair" frame="0" z_index="2" m_a="1.000000" m_b="0.000000" m_c="0.000000" m_d="1.000000" m_tx="-103.508774" m_ty="-240.350876"/>
  </frame>
  <frame idx="125" w="303" h="489" x="-3.008774" y="-137.350876">
   <element name="invchair02" layername="invchair" frame="0" z_index="2" m_a="1.000000" m_b="0.000000" m_c="0.000000" m_d="1.000000" m_tx="-103.508774" m_ty="-240.350876"/>
  </frame>
  <frame idx="150" w="303" h="489" x="-3.008774" y="-137.350876">
   <element name="invchair02" layername="invchair" frame="0" z_index="2" m_a="1.000000" m_b="0.000000" m_c="0.000000" m_d="1.000000" m_tx="-103.508774" m_ty="-240.350876"/>
  </frame>
  <frame idx="175" w="303" h="489" x="-3.008774" y="-137.350876">
   <element name="invchair02" layername="invchair" frame="0" z_index="2" m_a="1.000000" m_b="0.000000" m_c="0.000000" m_d="1.000000" m_tx="-103.508774" m_ty="-240.350876"/>
  </frame>
  <frame idx="200" w="303" h="489" x="-3.008774" y="-137.350876">
   <element name="invchair02" layername="invchair" frame="0" z_index="2" m_a="1.000000" m_b="0.000000" m_c="0.000000" m_d="1.000000" m_tx="-103.508774" m_ty="-240.350876"/>
  </frame>
  <frame idx="225" w="303" h="489" x="-3.008774" y="-137.350876">
   <element name="invchair02" layername="invchair" frame="0" z_index="2" m_a="1.000000" m_b="0.000000" m_c="0.000000" m_d="1.000000" m_tx="-103.508774" m_ty="-240.350876"/>
  </frame>
  <frame idx="250" w="303" h="489" x="-3.008774" y="-137.350876">
   <element name="invchair02" layername="invchair" frame="0" z_index="2" m_a="1.000000" m_b="0.000000" m_c="0.000000" m_d="1.000000" m_tx="-103.508774" m_ty="-240.350876"/>
  </frame>
  <frame idx="275" w="303" h="489" x="-3.008774" y="-137.350876">
   <element name="invchair02" layername="invchair" frame="0" z_index="2" m_a="1.000000" m_b="0.000000" m_c="0.000000" m_d="1.000000" m_tx="-103.508774" m_ty="-240.350876"/>
  </frame>
  <frame idx="300" w="303" h="489" x="-3.008774" y="-137.350876">
   <element name="invchair02" layername="invchair" frame="0" z_index="2" m_a="1.000000" m_b="0.000000" m_c="0.000000" m_d="1.000000" m_tx="-103.508774" m_ty="-240.350876"/>
  </frame>
  <frame idx="325" w="303" h="489" x="-3.008774" y="-137.350876">
   <element name="invchair02" layername="invchair" frame="0" z_index="2" m_a="1.000000" m_b="0.000000" m_c="0.000000" m_d="1.000000" m_tx="-103.508774" m_ty="-240.350876"/>
  </frame>
  <frame idx="350" w="303" h="489" x="-3.008774" y="-137.350876">
   <element name="invchair02" layername="invchair" frame="0" z_index="2" m_a="1.000000" m_b="0.000000" m_c="0.000000" m_d="1.000000" m_tx="-103.508774" m_ty="-240.350876"/>
  </frame>
  <frame idx="375" w="303" h="489" x="-3.008774" y="-137.350876">
   <element name="invchair02" layername="invchair" frame="0" z_index="2" m_a="1.000000" m_b="0.000000" m_c="0.000000" m_d="1.000000" m_tx="-103.508774" m_ty="-240.350876"/>
  </frame>
  <frame idx="400" w="303" h="489" x="-3.008774" y="-137.350876">
   <element name="invchair02" layername="invchair" frame="0" z_index="2" m_a="1.000000" m_b="0.000000" m_c="0.000000" m_d="1.000000" m_tx="-103.508774" m_ty="-240.350876"/>
  </frame>
  <frame idx="425" w="303" h="489" x="-3.008774" y="-137.350876">
   <element name="invchair02" layername="invchair" frame="0" z_index="2" m_a="1.000000" m_b="0.000000" m_c="0.000000" m_d="1.000000" m_tx="-103.508774" m_ty="-240.350876"/>
  </frame>
  <frame idx="450" w="303" h="489" x="-3.008774" y="-137.350876">
   <element name="invchair02" layername="invchair" frame="0" z_index="2" m_a="1.000000" m_b="0.000000" m_c="0.000000" m_d="1.000000" m_tx="-103.508774" m_ty="-240.350876"/>
  </frame>
  <frame idx="475" w="303" h="489" x="-3.008774" y="-137.350876">
   <element name="invchair02" layername="invchair" frame="0" z_index="2" m_a="1.000000" m_b="0.000000" m_c="0.000000" m_d="1.000000" m_tx="-103.508774" m_ty="-240.350876"/>
  </frame>
  <frame idx="500" w="303" h="489" x="-3.008774" y="-137.350876">
   <element name="invchair02" layername="invchair" frame="0" z_index="2" m_a="1.000000" m_b="0.000000" m_c="0.000000" m_d="1.000000" m_tx="-103.508774" m_ty="-240.350876"/>
  </frame>
  <frame idx="525" w="303" h="489" x="-3.008774" y="-137.350876">
   <element name="invchair02" layername="invchair" frame="0" z_index="2" m_a="1.000000" m_b="0.000000" m_c="0.000000" m_d="1.000000" m_tx="-103.508774" m_ty="-240.350876"/>
  </frame>
  <frame idx="550" w="303" h="489" x="-3.008774" y="-137.350876">
   <element name="invchair02" layername="invchair" frame="0" z_index="2" m_a="1.000000" m_b="0.000000" m_c="0.000000" m_d="1.000000" m_tx="-103.508774" m_ty="-240.350876"/>
  </frame>
  <frame idx="575" w="303" h="489" x="-3.008774" y="-137.350876">
   <element name="invchair02" layername="invchair" frame="0" z_index="2" m_a="1.000000" m_b="0.000000" m_c="0.000000" m_d="1.000000" m_tx="-103.508774" m_ty="-240.350876"/>
  </frame>
  <frame idx="600" w="303" h="489" x="-3.008774" y="-137.350876">
   <element name="invchair02" layername="invchair" frame="0" z_index="2" m_a="1.000000" m_b="0.000000" m_c="0.000000" m_d="1.000000" m_tx="-103.508774" m_ty="-240.350876"/>
  </frame>
  <frame idx="625" w="303" h="489" x="-3.008774" y="-137.350876">
   <element name="invchair02" layername="invchair" frame="0" z_index="2" m_a="1.000000" m_b="0.000000" m_c="0.000000" m_d="1.000000" m_tx="-103.508774" m_ty="-240.350876"/>
  </frame>
  <frame idx="650" w="303" h="489" x="-3.008774" y="-137.350876">
   <element name="invchair02" layername="invchair" frame="0" z_index="2" m_a="1.000000" m_b="0.000000" m_c="0.000000" m_d="1.000000" m_tx="-103.508774" m_ty="-240.350876"/>
  </frame>
  <frame idx="675" w="303" h="489" x="-3.008774" y="-137.350876">
   <element name="invchair02" layername="invchair" frame="0" z_index="2" m_a="1.000000" m_b="0.000000" m_c="0.000000" m_d="1.000000" m_tx="-103.508774" m_ty="-240.350876"/>
  </frame>
  <frame idx="700" w="303" h="489" x="-3.008774" y="-137.350876">
   <element name="invchair02" layername="invchair" frame="0" z_index="2" m_a="1.000000" m_b="0.000000" m_c="0.000000" m_d="1.000000" m_tx="-103.508774" m_ty="-240.350876"/>
  </frame>
  <frame idx="725" w="303" h="489" x="-3.008774" y="-137.350876">
   <element name="invchair02" layername="invchair" frame="0" z_index="2" m_a="1.000000" m_b="0.000000" m_c="0.000000" m_d="1.000000" m_tx="-103.508774" m_ty="-240.350876"/>
  </frame>
  <frame idx="750" w="303" h="489" x="-3.008774" y="-137.350876">
   <element name="invchair02" layername="invchair" frame="0" z_index="2" m_a="1.000000" m_b="0.000000" m_c="0.000000" m_d="1.000000" m_tx="-103.508774" m_ty="-240.350876"/>
  </frame>
  <frame idx="775" w="303" h="489" x="-3.008774" y="-137.350876">
   <element name="invchair02" layername="invchair" frame="0" z_index="2" m_a="1.000000" m_b="0.000000" m_c="0.000000" m_d="1.000000" m_tx="-103.508774" m_ty="-240.350876"/>
  </frame>
  <frame idx="800" w="303" h="489" x="-3.008774" y="-137.350876">
   <element name="invchair02" layername="invchair" frame="0" z_index="2" m_a="1.000000" m_b="0.000000" m_c="0.000000" m_d="1.000000" m_tx="-103.508774" m_ty="-240.350876"/>
  </frame>
  <frame idx="825" w="303" h="489" x="-3.008774" y="-137.350876">
   <element name="invchair02" layername="invchair" frame="0" z_index="2" m_a="1.000000" m_b="0.000000" m_c="0.000000" m_d="1.000000" m_tx="-103.508774" m_ty="-240.350876"/>
  </frame>
  <frame idx="850" w="303" h="489" x="-3.008774" y="-137.350876">
   <element name="invchair02" layername="invchair" frame="0" z_index="2" m_a="1.000000" m_b="0.000000" m_c="0.000000" m_d="1.000000" m_tx="-103.508774" m_ty="-240.350876"/>
  </frame>
  <frame idx="875" w="303" h="489" x="-3.008774" y="-137.350876">
   <element name="invchair02" layername="invchair" frame="0" z_index="2" m_a="1.000000" m_b="0.000000" m_c="0.000000" m_d="1.000000" m_tx="-103.508774" m_ty="-240.350876"/>
  </frame>
  <frame idx="900" w="303" h="489" x="-3.008774" y="-137.350876">
   <element name="invchair02" layername="invchair" frame="0" z_index="2" m_a="1.000000" m_b="0.000000" m_c="0.000000" m_d="1.000000" m_tx="-103.508774" m_ty="-240.350876"/>
  </frame>
  <frame idx="925" w="303" h="489" x="-3.008774" y="-137.350876">
   <element name="invchair02" layername="invchair" frame="0" z_index="2" m_a="1.000000" m_b="0.000000" m_c="0.000000" m_d="1.000000" m_tx="-103.508774" m_ty="-240.350876"/>
  </frame>
  <frame idx="950" w="303" h="489" x="-3.008774" y="-137.350876">
   <element name="invchair02" layername="invchair" frame="0" z_index="2" m_a="1.000000" m_b="0.000000" m_c="0.000000" m_d="1.000000" m_tx="-103.508774" m_ty="-240.350876"/>
  </frame>
  <frame idx="975" w="303" h="489" x="-3.008774" y="-137.350876">
   <element name="invchair02" layername="invchair" frame="0" z_index="2" m_a="1.000000" m_b="0.000000" m_c="0.000000" m_d="1.000000" m_tx="-103.508774" m_ty="-240.350876"/>
  </frame>
 </anim>
 <anim name="hit" root="workchair2" numframes="1000" framerate="40">
  <frame idx="0" w="303" h="489" x="-3.008774" y="-137.350876">
   <element name="invchair02" layername="invchair" frame="0" z_index="2" m_a="1.000000" m_b="0.000000" m_c="0.000000" m_d="1.000000" m_tx="-103.508774" m_ty="-240.350876"/>
  </frame>
  <frame idx="25" w="321" h="429" x="-6.661901" y="-116.330902">
   <element name="invchair02" layername="invchair" frame="0" z_index="2" m_a="1.056716" m_b="0.000000" m_c="0.000000" m_d="0.889135" m_tx="-112.808067" m_ty="-208.366333"/>
  </frame>
  <frame idx="50" w="338" h="369" x="-10.315020" y="-95.310928">
   <element name="invchair02" layername="invchair" frame="0" z_index="2" m_a="1.113431" m_b="0.000000" m_c="0.000000" m_d="0.778270" m_tx="-122.107353" m_ty="-176.381790"/>
  </frame>
  <frame idx="75" w="354" h="309" x="-13.468147" y="-74.290970">
   <element name="invchair02" layername="invchair" frame="0" z_index="2" m_a="1.170147" m_b="0.000000" m_c="0.000000" m_d="0.667405" m_tx="-131.406647" m_ty="-144.397263"/>
  </frame>
  <frame idx="100" w="356" h="304" x="-14.120249" y="-72.659340">
   <element name="invchair02" layername="invchair" frame="0" z_index="2" m_a="1.174153" m_b="0.000000" m_c="0.000000" m_d="0.659573" m_tx="-132.063538" m_ty="-142.137924"/>
  </frame>
  <frame idx="125" w="340" h="360" x="-10.604549" y="-92.156769">
   <element name="invchair02" layername="invchair" frame="0" z_index="2" m_a="1.121058" m_b="0.000000" m_c="0.000000" m_d="0.763362" m_tx="-123.357811" m_ty="-172.080902"/>
  </frame>
  <frame idx="150" w="324" h="417" x="-7.088860" y="-112.154175">
   <element name="invchair02" layername="invchair" frame="0" z_index="2" m_a="1.067962" m_b="0.000000" m_c="0.000000" m_d="0.867151" m_tx="-114.652092" m_ty="-202.023865"/>
  </frame>
  <frame idx="175" w="308" h="473" x="-4.073168" y="-131.651596">
   <element name="invchair02" layername="invchair" frame="0" z_index="2" m_a="1.014867" m_b="0.000000" m_c="0.000000" m_d="0.970939" m_tx="-105.946373" m_ty="-231.966843"/>
  </frame>
  <frame idx="200" w="303" h="489" x="-3.008774" y="-137.350876">
   <element name="invchair02" layername="invchair" frame="0" z_index="2" m_a="1.000000" m_b="0.000000" m_c="0.000000" m_d="1.000000" m_tx="-103.508774" m_ty="-240.350876"/>
  </frame>
  <frame idx="225" w="303" h="489" x="-3.008774" y="-137.350876">
   <element name="invchair02" layername="invchair" frame="0" z_index="2" m_a="1.000000" m_b="0.000000" m_c="0.000000" m_d="1.000000" m_tx="-103.508774" m_ty="-240.350876"/>
  </frame>
  <frame idx="250" w="303" h="489" x="-3.008774" y="-137.350876">
   <element name="invchair02" layername="invchair" frame="0" z_index="2" m_a="1.000000" m_b="0.000000" m_c="0.000000" m_d="1.000000" m_tx="-103.508774" m_ty="-240.350876"/>
  </frame>
  <frame idx="275" w="303" h="489" x="-3.008774" y="-137.350876">
   <element name="invchair02" layername="invchair" frame="0" z_index="2" m_a="1.000000" m_b="0.000000" m_c="0.000000" m_d="1.000000" m_tx="-103.508774" m_ty="-240.350876"/>
  </frame>
  <frame idx="300" w="303" h="489" x="-3.008774" y="-137.350876">
   <element name="invchair02" layername="invchair" frame="0" z_index="2" m_a="1.000000" m_b="0.000000" m_c="0.000000" m_d="1.000000" m_tx="-103.508774" m_ty="-240.350876"/>
  </frame>
  <frame idx="325" w="303" h="489" x="-3.008774" y="-137.350876">
   <element name="invchair02" layername="invchair" frame="0" z_index="2" m_a="1.000000" m_b="0.000000" m_c="0.000000" m_d="1.000000" m_tx="-103.508774" m_ty="-240.350876"/>
  </frame>
  <frame idx="350" w="303" h="489" x="-3.008774" y="-137.350876">
   <element name="invchair02" layername="invchair" frame="0" z_index="2" m_a="1.000000" m_b="0.000000" m_c="0.000000" m_d="1.000000" m_tx="-103.508774" m_ty="-240.350876"/>
  </frame>
  <frame idx="375" w="303" h="489" x="-3.008774" y="-137.350876">
   <element name="invchair02" layername="invchair" frame="0" z_index="2" m_a="1.000000" m_b="0.000000" m_c="0.000000" m_d="1.000000" m_tx="-103.508774" m_ty="-240.350876"/>
  </frame>
  <frame idx="400" w="303" h="489" x="-3.008774" y="-137.350876">
   <element name="invchair02" layername="invchair" frame="0" z_index="2" m_a="1.000000" m_b="0.000000" m_c="0.000000" m_d="1.000000" m_tx="-103.508774" m_ty="-240.350876"/>
  </frame>
  <frame idx="425" w="303" h="489" x="-3.008774" y="-137.350876">
   <element name="invchair02" layername="invchair" frame="0" z_index="2" m_a="1.000000" m_b="0.000000" m_c="0.000000" m_d="1.000000" m_tx="-103.508774" m_ty="-240.350876"/>
  </frame>
  <frame idx="450" w="303" h="489" x="-3.008774" y="-137.350876">
   <element name="invchair02" layername="invchair" frame="0" z_index="2" m_a="1.000000" m_b="0.000000" m_c="0.000000" m_d="1.000000" m_tx="-103.508774" m_ty="-240.350876"/>
  </frame>
  <frame idx="475" w="303" h="489" x="-3.008774" y="-137.350876">
   <element name="invchair02" layername="invchair" frame="0" z_index="2" m_a="1.000000" m_b="0.000000" m_c="0.000000" m_d="1.000000" m_tx="-103.508774" m_ty="-240.350876"/>
  </frame>
  <frame idx="500" w="303" h="489" x="-3.008774" y="-137.350876">
   <element name="invchair02" layername="invchair" frame="0" z_index="2" m_a="1.000000" m_b="0.000000" m_c="0.000000" m_d="1.000000" m_tx="-103.508774" m_ty="-240.350876"/>
  </frame>
  <frame idx="525" w="303" h="489" x="-3.008774" y="-137.350876">
   <element name="invchair02" layername="invchair" frame="0" z_index="2" m_a="1.000000" m_b="0.000000" m_c="0.000000" m_d="1.000000" m_tx="-103.508774" m_ty="-240.350876"/>
  </frame>
  <frame idx="550" w="303" h="489" x="-3.008774" y="-137.350876">
   <element name="invchair02" layername="invchair" frame="0" z_index="2" m_a="1.000000" m_b="0.000000" m_c="0.000000" m_d="1.000000" m_tx="-103.508774" m_ty="-240.350876"/>
  </frame>
  <frame idx="575" w="303" h="489" x="-3.008774" y="-137.350876">
   <element name="invchair02" layername="invchair" frame="0" z_index="2" m_a="1.000000" m_b="0.000000" m_c="0.000000" m_d="1.000000" m_tx="-103.508774" m_ty="-240.350876"/>
  </frame>
  <frame idx="600" w="303" h="489" x="-3.008774" y="-137.350876">
   <element name="invchair02" layername="invchair" frame="0" z_index="2" m_a="1.000000" m_b="0.000000" m_c="0.000000" m_d="1.000000" m_tx="-103.508774" m_ty="-240.350876"/>
  </frame>
  <frame idx="625" w="303" h="489" x="-3.008774" y="-137.350876">
   <element name="invchair02" layername="invchair" frame="0" z_index="2" m_a="1.000000" m_b="0.000000" m_c="0.000000" m_d="1.000000" m_tx="-103.508774" m_ty="-240.350876"/>
  </frame>
  <frame idx="650" w="303" h="489" x="-3.008774" y="-137.350876">
   <element name="invchair02" layername="invchair" frame="0" z_index="2" m_a="1.000000" m_b="0.000000" m_c="0.000000" m_d="1.000000" m_tx="-103.508774" m_ty="-240.350876"/>
  </frame>
  <frame idx="675" w="303" h="489" x="-3.008774" y="-137.350876">
   <element name="invchair02" layername="invchair" frame="0" z_index="2" m_a="1.000000" m_b="0.000000" m_c="0.000000" m_d="1.000000" m_tx="-103.508774" m_ty="-240.350876"/>
  </frame>
  <frame idx="700" w="303" h="489" x="-3.008774" y="-137.350876">
   <element name="invchair02" layername="invchair" frame="0" z_index="2" m_a="1.000000" m_b="0.000000" m_c="0.000000" m_d="1.000000" m_tx="-103.508774" m_ty="-240.350876"/>
  </frame>
  <frame idx="725" w="303" h="489" x="-3.008774" y="-137.350876">
   <element name="invchair02" layername="invchair" frame="0" z_index="2" m_a="1.000000" m_b="0.000000" m_c="0.000000" m_d="1.000000" m_tx="-103.508774" m_ty="-240.350876"/>
  </frame>
  <frame idx="750" w="303" h="489" x="-3.008774" y="-137.350876">
   <element name="invchair02" layername="invchair" frame="0" z_index="2" m_a="1.000000" m_b="0.000000" m_c="0.000000" m_d="1.000000" m_tx="-103.508774" m_ty="-240.350876"/>
  </frame>
  <frame idx="775" w="303" h="489" x="-3.008774" y="-137.350876">
   <element name="invchair02" layername="invchair" frame="0" z_index="2" m_a="1.000000" m_b="0.000000" m_c="0.000000" m_d="1.000000" m_tx="-103.508774" m_ty="-240.350876"/>
  </frame>
  <frame idx="800" w="303" h="489" x="-3.008774" y="-137.350876">
   <element name="invchair02" layername="invchair" frame="0" z_index="2" m_a="1.000000" m_b="0.000000" m_c="0.000000" m_d="1.000000" m_tx="-103.508774" m_ty="-240.350876"/>
  </frame>
  <frame idx="825" w="303" h="489" x="-3.008774" y="-137.350876">
   <element name="invchair02" layername="invchair" frame="0" z_index="2" m_a="1.000000" m_b="0.000000" m_c="0.000000" m_d="1.000000" m_tx="-103.508774" m_ty="-240.350876"/>
  </frame>
  <frame idx="850" w="303" h="489" x="-3.008774" y="-137.350876">
   <element name="invchair02" layername="invchair" frame="0" z_index="2" m_a="1.000000" m_b="0.000000" m_c="0.000000" m_d="1.000000" m_tx="-103.508774" m_ty="-240.350876"/>
  </frame>
  <frame idx="875" w="303" h="489" x="-3.008774" y="-137.350876">
   <element name="invchair02" layername="invchair" frame="0" z_index="2" m_a="1.000000" m_b="0.000000" m_c="0.000000" m_d="1.000000" m_tx="-103.508774" m_ty="-240.350876"/>
  </frame>
  <frame idx="900" w="303" h="489" x="-3.008774" y="-137.350876">
   <element name="invchair02" layername="invchair" frame="0" z_index="2" m_a="1.000000" m_b="0.000000" m_c="0.000000" m_d="1.000000" m_tx="-103.508774" m_ty="-240.350876"/>
  </frame>
  <frame idx="925" w="303" h="489" x="-3.008774" y="-137.350876">
   <element name="invchair02" layername="invchair" frame="0" z_index="2" m_a="1.000000" m_b="0.000000" m_c="0.000000" m_d="1.000000" m_tx="-103.508774" m_ty="-240.350876"/>
  </frame>
  <frame idx="950" w="303" h="489" x="-3.008774" y="-137.350876">
   <element name="invchair02" layername="invchair" frame="0" z_index="2" m_a="1.000000" m_b="0.000000" m_c="0.000000" m_d="1.000000" m_tx="-103.508774" m_ty="-240.350876"/>
  </frame>
  <frame idx="975" w="303" h="489" x="-3.008774" y="-137.350876">
   <element name="invchair02" layername="invchair" frame="0" z_index="2" m_a="1.000000" m_b="0.000000" m_c="0.000000" m_d="1.000000" m_tx="-103.508774" m_ty="-240.350876"/>
  </frame>
 </anim>
</Anims>
