<Anims>
 <anim name="anim" root="balloontent" numframes="1000" framerate="40">
  <frame idx="0" w="794" h="1022" x="-79.859650" y="-330.385986">
   <element name="balloontent01" layername="balloonten" frame="0" z_index="7" m_a="1.000000" m_b="0.000000" m_c="0.000000" m_d="1.000000" m_tx="-343.859650" m_ty="-554.385986"/>
  </frame>
  <frame idx="25" w="794" h="1022" x="-79.859650" y="-330.385986">
   <element name="balloontent01" layername="balloonten" frame="0" z_index="7" m_a="1.000000" m_b="0.000000" m_c="0.000000" m_d="1.000000" m_tx="-343.859650" m_ty="-554.385986"/>
  </frame>
  <frame idx="50" w="794" h="1022" x="-79.859650" y="-330.385986">
   <element name="balloontent01" layername="balloonten" frame="0" z_index="7" m_a="1.000000" m_b="0.000000" m_c="0.000000" m_d="1.000000" m_tx="-343.859650" m_ty="-554.385986"/>
  </frame>
  <frame idx="75" w="794" h="1022" x="-79.859650" y="-330.385986">
   <element name="balloontent01" layername="balloonten" frame="0" z_index="7" m_a="1.000000" m_b="0.000000" m_c="0.000000" m_d="1.000000" m_tx="-343.859650" m_ty="-554.385986"/>
  </frame>
  <frame idx="100" w="794" h="1022" x="-79.859650" y="-330.385986">
   <element name="balloontent01" layername="balloonten" frame="0" z_index="7" m_a="1.000000" m_b="0.000000" m_c="0.000000" m_d="1.000000" m_tx="-343.859650" m_ty="-554.385986"/>
  </frame>
  <frame idx="125" w="794" h="1022" x="-79.859650" y="-330.385986">
   <element name="balloontent01" layername="balloonten" frame="0" z_index="7" m_a="1.000000" m_b="0.000000" m_c="0.000000" m_d="1.000000" m_tx="-343.859650" m_ty="-554.385986"/>
  </frame>
  <frame idx="150" w="794" h="1022" x="-79.859650" y="-330.385986">
   <element name="balloontent01" layername="balloonten" frame="0" z_index="7" m_a="1.000000" m_b="0.000000" m_c="0.000000" m_d="1.000000" m_tx="-343.859650" m_ty="-554.385986"/>
  </frame>
  <frame idx="175" w="794" h="1022" x="-79.859650" y="-330.385986">
   <element name="balloontent01" layername="balloonten" frame="0" z_index="7" m_a="1.000000" m_b="0.000000" m_c="0.000000" m_d="1.000000" m_tx="-343.859650" m_ty="-554.385986"/>
  </frame>
  <frame idx="200" w="794" h="1022" x="-79.859650" y="-330.385986">
   <element name="balloontent01" layername="balloonten" frame="0" z_index="7" m_a="1.000000" m_b="0.000000" m_c="0.000000" m_d="1.000000" m_tx="-343.859650" m_ty="-554.385986"/>
  </frame>
  <frame idx="225" w="794" h="1022" x="-79.859650" y="-330.385986">
   <element name="balloontent01" layername="balloonten" frame="0" z_index="7" m_a="1.000000" m_b="0.000000" m_c="0.000000" m_d="1.000000" m_tx="-343.859650" m_ty="-554.385986"/>
  </frame>
  <frame idx="250" w="794" h="1022" x="-79.859650" y="-330.385986">
   <element name="balloontent01" layername="balloonten" frame="0" z_index="7" m_a="1.000000" m_b="0.000000" m_c="0.000000" m_d="1.000000" m_tx="-343.859650" m_ty="-554.385986"/>
  </frame>
  <frame idx="275" w="794" h="1022" x="-79.859650" y="-330.385986">
   <element name="balloontent01" layername="balloonten" frame="0" z_index="7" m_a="1.000000" m_b="0.000000" m_c="0.000000" m_d="1.000000" m_tx="-343.859650" m_ty="-554.385986"/>
  </frame>
  <frame idx="300" w="794" h="1022" x="-79.859650" y="-330.385986">
   <element name="balloontent01" layername="balloonten" frame="0" z_index="7" m_a="1.000000" m_b="0.000000" m_c="0.000000" m_d="1.000000" m_tx="-343.859650" m_ty="-554.385986"/>
  </frame>
  <frame idx="325" w="794" h="1022" x="-79.859650" y="-330.385986">
   <element name="balloontent01" layername="balloonten" frame="0" z_index="7" m_a="1.000000" m_b="0.000000" m_c="0.000000" m_d="1.000000" m_tx="-343.859650" m_ty="-554.385986"/>
  </frame>
  <frame idx="350" w="794" h="1022" x="-79.859650" y="-330.385986">
   <element name="balloontent01" layername="balloonten" frame="0" z_index="7" m_a="1.000000" m_b="0.000000" m_c="0.000000" m_d="1.000000" m_tx="-343.859650" m_ty="-554.385986"/>
  </frame>
  <frame idx="375" w="794" h="1022" x="-79.859650" y="-330.385986">
   <element name="balloontent01" layername="balloonten" frame="0" z_index="7" m_a="1.000000" m_b="0.000000" m_c="0.000000" m_d="1.000000" m_tx="-343.859650" m_ty="-554.385986"/>
  </frame>
  <frame idx="400" w="794" h="1022" x="-79.859650" y="-330.385986">
   <element name="balloontent01" layername="balloonten" frame="0" z_index="7" m_a="1.000000" m_b="0.000000" m_c="0.000000" m_d="1.000000" m_tx="-343.859650" m_ty="-554.385986"/>
  </frame>
  <frame idx="425" w="794" h="1022" x="-79.859650" y="-330.385986">
   <element name="balloontent01" layername="balloonten" frame="0" z_index="7" m_a="1.000000" m_b="0.000000" m_c="0.000000" m_d="1.000000" m_tx="-343.859650" m_ty="-554.385986"/>
  </frame>
  <frame idx="450" w="794" h="1022" x="-79.859650" y="-330.385986">
   <element name="balloontent01" layername="balloonten" frame="0" z_index="7" m_a="1.000000" m_b="0.000000" m_c="0.000000" m_d="1.000000" m_tx="-343.859650" m_ty="-554.385986"/>
  </frame>
  <frame idx="475" w="794" h="1022" x="-79.859650" y="-330.385986">
   <element name="balloontent01" layername="balloonten" frame="0" z_index="7" m_a="1.000000" m_b="0.000000" m_c="0.000000" m_d="1.000000" m_tx="-343.859650" m_ty="-554.385986"/>
  </frame>
  <frame idx="500" w="794" h="1022" x="-79.859650" y="-330.385986">
   <element name="balloontent01" layername="balloonten" frame="0" z_index="7" m_a="1.000000" m_b="0.000000" m_c="0.000000" m_d="1.000000" m_tx="-343.859650" m_ty="-554.385986"/>
  </frame>
  <frame idx="525" w="794" h="1022" x="-79.859650" y="-330.385986">
   <element name="balloontent01" layername="balloonten" frame="0" z_index="7" m_a="1.000000" m_b="0.000000" m_c="0.000000" m_d="1.000000" m_tx="-343.859650" m_ty="-554.385986"/>
  </frame>
  <frame idx="550" w="794" h="1022" x="-79.859650" y="-330.385986">
   <element name="balloontent01" layername="balloonten" frame="0" z_index="7" m_a="1.000000" m_b="0.000000" m_c="0.000000" m_d="1.000000" m_tx="-343.859650" m_ty="-554.385986"/>
  </frame>
  <frame idx="575" w="794" h="1022" x="-79.859650" y="-330.385986">
   <element name="balloontent01" layername="balloonten" frame="0" z_index="7" m_a="1.000000" m_b="0.000000" m_c="0.000000" m_d="1.000000" m_tx="-343.859650" m_ty="-554.385986"/>
  </frame>
  <frame idx="600" w="794" h="1022" x="-79.859650" y="-330.385986">
   <element name="balloontent01" layername="balloonten" frame="0" z_index="7" m_a="1.000000" m_b="0.000000" m_c="0.000000" m_d="1.000000" m_tx="-343.859650" m_ty="-554.385986"/>
  </frame>
  <frame idx="625" w="794" h="1022" x="-79.859650" y="-330.385986">
   <element name="balloontent01" layername="balloonten" frame="0" z_index="7" m_a="1.000000" m_b="0.000000" m_c="0.000000" m_d="1.000000" m_tx="-343.859650" m_ty="-554.385986"/>
  </frame>
  <frame idx="650" w="794" h="1022" x="-79.859650" y="-330.385986">
   <element name="balloontent01" layername="balloonten" frame="0" z_index="7" m_a="1.000000" m_b="0.000000" m_c="0.000000" m_d="1.000000" m_tx="-343.859650" m_ty="-554.385986"/>
  </frame>
  <frame idx="675" w="794" h="1022" x="-79.859650" y="-330.385986">
   <element name="balloontent01" layername="balloonten" frame="0" z_index="7" m_a="1.000000" m_b="0.000000" m_c="0.000000" m_d="1.000000" m_tx="-343.859650" m_ty="-554.385986"/>
  </frame>
  <frame idx="700" w="794" h="1022" x="-79.859650" y="-330.385986">
   <element name="balloontent01" layername="balloonten" frame="0" z_index="7" m_a="1.000000" m_b="0.000000" m_c="0.000000" m_d="1.000000" m_tx="-343.859650" m_ty="-554.385986"/>
  </frame>
  <frame idx="725" w="794" h="1022" x="-79.859650" y="-330.385986">
   <element name="balloontent01" layername="balloonten" frame="0" z_index="7" m_a="1.000000" m_b="0.000000" m_c="0.000000" m_d="1.000000" m_tx="-343.859650" m_ty="-554.385986"/>
  </frame>
  <frame idx="750" w="794" h="1022" x="-79.859650" y="-330.385986">
   <element name="balloontent01" layername="balloonten" frame="0" z_index="7" m_a="1.000000" m_b="0.000000" m_c="0.000000" m_d="1.000000" m_tx="-343.859650" m_ty="-554.385986"/>
  </frame>
  <frame idx="775" w="794" h="1022" x="-79.859650" y="-330.385986">
   <element name="balloontent01" layername="balloonten" frame="0" z_index="7" m_a="1.000000" m_b="0.000000" m_c="0.000000" m_d="1.000000" m_tx="-343.859650" m_ty="-554.385986"/>
  </frame>
  <frame idx="800" w="794" h="1022" x="-79.859650" y="-330.385986">
   <element name="balloontent01" layername="balloonten" frame="0" z_index="7" m_a="1.000000" m_b="0.000000" m_c="0.000000" m_d="1.000000" m_tx="-343.859650" m_ty="-554.385986"/>
  </frame>
  <frame idx="825" w="794" h="1022" x="-79.859650" y="-330.385986">
   <element name="balloontent01" layername="balloonten" frame="0" z_index="7" m_a="1.000000" m_b="0.000000" m_c="0.000000" m_d="1.000000" m_tx="-343.859650" m_ty="-554.385986"/>
  </frame>
  <frame idx="850" w="794" h="1022" x="-79.859650" y="-330.385986">
   <element name="balloontent01" layername="balloonten" frame="0" z_index="7" m_a="1.000000" m_b="0.000000" m_c="0.000000" m_d="1.000000" m_tx="-343.859650" m_ty="-554.385986"/>
  </frame>
  <frame idx="875" w="794" h="1022" x="-79.859650" y="-330.385986">
   <element name="balloontent01" layername="balloonten" frame="0" z_index="7" m_a="1.000000" m_b="0.000000" m_c="0.000000" m_d="1.000000" m_tx="-343.859650" m_ty="-554.385986"/>
  </frame>
  <frame idx="900" w="794" h="1022" x="-79.859650" y="-330.385986">
   <element name="balloontent01" layername="balloonten" frame="0" z_index="7" m_a="1.000000" m_b="0.000000" m_c="0.000000" m_d="1.000000" m_tx="-343.859650" m_ty="-554.385986"/>
  </frame>
  <frame idx="925" w="794" h="1022" x="-79.859650" y="-330.385986">
   <element name="balloontent01" layername="balloonten" frame="0" z_index="7" m_a="1.000000" m_b="0.000000" m_c="0.000000" m_d="1.000000" m_tx="-343.859650" m_ty="-554.385986"/>
  </frame>
  <frame idx="950" w="794" h="1022" x="-79.859650" y="-330.385986">
   <element name="balloontent01" layername="balloonten" frame="0" z_index="7" m_a="1.000000" m_b="0.000000" m_c="0.000000" m_d="1.000000" m_tx="-343.859650" m_ty="-554.385986"/>
  </frame>
  <frame idx="975" w="794" h="1022" x="-79.859650" y="-330.385986">
   <element name="balloontent01" layername="balloonten" frame="0" z_index="7" m_a="1.000000" m_b="0.000000" m_c="0.000000" m_d="1.000000" m_tx="-343.859650" m_ty="-554.385986"/>
  </frame>
 </anim>
 <anim name="enter" root="balloontent" numframes="1000" framerate="40">
  <frame idx="0" w="794" h="1022" x="-79.859650" y="-330.385986">
   <element name="balloontent01" layername="balloonten" frame="0" z_index="7" m_a="1.000000" m_b="0.000000" m_c="0.000000" m_d="1.000000" m_tx="-343.859650" m_ty="-554.385986"/>
  </frame>
  <frame idx="25" w="794" h="969" x="-79.859650" y="-311.130676">
   <element name="balloontent01" layername="balloonten" frame="0" z_index="7" m_a="1.000000" m_b="0.000000" m_c="0.000000" m_d="0.952402" m_tx="-343.859650" m_ty="-524.899109"/>
  </frame>
  <frame idx="50" w="794" h="916" x="-79.859650" y="-291.875397">
   <element name="balloontent01" layername="balloonten" frame="0" z_index="7" m_a="1.000000" m_b="0.000000" m_c="0.000000" m_d="0.904804" m_tx="-343.859650" m_ty="-495.412262"/>
  </frame>
  <frame idx="75" w="794" h="862" x="-79.859650" y="-272.620087">
   <element name="balloontent01" layername="balloonten" frame="0" z_index="7" m_a="1.000000" m_b="0.000000" m_c="0.000000" m_d="0.857206" m_tx="-343.859650" m_ty="-465.925415"/>
  </frame>
  <frame idx="100" w="794" h="823" x="-79.859650" y="-258.352966">
   <element name="balloontent01" layername="balloonten" frame="0" z_index="7" m_a="1.000000" m_b="0.000000" m_c="0.000000" m_d="0.820860" m_tx="-343.859650" m_ty="-443.409241"/>
  </frame>
  <frame idx="125" w="794" h="873" x="-79.859650" y="-276.665588">
   <element name="balloontent01" layername="balloonten" frame="0" z_index="7" m_a="1.000000" m_b="0.000000" m_c="0.000000" m_d="0.867030" m_tx="-343.859650" m_ty="-472.011475"/>
  </frame>
  <frame idx="150" w="794" h="925" x="-79.859650" y="-295.478210">
   <element name="balloontent01" layername="balloonten" frame="0" z_index="7" m_a="1.000000" m_b="0.000000" m_c="0.000000" m_d="0.913200" m_tx="-343.859650" m_ty="-500.613739"/>
  </frame>
  <frame idx="175" w="794" h="976" x="-79.859650" y="-313.790894">
   <element name="balloontent01" layername="balloonten" frame="0" z_index="7" m_a="1.000000" m_b="0.000000" m_c="0.000000" m_d="0.959370" m_tx="-343.859650" m_ty="-529.216003"/>
  </frame>
  <frame idx="200" w="794" h="1025" x="-79.859650" y="-332.174988">
   <element name="balloontent01" layername="balloonten" frame="0" z_index="7" m_a="1.000000" m_b="0.000000" m_c="0.000000" m_d="1.001722" m_tx="-343.859650" m_ty="-556.708069"/>
  </frame>
  <frame idx="225" w="794" h="1054" x="-79.859650" y="-349.583649">
   <element name="balloontent01" layername="balloonten" frame="0" z_index="7" m_a="1.000000" m_b="0.000000" m_c="0.000000" m_d="1.016075" m_tx="-343.859650" m_ty="-576.058899"/>
  </frame>
  <frame idx="250" w="794" h="1082" x="-79.859650" y="-366.992218">
   <element name="balloontent01" layername="balloonten" frame="0" z_index="7" m_a="1.000000" m_b="0.000000" m_c="0.000000" m_d="1.030428" m_tx="-343.859650" m_ty="-595.409668"/>
  </frame>
  <frame idx="275" w="794" h="1110" x="-79.859650" y="-383.900787">
   <element name="balloontent01" layername="balloonten" frame="0" z_index="7" m_a="1.000000" m_b="0.000000" m_c="0.000000" m_d="1.044781" m_tx="-343.859650" m_ty="-614.760437"/>
  </frame>
  <frame idx="300" w="794" h="1128" x="-79.859650" y="-394.376129">
   <element name="balloontent01" layername="balloonten" frame="0" z_index="7" m_a="1.000000" m_b="0.000000" m_c="0.000000" m_d="1.053421" m_tx="-343.859650" m_ty="-626.410034"/>
  </frame>
  <frame idx="325" w="794" h="1100" x="-79.859650" y="-377.618103">
   <element name="balloontent01" layername="balloonten" frame="0" z_index="7" m_a="1.000000" m_b="0.000000" m_c="0.000000" m_d="1.039214" m_tx="-343.859650" m_ty="-607.254700"/>
  </frame>
  <frame idx="350" w="794" h="1071" x="-79.859650" y="-360.360077">
   <element name="balloontent01" layername="balloonten" frame="0" z_index="7" m_a="1.000000" m_b="0.000000" m_c="0.000000" m_d="1.025006" m_tx="-343.859650" m_ty="-588.099365"/>
  </frame>
  <frame idx="375" w="794" h="1043" x="-79.859650" y="-343.102051">
   <element name="balloontent01" layername="balloonten" frame="0" z_index="7" m_a="1.000000" m_b="0.000000" m_c="0.000000" m_d="1.010798" m_tx="-343.859650" m_ty="-568.944031"/>
  </frame>
  <frame idx="400" w="794" h="1015" x="-79.859650" y="-327.750153">
   <element name="balloontent01" layername="balloonten" frame="0" z_index="7" m_a="1.000000" m_b="0.000000" m_c="0.000000" m_d="0.993110" m_tx="-343.859650" m_ty="-550.117737"/>
  </frame>
  <frame idx="425" w="794" h="982" x="-79.859650" y="-315.850739">
   <element name="balloontent01" layername="balloonten" frame="0" z_index="7" m_a="1.000000" m_b="0.000000" m_c="0.000000" m_d="0.964402" m_tx="-343.859650" m_ty="-532.333252"/>
  </frame>
  <frame idx="450" w="794" h="950" x="-79.859650" y="-304.451294">
   <element name="balloontent01" layername="balloonten" frame="0" z_index="7" m_a="1.000000" m_b="0.000000" m_c="0.000000" m_d="0.935695" m_tx="-343.859650" m_ty="-514.548767"/>
  </frame>
  <frame idx="475" w="794" h="919" x="-79.859650" y="-293.051880">
   <element name="balloontent01" layername="balloonten" frame="0" z_index="7" m_a="1.000000" m_b="0.000000" m_c="0.000000" m_d="0.906987" m_tx="-343.859650" m_ty="-496.764252"/>
  </frame>
  <frame idx="500" w="794" h="916" x="-79.859650" y="-292.025452">
   <element name="balloontent01" layername="balloonten" frame="0" z_index="7" m_a="1.000000" m_b="0.000000" m_c="0.000000" m_d="0.905288" m_tx="-343.859650" m_ty="-495.712219"/>
  </frame>
  <frame idx="525" w="794" h="959" x="-79.859650" y="-307.558472">
   <element name="balloontent01" layername="balloonten" frame="0" z_index="7" m_a="1.000000" m_b="0.000000" m_c="0.000000" m_d="0.944105" m_tx="-343.859650" m_ty="-519.758850"/>
  </frame>
  <frame idx="550" w="794" h="1003" x="-79.859650" y="-323.591461">
   <element name="balloontent01" layername="balloonten" frame="0" z_index="7" m_a="1.000000" m_b="0.000000" m_c="0.000000" m_d="0.982921" m_tx="-343.859650" m_ty="-543.805481"/>
  </frame>
  <frame idx="575" w="794" h="1022" x="-79.859650" y="-330.385986">
   <element name="balloontent01" layername="balloonten" frame="0" z_index="7" m_a="1.000000" m_b="0.000000" m_c="0.000000" m_d="1.000000" m_tx="-343.859650" m_ty="-554.385986"/>
  </frame>
  <frame idx="600" w="794" h="1022" x="-79.859650" y="-330.385986">
   <element name="balloontent01" layername="balloonten" frame="0" z_index="7" m_a="1.000000" m_b="0.000000" m_c="0.000000" m_d="1.000000" m_tx="-343.859650" m_ty="-554.385986"/>
  </frame>
  <frame idx="625" w="794" h="1022" x="-79.859650" y="-330.385986">
   <element name="balloontent01" layername="balloonten" frame="0" z_index="7" m_a="1.000000" m_b="0.000000" m_c="0.000000" m_d="1.000000" m_tx="-343.859650" m_ty="-554.385986"/>
  </frame>
  <frame idx="650" w="794" h="1022" x="-79.859650" y="-330.385986">
   <element name="balloontent01" layername="balloonten" frame="0" z_index="7" m_a="1.000000" m_b="0.000000" m_c="0.000000" m_d="1.000000" m_tx="-343.859650" m_ty="-554.385986"/>
  </frame>
  <frame idx="675" w="794" h="1022" x="-79.859650" y="-330.385986">
   <element name="balloontent01" layername="balloonten" frame="0" z_index="7" m_a="1.000000" m_b="0.000000" m_c="0.000000" m_d="1.000000" m_tx="-343.859650" m_ty="-554.385986"/>
  </frame>
  <frame idx="700" w="794" h="1022" x="-79.859650" y="-330.385986">
   <element name="balloontent01" layername="balloonten" frame="0" z_index="7" m_a="1.000000" m_b="0.000000" m_c="0.000000" m_d="1.000000" m_tx="-343.859650" m_ty="-554.385986"/>
  </frame>
  <frame idx="725" w="794" h="1022" x="-79.859650" y="-330.385986">
   <element name="balloontent01" layername="balloonten" frame="0" z_index="7" m_a="1.000000" m_b="0.000000" m_c="0.000000" m_d="1.000000" m_tx="-343.859650" m_ty="-554.385986"/>
  </frame>
  <frame idx="750" w="794" h="1022" x="-79.859650" y="-330.385986">
   <element name="balloontent01" layername="balloonten" frame="0" z_index="7" m_a="1.000000" m_b="0.000000" m_c="0.000000" m_d="1.000000" m_tx="-343.859650" m_ty="-554.385986"/>
  </frame>
  <frame idx="775" w="794" h="1022" x="-79.859650" y="-330.385986">
   <element name="balloontent01" layername="balloonten" frame="0" z_index="7" m_a="1.000000" m_b="0.000000" m_c="0.000000" m_d="1.000000" m_tx="-343.859650" m_ty="-554.385986"/>
  </frame>
  <frame idx="800" w="794" h="1022" x="-79.859650" y="-330.385986">
   <element name="balloontent01" layername="balloonten" frame="0" z_index="7" m_a="1.000000" m_b="0.000000" m_c="0.000000" m_d="1.000000" m_tx="-343.859650" m_ty="-554.385986"/>
  </frame>
  <frame idx="825" w="794" h="1022" x="-79.859650" y="-330.385986">
   <element name="balloontent01" layername="balloonten" frame="0" z_index="7" m_a="1.000000" m_b="0.000000" m_c="0.000000" m_d="1.000000" m_tx="-343.859650" m_ty="-554.385986"/>
  </frame>
  <frame idx="850" w="794" h="1022" x="-79.859650" y="-330.385986">
   <element name="balloontent01" layername="balloonten" frame="0" z_index="7" m_a="1.000000" m_b="0.000000" m_c="0.000000" m_d="1.000000" m_tx="-343.859650" m_ty="-554.385986"/>
  </frame>
  <frame idx="875" w="794" h="1022" x="-79.859650" y="-330.385986">
   <element name="balloontent01" layername="balloonten" frame="0" z_index="7" m_a="1.000000" m_b="0.000000" m_c="0.000000" m_d="1.000000" m_tx="-343.859650" m_ty="-554.385986"/>
  </frame>
  <frame idx="900" w="794" h="1022" x="-79.859650" y="-330.385986">
   <element name="balloontent01" layername="balloonten" frame="0" z_index="7" m_a="1.000000" m_b="0.000000" m_c="0.000000" m_d="1.000000" m_tx="-343.859650" m_ty="-554.385986"/>
  </frame>
  <frame idx="925" w="794" h="1022" x="-79.859650" y="-330.385986">
   <element name="balloontent01" layername="balloonten" frame="0" z_index="7" m_a="1.000000" m_b="0.000000" m_c="0.000000" m_d="1.000000" m_tx="-343.859650" m_ty="-554.385986"/>
  </frame>
  <frame idx="950" w="794" h="1022" x="-79.859650" y="-330.385986">
   <element name="balloontent01" layername="balloonten" frame="0" z_index="7" m_a="1.000000" m_b="0.000000" m_c="0.000000" m_d="1.000000" m_tx="-343.859650" m_ty="-554.385986"/>
  </frame>
  <frame idx="975" w="794" h="1022" x="-79.859650" y="-330.385986">
   <element name="balloontent01" layername="balloonten" frame="0" z_index="7" m_a="1.000000" m_b="0.000000" m_c="0.000000" m_d="1.000000" m_tx="-343.859650" m_ty="-554.385986"/>
  </frame>
 </anim>
 <anim name="hit" root="balloontent" numframes="1000" framerate="40">
  <frame idx="0" w="794" h="1022" x="-79.859650" y="-330.385986">
   <element name="balloontent01" layername="balloonten" frame="0" z_index="7" m_a="1.000000" m_b="0.000000" m_c="0.000000" m_d="1.000000" m_tx="-343.859650" m_ty="-554.385986"/>
  </frame>
  <frame idx="25" w="845" h="952" x="-67.222412" y="-320.180786">
   <element name="balloontent01" layername="balloonten" frame="0" z_index="7" m_a="1.064369" m_b="0.000000" m_c="0.000000" m_d="0.886578" m_tx="-348.496429" m_ty="-515.076538"/>
  </frame>
  <frame idx="50" w="897" h="854" x="-64.358757" y="-292.718506">
   <element name="balloontent01" layername="balloonten" frame="0" z_index="7" m_a="1.128738" m_b="0.000000" m_c="0.000000" m_d="0.773155" m_tx="-362.406799" m_ty="-460.510040"/>
  </frame>
  <frame idx="75" w="947" h="725" x="-70.268631" y="-246.999268">
   <element name="balloontent01" layername="balloonten" frame="0" z_index="7" m_a="1.193108" m_b="0.000000" m_c="0.000000" m_d="0.659733" m_tx="-385.590698" m_ty="-390.686554"/>
  </frame>
  <frame idx="100" w="999" h="568" x="-85.952133" y="-184.023056">
   <element name="balloontent01" layername="balloonten" frame="0" z_index="7" m_a="1.257477" m_b="0.000000" m_c="0.000000" m_d="0.546310" m_tx="-418.048218" m_ty="-305.606110"/>
  </frame>
  <frame idx="125" w="1016" h="488" x="-99.403870" y="-149.519440">
   <element name="balloontent01" layername="balloonten" frame="0" z_index="7" m_a="1.279304" m_b="0.000000" m_c="0.000000" m_d="0.502503" m_tx="-437.213776" m_ty="-264.044037"/>
  </frame>
  <frame idx="150" w="974" h="587" x="-95.702705" y="-190.790390">
   <element name="balloontent01" layername="balloonten" frame="0" z_index="7" m_a="1.225500" m_b="0.000000" m_c="0.000000" m_d="0.582455" m_tx="-419.230530" m_ty="-322.060120"/>
  </frame>
  <frame idx="175" w="931" h="687" x="-92.001556" y="-232.518478">
   <element name="balloontent01" layername="balloonten" frame="0" z_index="7" m_a="1.171697" m_b="0.000000" m_c="0.000000" m_d="0.662407" m_tx="-401.247345" m_ty="-380.033325"/>
  </frame>
  <frame idx="200" w="887" h="785" x="-87.800415" y="-273.703644">
   <element name="balloontent01" layername="balloonten" frame="0" z_index="7" m_a="1.117893" m_b="0.000000" m_c="0.000000" m_d="0.742359" m_tx="-383.264160" m_ty="-437.963623"/>
  </frame>
  <frame idx="225" w="845" h="885" x="-84.099274" y="-315.345978">
   <element name="balloontent01" layername="balloonten" frame="0" z_index="7" m_a="1.064090" m_b="0.000000" m_c="0.000000" m_d="0.822311" m_tx="-365.280945" m_ty="-495.851074"/>
  </frame>
  <frame idx="250" w="802" h="985" x="-80.398125" y="-356.945404">
   <element name="balloontent01" layername="balloonten" frame="0" z_index="7" m_a="1.010286" m_b="0.000000" m_c="0.000000" m_d="0.902262" m_tx="-347.297760" m_ty="-553.695618"/>
  </frame>
  <frame idx="275" w="760" h="1084" x="-76.696960" y="-398.001953">
   <element name="balloontent01" layername="balloonten" frame="0" z_index="7" m_a="0.956483" m_b="0.000000" m_c="0.000000" m_d="0.982214" m_tx="-329.314514" m_ty="-611.497314"/>
  </frame>
  <frame idx="300" w="726" h="1160" x="-74.111847" y="-428.846771">
   <element name="balloontent01" layername="balloonten" frame="0" z_index="7" m_a="0.915178" m_b="0.000000" m_c="0.000000" m_d="1.045249" m_tx="-316.078217" m_ty="-655.351257"/>
  </frame>
  <frame idx="325" w="734" h="1140" x="-77.640823" y="-416.672180">
   <element name="balloontent01" layername="balloonten" frame="0" z_index="7" m_a="0.923869" m_b="0.000000" m_c="0.000000" m_d="1.040613" m_tx="-321.479492" m_ty="-643.741760"/>
  </frame>
  <frame idx="350" w="741" h="1122" x="-80.086487" y="-405.286316">
   <element name="balloontent01" layername="balloonten" frame="0" z_index="7" m_a="0.932560" m_b="0.000000" m_c="0.000000" m_d="1.035976" m_tx="-326.297455" m_ty="-632.421021"/>
  </frame>
  <frame idx="375" w="748" h="1107" x="-81.948898" y="-394.689209">
   <element name="balloontent01" layername="balloonten" frame="0" z_index="7" m_a="0.941250" m_b="0.000000" m_c="0.000000" m_d="1.031340" m_tx="-330.532166" m_ty="-621.389038"/>
  </frame>
  <frame idx="400" w="754" h="1091" x="-83.227989" y="-383.880798">
   <element name="balloontent01" layername="balloonten" frame="0" z_index="7" m_a="0.949941" m_b="0.000000" m_c="0.000000" m_d="1.026704" m_tx="-334.183563" m_ty="-610.645752"/>
  </frame>
  <frame idx="425" w="761" h="1077" x="-83.923798" y="-373.861176">
   <element name="balloontent01" layername="balloonten" frame="0" z_index="7" m_a="0.958632" m_b="0.000000" m_c="0.000000" m_d="1.022068" m_tx="-337.251648" m_ty="-600.191223"/>
  </frame>
  <frame idx="450" w="768" h="1062" x="-84.036324" y="-363.630280">
   <element name="balloontent01" layername="balloonten" frame="0" z_index="7" m_a="0.967323" m_b="0.000000" m_c="0.000000" m_d="1.017432" m_tx="-339.736481" m_ty="-590.025452"/>
  </frame>
  <frame idx="475" w="776" h="1050" x="-84.065544" y="-354.188141">
   <element name="balloontent01" layername="balloonten" frame="0" z_index="7" m_a="0.976013" m_b="0.000000" m_c="0.000000" m_d="1.012796" m_tx="-341.638000" m_ty="-580.148438"/>
  </frame>
  <frame idx="500" w="782" h="1040" x="-83.011482" y="-345.534698">
   <element name="balloontent01" layername="balloonten" frame="0" z_index="7" m_a="0.984704" m_b="0.000000" m_c="0.000000" m_d="1.008160" m_tx="-342.956238" m_ty="-570.560120"/>
  </frame>
  <frame idx="525" w="789" h="1029" x="-81.374138" y="-336.669983">
   <element name="balloontent01" layername="balloonten" frame="0" z_index="7" m_a="0.993395" m_b="0.000000" m_c="0.000000" m_d="1.003523" m_tx="-343.691193" m_ty="-561.260498"/>
  </frame>
  <frame idx="550" w="794" h="1022" x="-79.859650" y="-330.385986">
   <element name="balloontent01" layername="balloonten" frame="0" z_index="7" m_a="1.000000" m_b="0.000000" m_c="0.000000" m_d="1.000000" m_tx="-343.859650" m_ty="-554.385986"/>
  </frame>
  <frame idx="575" w="794" h="1022" x="-79.859650" y="-330.385986">
   <element name="balloontent01" layername="balloonten" frame="0" z_index="7" m_a="1.000000" m_b="0.000000" m_c="0.000000" m_d="1.000000" m_tx="-343.859650" m_ty="-554.385986"/>
  </frame>
  <frame idx="600" w="794" h="1022" x="-79.859650" y="-330.385986">
   <element name="balloontent01" layername="balloonten" frame="0" z_index="7" m_a="1.000000" m_b="0.000000" m_c="0.000000" m_d="1.000000" m_tx="-343.859650" m_ty="-554.385986"/>
  </frame>
  <frame idx="625" w="794" h="1022" x="-79.859650" y="-330.385986">
   <element name="balloontent01" layername="balloonten" frame="0" z_index="7" m_a="1.000000" m_b="0.000000" m_c="0.000000" m_d="1.000000" m_tx="-343.859650" m_ty="-554.385986"/>
  </frame>
  <frame idx="650" w="794" h="1022" x="-79.859650" y="-330.385986">
   <element name="balloontent01" layername="balloonten" frame="0" z_index="7" m_a="1.000000" m_b="0.000000" m_c="0.000000" m_d="1.000000" m_tx="-343.859650" m_ty="-554.385986"/>
  </frame>
  <frame idx="675" w="794" h="1022" x="-79.859650" y="-330.385986">
   <element name="balloontent01" layername="balloonten" frame="0" z_index="7" m_a="1.000000" m_b="0.000000" m_c="0.000000" m_d="1.000000" m_tx="-343.859650" m_ty="-554.385986"/>
  </frame>
  <frame idx="700" w="794" h="1022" x="-79.859650" y="-330.385986">
   <element name="balloontent01" layername="balloonten" frame="0" z_index="7" m_a="1.000000" m_b="0.000000" m_c="0.000000" m_d="1.000000" m_tx="-343.859650" m_ty="-554.385986"/>
  </frame>
  <frame idx="725" w="794" h="1022" x="-79.859650" y="-330.385986">
   <element name="balloontent01" layername="balloonten" frame="0" z_index="7" m_a="1.000000" m_b="0.000000" m_c="0.000000" m_d="1.000000" m_tx="-343.859650" m_ty="-554.385986"/>
  </frame>
  <frame idx="750" w="794" h="1022" x="-79.859650" y="-330.385986">
   <element name="balloontent01" layername="balloonten" frame="0" z_index="7" m_a="1.000000" m_b="0.000000" m_c="0.000000" m_d="1.000000" m_tx="-343.859650" m_ty="-554.385986"/>
  </frame>
  <frame idx="775" w="794" h="1022" x="-79.859650" y="-330.385986">
   <element name="balloontent01" layername="balloonten" frame="0" z_index="7" m_a="1.000000" m_b="0.000000" m_c="0.000000" m_d="1.000000" m_tx="-343.859650" m_ty="-554.385986"/>
  </frame>
  <frame idx="800" w="794" h="1022" x="-79.859650" y="-330.385986">
   <element name="balloontent01" layername="balloonten" frame="0" z_index="7" m_a="1.000000" m_b="0.000000" m_c="0.000000" m_d="1.000000" m_tx="-343.859650" m_ty="-554.385986"/>
  </frame>
  <frame idx="825" w="794" h="1022" x="-79.859650" y="-330.385986">
   <element name="balloontent01" layername="balloonten" frame="0" z_index="7" m_a="1.000000" m_b="0.000000" m_c="0.000000" m_d="1.000000" m_tx="-343.859650" m_ty="-554.385986"/>
  </frame>
  <frame idx="850" w="794" h="1022" x="-79.859650" y="-330.385986">
   <element name="balloontent01" layername="balloonten" frame="0" z_index="7" m_a="1.000000" m_b="0.000000" m_c="0.000000" m_d="1.000000" m_tx="-343.859650" m_ty="-554.385986"/>
  </frame>
  <frame idx="875" w="794" h="1022" x="-79.859650" y="-330.385986">
   <element name="balloontent01" layername="balloonten" frame="0" z_index="7" m_a="1.000000" m_b="0.000000" m_c="0.000000" m_d="1.000000" m_tx="-343.859650" m_ty="-554.385986"/>
  </frame>
  <frame idx="900" w="794" h="1022" x="-79.859650" y="-330.385986">
   <element name="balloontent01" layername="balloonten" frame="0" z_index="7" m_a="1.000000" m_b="0.000000" m_c="0.000000" m_d="1.000000" m_tx="-343.859650" m_ty="-554.385986"/>
  </frame>
  <frame idx="925" w="794" h="1022" x="-79.859650" y="-330.385986">
   <element name="balloontent01" layername="balloonten" frame="0" z_index="7" m_a="1.000000" m_b="0.000000" m_c="0.000000" m_d="1.000000" m_tx="-343.859650" m_ty="-554.385986"/>
  </frame>
  <frame idx="950" w="794" h="1022" x="-79.859650" y="-330.385986">
   <element name="balloontent01" layername="balloonten" frame="0" z_index="7" m_a="1.000000" m_b="0.000000" m_c="0.000000" m_d="1.000000" m_tx="-343.859650" m_ty="-554.385986"/>
  </frame>
  <frame idx="975" w="794" h="1022" x="-79.859650" y="-330.385986">
   <element name="balloontent01" layername="balloonten" frame="0" z_index="7" m_a="1.000000" m_b="0.000000" m_c="0.000000" m_d="1.000000" m_tx="-343.859650" m_ty="-554.385986"/>
  </frame>
 </anim>
 <anim name="idle" root="balloontent" numframes="1000" framerate="40">
  <frame idx="0" w="794" h="1022" x="-79.859650" y="-330.385986">
   <element name="balloontent01" layername="balloonten" frame="0" z_index="7" m_a="1.000000" m_b="0.000000" m_c="0.000000" m_d="1.000000" m_tx="-343.859650" m_ty="-554.385986"/>
  </frame>
  <frame idx="25" w="794" h="1022" x="-79.859650" y="-330.385986">
   <element name="balloontent01" layername="balloonten" frame="0" z_index="7" m_a="1.000000" m_b="0.000000" m_c="0.000000" m_d="1.000000" m_tx="-343.859650" m_ty="-554.385986"/>
  </frame>
  <frame idx="50" w="794" h="1022" x="-79.859650" y="-330.385986">
   <element name="balloontent01" layername="balloonten" frame="0" z_index="7" m_a="1.000000" m_b="0.000000" m_c="0.000000" m_d="1.000000" m_tx="-343.859650" m_ty="-554.385986"/>
  </frame>
  <frame idx="75" w="794" h="1022" x="-79.859650" y="-330.385986">
   <element name="balloontent01" layername="balloonten" frame="0" z_index="7" m_a="1.000000" m_b="0.000000" m_c="0.000000" m_d="1.000000" m_tx="-343.859650" m_ty="-554.385986"/>
  </frame>
  <frame idx="100" w="794" h="1022" x="-79.859650" y="-330.385986">
   <element name="balloontent01" layername="balloonten" frame="0" z_index="7" m_a="1.000000" m_b="0.000000" m_c="0.000000" m_d="1.000000" m_tx="-343.859650" m_ty="-554.385986"/>
  </frame>
  <frame idx="125" w="794" h="1022" x="-79.859650" y="-330.385986">
   <element name="balloontent01" layername="balloonten" frame="0" z_index="7" m_a="1.000000" m_b="0.000000" m_c="0.000000" m_d="1.000000" m_tx="-343.859650" m_ty="-554.385986"/>
  </frame>
  <frame idx="150" w="794" h="1022" x="-79.859650" y="-330.385986">
   <element name="balloontent01" layername="balloonten" frame="0" z_index="7" m_a="1.000000" m_b="0.000000" m_c="0.000000" m_d="1.000000" m_tx="-343.859650" m_ty="-554.385986"/>
  </frame>
  <frame idx="175" w="794" h="1022" x="-79.859650" y="-330.385986">
   <element name="balloontent01" layername="balloonten" frame="0" z_index="7" m_a="1.000000" m_b="0.000000" m_c="0.000000" m_d="1.000000" m_tx="-343.859650" m_ty="-554.385986"/>
  </frame>
  <frame idx="200" w="794" h="1022" x="-79.859650" y="-330.385986">
   <element name="balloontent01" layername="balloonten" frame="0" z_index="7" m_a="1.000000" m_b="0.000000" m_c="0.000000" m_d="1.000000" m_tx="-343.859650" m_ty="-554.385986"/>
  </frame>
  <frame idx="225" w="794" h="1022" x="-79.859650" y="-330.385986">
   <element name="balloontent01" layername="balloonten" frame="0" z_index="7" m_a="1.000000" m_b="0.000000" m_c="0.000000" m_d="1.000000" m_tx="-343.859650" m_ty="-554.385986"/>
  </frame>
  <frame idx="250" w="794" h="1022" x="-79.859650" y="-330.385986">
   <element name="balloontent01" layername="balloonten" frame="0" z_index="7" m_a="1.000000" m_b="0.000000" m_c="0.000000" m_d="1.000000" m_tx="-343.859650" m_ty="-554.385986"/>
  </frame>
  <frame idx="275" w="794" h="1022" x="-79.859650" y="-330.385986">
   <element name="balloontent01" layername="balloonten" frame="0" z_index="7" m_a="1.000000" m_b="0.000000" m_c="0.000000" m_d="1.000000" m_tx="-343.859650" m_ty="-554.385986"/>
  </frame>
  <frame idx="300" w="794" h="1022" x="-79.859650" y="-330.385986">
   <element name="balloontent01" layername="balloonten" frame="0" z_index="7" m_a="1.000000" m_b="0.000000" m_c="0.000000" m_d="1.000000" m_tx="-343.859650" m_ty="-554.385986"/>
  </frame>
  <frame idx="325" w="794" h="1022" x="-79.859650" y="-330.385986">
   <element name="balloontent01" layername="balloonten" frame="0" z_index="7" m_a="1.000000" m_b="0.000000" m_c="0.000000" m_d="1.000000" m_tx="-343.859650" m_ty="-554.385986"/>
  </frame>
  <frame idx="350" w="794" h="1022" x="-79.859650" y="-330.385986">
   <element name="balloontent01" layername="balloonten" frame="0" z_index="7" m_a="1.000000" m_b="0.000000" m_c="0.000000" m_d="1.000000" m_tx="-343.859650" m_ty="-554.385986"/>
  </frame>
  <frame idx="375" w="794" h="1022" x="-79.859650" y="-330.385986">
   <element name="balloontent01" layername="balloonten" frame="0" z_index="7" m_a="1.000000" m_b="0.000000" m_c="0.000000" m_d="1.000000" m_tx="-343.859650" m_ty="-554.385986"/>
  </frame>
  <frame idx="400" w="794" h="1022" x="-79.859650" y="-330.385986">
   <element name="balloontent01" layername="balloonten" frame="0" z_index="7" m_a="1.000000" m_b="0.000000" m_c="0.000000" m_d="1.000000" m_tx="-343.859650" m_ty="-554.385986"/>
  </frame>
  <frame idx="425" w="794" h="1022" x="-79.859650" y="-330.385986">
   <element name="balloontent01" layername="balloonten" frame="0" z_index="7" m_a="1.000000" m_b="0.000000" m_c="0.000000" m_d="1.000000" m_tx="-343.859650" m_ty="-554.385986"/>
  </frame>
  <frame idx="450" w="794" h="1022" x="-79.859650" y="-330.385986">
   <element name="balloontent01" layername="balloonten" frame="0" z_index="7" m_a="1.000000" m_b="0.000000" m_c="0.000000" m_d="1.000000" m_tx="-343.859650" m_ty="-554.385986"/>
  </frame>
  <frame idx="475" w="794" h="1022" x="-79.859650" y="-330.385986">
   <element name="balloontent01" layername="balloonten" frame="0" z_index="7" m_a="1.000000" m_b="0.000000" m_c="0.000000" m_d="1.000000" m_tx="-343.859650" m_ty="-554.385986"/>
  </frame>
  <frame idx="500" w="794" h="1022" x="-79.859650" y="-330.385986">
   <element name="balloontent01" layername="balloonten" frame="0" z_index="7" m_a="1.000000" m_b="0.000000" m_c="0.000000" m_d="1.000000" m_tx="-343.859650" m_ty="-554.385986"/>
  </frame>
  <frame idx="525" w="794" h="1022" x="-79.859650" y="-330.385986">
   <element name="balloontent01" layername="balloonten" frame="0" z_index="7" m_a="1.000000" m_b="0.000000" m_c="0.000000" m_d="1.000000" m_tx="-343.859650" m_ty="-554.385986"/>
  </frame>
  <frame idx="550" w="794" h="1022" x="-79.859650" y="-330.385986">
   <element name="balloontent01" layername="balloonten" frame="0" z_index="7" m_a="1.000000" m_b="0.000000" m_c="0.000000" m_d="1.000000" m_tx="-343.859650" m_ty="-554.385986"/>
  </frame>
  <frame idx="575" w="794" h="1022" x="-79.859650" y="-330.385986">
   <element name="balloontent01" layername="balloonten" frame="0" z_index="7" m_a="1.000000" m_b="0.000000" m_c="0.000000" m_d="1.000000" m_tx="-343.859650" m_ty="-554.385986"/>
  </frame>
  <frame idx="600" w="794" h="1022" x="-79.859650" y="-330.385986">
   <element name="balloontent01" layername="balloonten" frame="0" z_index="7" m_a="1.000000" m_b="0.000000" m_c="0.000000" m_d="1.000000" m_tx="-343.859650" m_ty="-554.385986"/>
  </frame>
  <frame idx="625" w="794" h="1022" x="-79.859650" y="-330.385986">
   <element name="balloontent01" layername="balloonten" frame="0" z_index="7" m_a="1.000000" m_b="0.000000" m_c="0.000000" m_d="1.000000" m_tx="-343.859650" m_ty="-554.385986"/>
  </frame>
  <frame idx="650" w="794" h="1022" x="-79.859650" y="-330.385986">
   <element name="balloontent01" layername="balloonten" frame="0" z_index="7" m_a="1.000000" m_b="0.000000" m_c="0.000000" m_d="1.000000" m_tx="-343.859650" m_ty="-554.385986"/>
  </frame>
  <frame idx="675" w="794" h="1022" x="-79.859650" y="-330.385986">
   <element name="balloontent01" layername="balloonten" frame="0" z_index="7" m_a="1.000000" m_b="0.000000" m_c="0.000000" m_d="1.000000" m_tx="-343.859650" m_ty="-554.385986"/>
  </frame>
  <frame idx="700" w="794" h="1022" x="-79.859650" y="-330.385986">
   <element name="balloontent01" layername="balloonten" frame="0" z_index="7" m_a="1.000000" m_b="0.000000" m_c="0.000000" m_d="1.000000" m_tx="-343.859650" m_ty="-554.385986"/>
  </frame>
  <frame idx="725" w="794" h="1022" x="-79.859650" y="-330.385986">
   <element name="balloontent01" layername="balloonten" frame="0" z_index="7" m_a="1.000000" m_b="0.000000" m_c="0.000000" m_d="1.000000" m_tx="-343.859650" m_ty="-554.385986"/>
  </frame>
  <frame idx="750" w="794" h="1022" x="-79.859650" y="-330.385986">
   <element name="balloontent01" layername="balloonten" frame="0" z_index="7" m_a="1.000000" m_b="0.000000" m_c="0.000000" m_d="1.000000" m_tx="-343.859650" m_ty="-554.385986"/>
  </frame>
  <frame idx="775" w="794" h="1022" x="-79.859650" y="-330.385986">
   <element name="balloontent01" layername="balloonten" frame="0" z_index="7" m_a="1.000000" m_b="0.000000" m_c="0.000000" m_d="1.000000" m_tx="-343.859650" m_ty="-554.385986"/>
  </frame>
  <frame idx="800" w="794" h="1022" x="-79.859650" y="-330.385986">
   <element name="balloontent01" layername="balloonten" frame="0" z_index="7" m_a="1.000000" m_b="0.000000" m_c="0.000000" m_d="1.000000" m_tx="-343.859650" m_ty="-554.385986"/>
  </frame>
  <frame idx="825" w="794" h="1022" x="-79.859650" y="-330.385986">
   <element name="balloontent01" layername="balloonten" frame="0" z_index="7" m_a="1.000000" m_b="0.000000" m_c="0.000000" m_d="1.000000" m_tx="-343.859650" m_ty="-554.385986"/>
  </frame>
  <frame idx="850" w="794" h="1022" x="-79.859650" y="-330.385986">
   <element name="balloontent01" layername="balloonten" frame="0" z_index="7" m_a="1.000000" m_b="0.000000" m_c="0.000000" m_d="1.000000" m_tx="-343.859650" m_ty="-554.385986"/>
  </frame>
  <frame idx="875" w="794" h="1022" x="-79.859650" y="-330.385986">
   <element name="balloontent01" layername="balloonten" frame="0" z_index="7" m_a="1.000000" m_b="0.000000" m_c="0.000000" m_d="1.000000" m_tx="-343.859650" m_ty="-554.385986"/>
  </frame>
  <frame idx="900" w="794" h="1022" x="-79.859650" y="-330.385986">
   <element name="balloontent01" layername="balloonten" frame="0" z_index="7" m_a="1.000000" m_b="0.000000" m_c="0.000000" m_d="1.000000" m_tx="-343.859650" m_ty="-554.385986"/>
  </frame>
  <frame idx="925" w="794" h="1022" x="-79.859650" y="-330.385986">
   <element name="balloontent01" layername="balloonten" frame="0" z_index="7" m_a="1.000000" m_b="0.000000" m_c="0.000000" m_d="1.000000" m_tx="-343.859650" m_ty="-554.385986"/>
  </frame>
  <frame idx="950" w="794" h="1022" x="-79.859650" y="-330.385986">
   <element name="balloontent01" layername="balloonten" frame="0" z_index="7" m_a="1.000000" m_b="0.000000" m_c="0.000000" m_d="1.000000" m_tx="-343.859650" m_ty="-554.385986"/>
  </frame>
  <frame idx="975" w="794" h="1022" x="-79.859650" y="-330.385986">
   <element name="balloontent01" layername="balloonten" frame="0" z_index="7" m_a="1.000000" m_b="0.000000" m_c="0.000000" m_d="1.000000" m_tx="-343.859650" m_ty="-554.385986"/>
  </frame>
 </anim>
 <anim name="place" root="balloontent" numframes="1000" framerate="40">
  <frame idx="0" w="794" h="38" x="-81.583801" y="15.440773">
   <element name="balloontent01" layername="balloonten" frame="0" z_index="7" m_a="1.000000" m_b="0.000000" m_c="0.000000" m_d="0.054967" m_tx="-345.583801" m_ty="32.786102"/>
  </frame>
  <frame idx="25" w="794" h="71" x="-81.583801" y="14.026011">
   <element name="balloontent01" layername="balloonten" frame="0" z_index="7" m_a="1.000000" m_b="0.000000" m_c="0.000000" m_d="0.151007" m_tx="-345.583801" m_ty="-26.710636"/>
  </frame>
  <frame idx="50" w="794" h="178" x="-81.583801" y="-24.746368">
   <element name="balloontent01" layername="balloonten" frame="0" z_index="7" m_a="1.000000" m_b="0.000000" m_c="0.000000" m_d="0.247047" m_tx="-345.583801" m_ty="-86.207375"/>
  </frame>
  <frame idx="75" w="794" h="285" x="-81.583801" y="-63.518742">
   <element name="balloontent01" layername="balloonten" frame="0" z_index="7" m_a="1.000000" m_b="0.000000" m_c="0.000000" m_d="0.343087" m_tx="-345.583801" m_ty="-145.704117"/>
  </frame>
  <frame idx="100" w="794" h="393" x="-81.583801" y="-102.291122">
   <element name="balloontent01" layername="balloonten" frame="0" z_index="7" m_a="1.000000" m_b="0.000000" m_c="0.000000" m_d="0.439127" m_tx="-345.583801" m_ty="-205.200851"/>
  </frame>
  <frame idx="125" w="794" h="500" x="-81.583801" y="-141.063477">
   <element name="balloontent01" layername="balloonten" frame="0" z_index="7" m_a="1.000000" m_b="0.000000" m_c="0.000000" m_d="0.535167" m_tx="-345.583801" m_ty="-264.697571"/>
  </frame>
  <frame idx="150" w="794" h="606" x="-81.583801" y="-179.335876">
   <element name="balloontent01" layername="balloonten" frame="0" z_index="7" m_a="1.000000" m_b="0.000000" m_c="0.000000" m_d="0.631207" m_tx="-345.583801" m_ty="-324.194336"/>
  </frame>
  <frame idx="175" w="794" h="713" x="-81.583801" y="-218.108246">
   <element name="balloontent01" layername="balloonten" frame="0" z_index="7" m_a="1.000000" m_b="0.000000" m_c="0.000000" m_d="0.727247" m_tx="-345.583801" m_ty="-383.691040"/>
  </frame>
  <frame idx="200" w="794" h="820" x="-81.583801" y="-256.880615">
   <element name="balloontent01" layername="balloonten" frame="0" z_index="7" m_a="1.000000" m_b="0.000000" m_c="0.000000" m_d="0.823287" m_tx="-345.583801" m_ty="-443.187805"/>
  </frame>
  <frame idx="225" w="794" h="928" x="-81.583801" y="-295.653015">
   <element name="balloontent01" layername="balloonten" frame="0" z_index="7" m_a="1.000000" m_b="0.000000" m_c="0.000000" m_d="0.919326" m_tx="-345.583801" m_ty="-502.684570"/>
  </frame>
  <frame idx="250" w="794" h="1018" x="-81.583801" y="-328.161804">
   <element name="balloontent01" layername="balloonten" frame="0" z_index="7" m_a="1.000000" m_b="0.000000" m_c="0.000000" m_d="1.000000" m_tx="-345.583801" m_ty="-552.661804"/>
  </frame>
  <frame idx="275" w="794" h="1018" x="-81.583801" y="-328.161804">
   <element name="balloontent01" layername="balloonten" frame="0" z_index="7" m_a="1.000000" m_b="0.000000" m_c="0.000000" m_d="1.000000" m_tx="-345.583801" m_ty="-552.661804"/>
  </frame>
  <frame idx="300" w="794" h="1018" x="-81.583801" y="-328.161804">
   <element name="balloontent01" layername="balloonten" frame="0" z_index="7" m_a="1.000000" m_b="0.000000" m_c="0.000000" m_d="1.000000" m_tx="-345.583801" m_ty="-552.661804"/>
  </frame>
  <frame idx="325" w="794" h="1018" x="-81.583801" y="-328.161804">
   <element name="balloontent01" layername="balloonten" frame="0" z_index="7" m_a="1.000000" m_b="0.000000" m_c="0.000000" m_d="1.000000" m_tx="-345.583801" m_ty="-552.661804"/>
  </frame>
  <frame idx="350" w="794" h="1018" x="-81.583801" y="-328.161804">
   <element name="balloontent01" layername="balloonten" frame="0" z_index="7" m_a="1.000000" m_b="0.000000" m_c="0.000000" m_d="1.000000" m_tx="-345.583801" m_ty="-552.661804"/>
  </frame>
  <frame idx="375" w="794" h="1018" x="-81.583801" y="-328.161804">
   <element name="balloontent01" layername="balloonten" frame="0" z_index="7" m_a="1.000000" m_b="0.000000" m_c="0.000000" m_d="1.000000" m_tx="-345.583801" m_ty="-552.661804"/>
  </frame>
  <frame idx="400" w="794" h="1018" x="-81.583801" y="-328.161804">
   <element name="balloontent01" layername="balloonten" frame="0" z_index="7" m_a="1.000000" m_b="0.000000" m_c="0.000000" m_d="1.000000" m_tx="-345.583801" m_ty="-552.661804"/>
  </frame>
  <frame idx="425" w="794" h="1018" x="-81.583801" y="-328.161804">
   <element name="balloontent01" layername="balloonten" frame="0" z_index="7" m_a="1.000000" m_b="0.000000" m_c="0.000000" m_d="1.000000" m_tx="-345.583801" m_ty="-552.661804"/>
  </frame>
  <frame idx="450" w="794" h="1018" x="-81.583801" y="-328.161804">
   <element name="balloontent01" layername="balloonten" frame="0" z_index="7" m_a="1.000000" m_b="0.000000" m_c="0.000000" m_d="1.000000" m_tx="-345.583801" m_ty="-552.661804"/>
  </frame>
  <frame idx="475" w="794" h="1018" x="-81.583801" y="-328.161804">
   <element name="balloontent01" layername="balloonten" frame="0" z_index="7" m_a="1.000000" m_b="0.000000" m_c="0.000000" m_d="1.000000" m_tx="-345.583801" m_ty="-552.661804"/>
  </frame>
  <frame idx="500" w="794" h="1018" x="-81.583801" y="-328.161804">
   <element name="balloontent01" layername="balloonten" frame="0" z_index="7" m_a="1.000000" m_b="0.000000" m_c="0.000000" m_d="1.000000" m_tx="-345.583801" m_ty="-552.661804"/>
  </frame>
  <frame idx="525" w="794" h="1018" x="-81.583801" y="-328.161804">
   <element name="balloontent01" layername="balloonten" frame="0" z_index="7" m_a="1.000000" m_b="0.000000" m_c="0.000000" m_d="1.000000" m_tx="-345.583801" m_ty="-552.661804"/>
  </frame>
  <frame idx="550" w="794" h="1018" x="-81.583801" y="-328.161804">
   <element name="balloontent01" layername="balloonten" frame="0" z_index="7" m_a="1.000000" m_b="0.000000" m_c="0.000000" m_d="1.000000" m_tx="-345.583801" m_ty="-552.661804"/>
  </frame>
  <frame idx="575" w="794" h="1018" x="-81.583801" y="-328.161804">
   <element name="balloontent01" layername="balloonten" frame="0" z_index="7" m_a="1.000000" m_b="0.000000" m_c="0.000000" m_d="1.000000" m_tx="-345.583801" m_ty="-552.661804"/>
  </frame>
  <frame idx="600" w="794" h="1018" x="-81.583801" y="-328.161804">
   <element name="balloontent01" layername="balloonten" frame="0" z_index="7" m_a="1.000000" m_b="0.000000" m_c="0.000000" m_d="1.000000" m_tx="-345.583801" m_ty="-552.661804"/>
  </frame>
  <frame idx="625" w="794" h="1018" x="-81.583801" y="-328.161804">
   <element name="balloontent01" layername="balloonten" frame="0" z_index="7" m_a="1.000000" m_b="0.000000" m_c="0.000000" m_d="1.000000" m_tx="-345.583801" m_ty="-552.661804"/>
  </frame>
  <frame idx="650" w="794" h="1018" x="-81.583801" y="-328.161804">
   <element name="balloontent01" layername="balloonten" frame="0" z_index="7" m_a="1.000000" m_b="0.000000" m_c="0.000000" m_d="1.000000" m_tx="-345.583801" m_ty="-552.661804"/>
  </frame>
  <frame idx="675" w="794" h="1018" x="-81.583801" y="-328.161804">
   <element name="balloontent01" layername="balloonten" frame="0" z_index="7" m_a="1.000000" m_b="0.000000" m_c="0.000000" m_d="1.000000" m_tx="-345.583801" m_ty="-552.661804"/>
  </frame>
  <frame idx="700" w="794" h="1018" x="-81.583801" y="-328.161804">
   <element name="balloontent01" layername="balloonten" frame="0" z_index="7" m_a="1.000000" m_b="0.000000" m_c="0.000000" m_d="1.000000" m_tx="-345.583801" m_ty="-552.661804"/>
  </frame>
  <frame idx="725" w="794" h="1018" x="-81.583801" y="-328.161804">
   <element name="balloontent01" layername="balloonten" frame="0" z_index="7" m_a="1.000000" m_b="0.000000" m_c="0.000000" m_d="1.000000" m_tx="-345.583801" m_ty="-552.661804"/>
  </frame>
  <frame idx="750" w="794" h="1018" x="-81.583801" y="-328.161804">
   <element name="balloontent01" layername="balloonten" frame="0" z_index="7" m_a="1.000000" m_b="0.000000" m_c="0.000000" m_d="1.000000" m_tx="-345.583801" m_ty="-552.661804"/>
  </frame>
  <frame idx="775" w="794" h="1018" x="-81.583801" y="-328.161804">
   <element name="balloontent01" layername="balloonten" frame="0" z_index="7" m_a="1.000000" m_b="0.000000" m_c="0.000000" m_d="1.000000" m_tx="-345.583801" m_ty="-552.661804"/>
  </frame>
  <frame idx="800" w="794" h="1018" x="-81.583801" y="-328.161804">
   <element name="balloontent01" layername="balloonten" frame="0" z_index="7" m_a="1.000000" m_b="0.000000" m_c="0.000000" m_d="1.000000" m_tx="-345.583801" m_ty="-552.661804"/>
  </frame>
  <frame idx="825" w="794" h="1018" x="-81.583801" y="-328.161804">
   <element name="balloontent01" layername="balloonten" frame="0" z_index="7" m_a="1.000000" m_b="0.000000" m_c="0.000000" m_d="1.000000" m_tx="-345.583801" m_ty="-552.661804"/>
  </frame>
  <frame idx="850" w="794" h="1018" x="-81.583801" y="-328.161804">
   <element name="balloontent01" layername="balloonten" frame="0" z_index="7" m_a="1.000000" m_b="0.000000" m_c="0.000000" m_d="1.000000" m_tx="-345.583801" m_ty="-552.661804"/>
  </frame>
  <frame idx="875" w="794" h="1018" x="-81.583801" y="-328.161804">
   <element name="balloontent01" layername="balloonten" frame="0" z_index="7" m_a="1.000000" m_b="0.000000" m_c="0.000000" m_d="1.000000" m_tx="-345.583801" m_ty="-552.661804"/>
  </frame>
  <frame idx="900" w="794" h="1018" x="-81.583801" y="-328.161804">
   <element name="balloontent01" layername="balloonten" frame="0" z_index="7" m_a="1.000000" m_b="0.000000" m_c="0.000000" m_d="1.000000" m_tx="-345.583801" m_ty="-552.661804"/>
  </frame>
  <frame idx="925" w="794" h="1018" x="-81.583801" y="-328.161804">
   <element name="balloontent01" layername="balloonten" frame="0" z_index="7" m_a="1.000000" m_b="0.000000" m_c="0.000000" m_d="1.000000" m_tx="-345.583801" m_ty="-552.661804"/>
  </frame>
  <frame idx="950" w="794" h="1018" x="-81.583801" y="-328.161804">
   <element name="balloontent01" layername="balloonten" frame="0" z_index="7" m_a="1.000000" m_b="0.000000" m_c="0.000000" m_d="1.000000" m_tx="-345.583801" m_ty="-552.661804"/>
  </frame>
  <frame idx="975" w="794" h="1018" x="-81.583801" y="-328.161804">
   <element name="balloontent01" layername="balloonten" frame="0" z_index="7" m_a="1.000000" m_b="0.000000" m_c="0.000000" m_d="1.000000" m_tx="-345.583801" m_ty="-552.661804"/>
  </frame>
 </anim>
 <anim name="misc" root="balloontent" numframes="1000" framerate="40">
  <frame idx="0" w="794" h="38" x="-81.583801" y="15.440773">
   <element name="balloontent01" layername="balloonten" frame="0" z_index="7" m_a="1.000000" m_b="0.000000" m_c="0.000000" m_d="0.054967" m_tx="-345.583801" m_ty="32.786102"/>
  </frame>
  <frame idx="25" w="794" h="71" x="-81.583801" y="14.026011">
   <element name="balloontent01" layername="balloonten" frame="0" z_index="7" m_a="1.000000" m_b="0.000000" m_c="0.000000" m_d="0.151007" m_tx="-345.583801" m_ty="-26.710636"/>
  </frame>
  <frame idx="50" w="794" h="178" x="-81.583801" y="-24.746368">
   <element name="balloontent01" layername="balloonten" frame="0" z_index="7" m_a="1.000000" m_b="0.000000" m_c="0.000000" m_d="0.247047" m_tx="-345.583801" m_ty="-86.207375"/>
  </frame>
  <frame idx="75" w="794" h="285" x="-81.583801" y="-63.518742">
   <element name="balloontent01" layername="balloonten" frame="0" z_index="7" m_a="1.000000" m_b="0.000000" m_c="0.000000" m_d="0.343087" m_tx="-345.583801" m_ty="-145.704117"/>
  </frame>
  <frame idx="100" w="794" h="393" x="-81.583801" y="-102.291122">
   <element name="balloontent01" layername="balloonten" frame="0" z_index="7" m_a="1.000000" m_b="0.000000" m_c="0.000000" m_d="0.439127" m_tx="-345.583801" m_ty="-205.200851"/>
  </frame>
  <frame idx="125" w="794" h="500" x="-81.583801" y="-141.063477">
   <element name="balloontent01" layername="balloonten" frame="0" z_index="7" m_a="1.000000" m_b="0.000000" m_c="0.000000" m_d="0.535167" m_tx="-345.583801" m_ty="-264.697571"/>
  </frame>
  <frame idx="150" w="794" h="606" x="-81.583801" y="-179.335876">
   <element name="balloontent01" layername="balloonten" frame="0" z_index="7" m_a="1.000000" m_b="0.000000" m_c="0.000000" m_d="0.631207" m_tx="-345.583801" m_ty="-324.194336"/>
  </frame>
  <frame idx="175" w="794" h="713" x="-81.583801" y="-218.108246">
   <element name="balloontent01" layername="balloonten" frame="0" z_index="7" m_a="1.000000" m_b="0.000000" m_c="0.000000" m_d="0.727247" m_tx="-345.583801" m_ty="-383.691040"/>
  </frame>
  <frame idx="200" w="794" h="820" x="-81.583801" y="-256.880615">
   <element name="balloontent01" layername="balloonten" frame="0" z_index="7" m_a="1.000000" m_b="0.000000" m_c="0.000000" m_d="0.823287" m_tx="-345.583801" m_ty="-443.187805"/>
  </frame>
  <frame idx="225" w="794" h="928" x="-81.583801" y="-295.653015">
   <element name="balloontent01" layername="balloonten" frame="0" z_index="7" m_a="1.000000" m_b="0.000000" m_c="0.000000" m_d="0.919326" m_tx="-345.583801" m_ty="-502.684570"/>
  </frame>
  <frame idx="250" w="794" h="1018" x="-81.583801" y="-328.161804">
   <element name="balloontent01" layername="balloonten" frame="0" z_index="7" m_a="1.000000" m_b="0.000000" m_c="0.000000" m_d="1.000000" m_tx="-345.583801" m_ty="-552.661804"/>
  </frame>
  <frame idx="275" w="794" h="1018" x="-81.583801" y="-328.161804">
   <element name="balloontent01" layername="balloonten" frame="0" z_index="7" m_a="1.000000" m_b="0.000000" m_c="0.000000" m_d="1.000000" m_tx="-345.583801" m_ty="-552.661804"/>
  </frame>
  <frame idx="300" w="794" h="1018" x="-81.583801" y="-328.161804">
   <element name="balloontent01" layername="balloonten" frame="0" z_index="7" m_a="1.000000" m_b="0.000000" m_c="0.000000" m_d="1.000000" m_tx="-345.583801" m_ty="-552.661804"/>
  </frame>
  <frame idx="325" w="794" h="1018" x="-81.583801" y="-328.161804">
   <element name="balloontent01" layername="balloonten" frame="0" z_index="7" m_a="1.000000" m_b="0.000000" m_c="0.000000" m_d="1.000000" m_tx="-345.583801" m_ty="-552.661804"/>
  </frame>
  <frame idx="350" w="794" h="1018" x="-81.583801" y="-328.161804">
   <element name="balloontent01" layername="balloonten" frame="0" z_index="7" m_a="1.000000" m_b="0.000000" m_c="0.000000" m_d="1.000000" m_tx="-345.583801" m_ty="-552.661804"/>
  </frame>
  <frame idx="375" w="794" h="1018" x="-81.583801" y="-328.161804">
   <element name="balloontent01" layername="balloonten" frame="0" z_index="7" m_a="1.000000" m_b="0.000000" m_c="0.000000" m_d="1.000000" m_tx="-345.583801" m_ty="-552.661804"/>
  </frame>
  <frame idx="400" w="794" h="1018" x="-81.583801" y="-328.161804">
   <element name="balloontent01" layername="balloonten" frame="0" z_index="7" m_a="1.000000" m_b="0.000000" m_c="0.000000" m_d="1.000000" m_tx="-345.583801" m_ty="-552.661804"/>
  </frame>
  <frame idx="425" w="794" h="1018" x="-81.583801" y="-328.161804">
   <element name="balloontent01" layername="balloonten" frame="0" z_index="7" m_a="1.000000" m_b="0.000000" m_c="0.000000" m_d="1.000000" m_tx="-345.583801" m_ty="-552.661804"/>
  </frame>
  <frame idx="450" w="794" h="1018" x="-81.583801" y="-328.161804">
   <element name="balloontent01" layername="balloonten" frame="0" z_index="7" m_a="1.000000" m_b="0.000000" m_c="0.000000" m_d="1.000000" m_tx="-345.583801" m_ty="-552.661804"/>
  </frame>
  <frame idx="475" w="794" h="1018" x="-81.583801" y="-328.161804">
   <element name="balloontent01" layername="balloonten" frame="0" z_index="7" m_a="1.000000" m_b="0.000000" m_c="0.000000" m_d="1.000000" m_tx="-345.583801" m_ty="-552.661804"/>
  </frame>
  <frame idx="500" w="794" h="1018" x="-81.583801" y="-328.161804">
   <element name="balloontent01" layername="balloonten" frame="0" z_index="7" m_a="1.000000" m_b="0.000000" m_c="0.000000" m_d="1.000000" m_tx="-345.583801" m_ty="-552.661804"/>
  </frame>
  <frame idx="525" w="794" h="1018" x="-81.583801" y="-328.161804">
   <element name="balloontent01" layername="balloonten" frame="0" z_index="7" m_a="1.000000" m_b="0.000000" m_c="0.000000" m_d="1.000000" m_tx="-345.583801" m_ty="-552.661804"/>
  </frame>
  <frame idx="550" w="794" h="1018" x="-81.583801" y="-328.161804">
   <element name="balloontent01" layername="balloonten" frame="0" z_index="7" m_a="1.000000" m_b="0.000000" m_c="0.000000" m_d="1.000000" m_tx="-345.583801" m_ty="-552.661804"/>
  </frame>
  <frame idx="575" w="794" h="1018" x="-81.583801" y="-328.161804">
   <element name="balloontent01" layername="balloonten" frame="0" z_index="7" m_a="1.000000" m_b="0.000000" m_c="0.000000" m_d="1.000000" m_tx="-345.583801" m_ty="-552.661804"/>
  </frame>
  <frame idx="600" w="794" h="1018" x="-81.583801" y="-328.161804">
   <element name="balloontent01" layername="balloonten" frame="0" z_index="7" m_a="1.000000" m_b="0.000000" m_c="0.000000" m_d="1.000000" m_tx="-345.583801" m_ty="-552.661804"/>
  </frame>
  <frame idx="625" w="794" h="1018" x="-81.583801" y="-328.161804">
   <element name="balloontent01" layername="balloonten" frame="0" z_index="7" m_a="1.000000" m_b="0.000000" m_c="0.000000" m_d="1.000000" m_tx="-345.583801" m_ty="-552.661804"/>
  </frame>
  <frame idx="650" w="794" h="1018" x="-81.583801" y="-328.161804">
   <element name="balloontent01" layername="balloonten" frame="0" z_index="7" m_a="1.000000" m_b="0.000000" m_c="0.000000" m_d="1.000000" m_tx="-345.583801" m_ty="-552.661804"/>
  </frame>
  <frame idx="675" w="794" h="1018" x="-81.583801" y="-328.161804">
   <element name="balloontent01" layername="balloonten" frame="0" z_index="7" m_a="1.000000" m_b="0.000000" m_c="0.000000" m_d="1.000000" m_tx="-345.583801" m_ty="-552.661804"/>
  </frame>
  <frame idx="700" w="794" h="1018" x="-81.583801" y="-328.161804">
   <element name="balloontent01" layername="balloonten" frame="0" z_index="7" m_a="1.000000" m_b="0.000000" m_c="0.000000" m_d="1.000000" m_tx="-345.583801" m_ty="-552.661804"/>
  </frame>
  <frame idx="725" w="794" h="1018" x="-81.583801" y="-328.161804">
   <element name="balloontent01" layername="balloonten" frame="0" z_index="7" m_a="1.000000" m_b="0.000000" m_c="0.000000" m_d="1.000000" m_tx="-345.583801" m_ty="-552.661804"/>
  </frame>
  <frame idx="750" w="794" h="1018" x="-81.583801" y="-328.161804">
   <element name="balloontent01" layername="balloonten" frame="0" z_index="7" m_a="1.000000" m_b="0.000000" m_c="0.000000" m_d="1.000000" m_tx="-345.583801" m_ty="-552.661804"/>
  </frame>
  <frame idx="775" w="794" h="1018" x="-81.583801" y="-328.161804">
   <element name="balloontent01" layername="balloonten" frame="0" z_index="7" m_a="1.000000" m_b="0.000000" m_c="0.000000" m_d="1.000000" m_tx="-345.583801" m_ty="-552.661804"/>
  </frame>
  <frame idx="800" w="794" h="1018" x="-81.583801" y="-328.161804">
   <element name="balloontent01" layername="balloonten" frame="0" z_index="7" m_a="1.000000" m_b="0.000000" m_c="0.000000" m_d="1.000000" m_tx="-345.583801" m_ty="-552.661804"/>
  </frame>
  <frame idx="825" w="794" h="1018" x="-81.583801" y="-328.161804">
   <element name="balloontent01" layername="balloonten" frame="0" z_index="7" m_a="1.000000" m_b="0.000000" m_c="0.000000" m_d="1.000000" m_tx="-345.583801" m_ty="-552.661804"/>
  </frame>
  <frame idx="850" w="794" h="1018" x="-81.583801" y="-328.161804">
   <element name="balloontent01" layername="balloonten" frame="0" z_index="7" m_a="1.000000" m_b="0.000000" m_c="0.000000" m_d="1.000000" m_tx="-345.583801" m_ty="-552.661804"/>
  </frame>
  <frame idx="875" w="794" h="1018" x="-81.583801" y="-328.161804">
   <element name="balloontent01" layername="balloonten" frame="0" z_index="7" m_a="1.000000" m_b="0.000000" m_c="0.000000" m_d="1.000000" m_tx="-345.583801" m_ty="-552.661804"/>
  </frame>
  <frame idx="900" w="794" h="1018" x="-81.583801" y="-328.161804">
   <element name="balloontent01" layername="balloonten" frame="0" z_index="7" m_a="1.000000" m_b="0.000000" m_c="0.000000" m_d="1.000000" m_tx="-345.583801" m_ty="-552.661804"/>
  </frame>
  <frame idx="925" w="794" h="1018" x="-81.583801" y="-328.161804">
   <element name="balloontent01" layername="balloonten" frame="0" z_index="7" m_a="1.000000" m_b="0.000000" m_c="0.000000" m_d="1.000000" m_tx="-345.583801" m_ty="-552.661804"/>
  </frame>
  <frame idx="950" w="794" h="1018" x="-81.583801" y="-328.161804">
   <element name="balloontent01" layername="balloonten" frame="0" z_index="7" m_a="1.000000" m_b="0.000000" m_c="0.000000" m_d="1.000000" m_tx="-345.583801" m_ty="-552.661804"/>
  </frame>
  <frame idx="975" w="794" h="1018" x="-81.583801" y="-328.161804">
   <element name="balloontent01" layername="balloonten" frame="0" z_index="7" m_a="1.000000" m_b="0.000000" m_c="0.000000" m_d="1.000000" m_tx="-345.583801" m_ty="-552.661804"/>
  </frame>
 </anim>
 <anim name="sleep_loop" root="balloontent" numframes="3000" framerate="40">
  <frame idx="0" w="794" h="1022" x="-79.859650" y="-330.385986">
   <element name="balloontent01" layername="balloonten" frame="0" z_index="7" m_a="1.000000" m_b="0.000000" m_c="0.000000" m_d="1.000000" m_tx="-343.859650" m_ty="-554.385986"/>
  </frame>
  <frame idx="25" w="794" h="1022" x="-79.859650" y="-330.385986">
   <element name="balloontent01" layername="balloonten" frame="0" z_index="7" m_a="1.000000" m_b="0.000000" m_c="0.000000" m_d="1.000000" m_tx="-343.859650" m_ty="-554.385986"/>
  </frame>
  <frame idx="50" w="794" h="1022" x="-79.859650" y="-330.385986">
   <element name="balloontent01" layername="balloonten" frame="0" z_index="7" m_a="1.000000" m_b="0.000000" m_c="0.000000" m_d="1.000000" m_tx="-343.859650" m_ty="-554.385986"/>
  </frame>
  <frame idx="75" w="794" h="1022" x="-79.859650" y="-330.385986">
   <element name="balloontent01" layername="balloonten" frame="0" z_index="7" m_a="1.000000" m_b="0.000000" m_c="0.000000" m_d="1.000000" m_tx="-343.859650" m_ty="-554.385986"/>
  </frame>
  <frame idx="100" w="794" h="1022" x="-79.859650" y="-330.385986">
   <element name="balloontent01" layername="balloonten" frame="0" z_index="7" m_a="1.000000" m_b="0.000000" m_c="0.000000" m_d="1.000000" m_tx="-343.859650" m_ty="-554.385986"/>
  </frame>
  <frame idx="125" w="794" h="1022" x="-79.859650" y="-330.385986">
   <element name="balloontent01" layername="balloonten" frame="0" z_index="7" m_a="1.000000" m_b="0.000000" m_c="0.000000" m_d="1.000000" m_tx="-343.859650" m_ty="-554.385986"/>
  </frame>
  <frame idx="150" w="794" h="1022" x="-79.855888" y="-330.517090">
   <element name="balloontent01" layername="balloonten" frame="0" z_index="7" m_a="0.999712" m_b="0.000000" m_c="0.000000" m_d="1.000423" m_tx="-343.760620" m_ty="-554.648010"/>
  </frame>
  <frame idx="175" w="793" h="1026" x="-79.824532" y="-331.609711">
   <element name="balloontent01" layername="balloonten" frame="0" z_index="7" m_a="0.997310" m_b="0.000000" m_c="0.000000" m_d="1.003947" m_tx="-342.935425" m_ty="-556.831421"/>
  </frame>
  <frame idx="200" w="790" h="1030" x="-79.293182" y="-333.202271">
   <element name="balloontent01" layername="balloonten" frame="0" z_index="7" m_a="0.994908" m_b="0.000000" m_c="0.000000" m_d="1.007472" m_tx="-342.110229" m_ty="-559.014832"/>
  </frame>
  <frame idx="225" w="789" h="1034" x="-79.261803" y="-334.794861">
   <element name="balloontent01" layername="balloonten" frame="0" z_index="7" m_a="0.992506" m_b="0.000000" m_c="0.000000" m_d="1.010996" m_tx="-341.285004" m_ty="-561.198242"/>
  </frame>
  <frame idx="250" w="787" h="1038" x="-79.230431" y="-335.887482">
   <element name="balloontent01" layername="balloonten" frame="0" z_index="7" m_a="0.990104" m_b="0.000000" m_c="0.000000" m_d="1.014521" m_tx="-340.459808" m_ty="-563.381653"/>
  </frame>
  <frame idx="275" w="784" h="1042" x="-78.699081" y="-337.480042">
   <element name="balloontent01" layername="balloonten" frame="0" z_index="7" m_a="0.987702" m_b="0.000000" m_c="0.000000" m_d="1.018045" m_tx="-339.634613" m_ty="-565.565063"/>
  </frame>
  <frame idx="300" w="783" h="1046" x="-78.667694" y="-339.072632">
   <element name="balloontent01" layername="balloonten" frame="0" z_index="7" m_a="0.985300" m_b="0.000000" m_c="0.000000" m_d="1.021570" m_tx="-338.809387" m_ty="-567.748474"/>
  </frame>
  <frame idx="325" w="781" h="1050" x="-78.636345" y="-340.165161">
   <element name="balloontent01" layername="balloonten" frame="0" z_index="7" m_a="0.982898" m_b="0.000000" m_c="0.000000" m_d="1.025094" m_tx="-337.984192" m_ty="-569.931824"/>
  </frame>
  <frame idx="350" w="779" h="1054" x="-78.104996" y="-341.757751">
   <element name="balloontent01" layername="balloonten" frame="0" z_index="7" m_a="0.980496" m_b="0.000000" m_c="0.000000" m_d="1.028619" m_tx="-337.158997" m_ty="-572.115234"/>
  </frame>
  <frame idx="375" w="777" h="1058" x="-78.073639" y="-343.350342">
   <element name="balloontent01" layername="balloonten" frame="0" z_index="7" m_a="0.978094" m_b="0.000000" m_c="0.000000" m_d="1.032143" m_tx="-336.333801" m_ty="-574.298645"/>
  </frame>
  <frame idx="400" w="775" h="1061" x="-78.042259" y="-344.442932">
   <element name="balloontent01" layername="balloonten" frame="0" z_index="7" m_a="0.975692" m_b="0.000000" m_c="0.000000" m_d="1.035668" m_tx="-335.508575" m_ty="-576.482056"/>
  </frame>
  <frame idx="425" w="773" h="1066" x="-77.510910" y="-346.035522">
   <element name="balloontent01" layername="balloonten" frame="0" z_index="7" m_a="0.973290" m_b="0.000000" m_c="0.000000" m_d="1.039192" m_tx="-334.683380" m_ty="-578.665466"/>
  </frame>
  <frame idx="450" w="771" h="1070" x="-77.479553" y="-347.628113">
   <element name="balloontent01" layername="balloonten" frame="0" z_index="7" m_a="0.970888" m_b="0.000000" m_c="0.000000" m_d="1.042717" m_tx="-333.858185" m_ty="-580.848877"/>
  </frame>
  <frame idx="475" w="770" h="1073" x="-77.448204" y="-348.720734">
   <element name="balloontent01" layername="balloonten" frame="0" z_index="7" m_a="0.968486" m_b="0.000000" m_c="0.000000" m_d="1.046241" m_tx="-333.032990" m_ty="-583.032288"/>
  </frame>
  <frame idx="500" w="767" h="1078" x="-76.916824" y="-350.313293">
   <element name="balloontent01" layername="balloonten" frame="0" z_index="7" m_a="0.966085" m_b="0.000000" m_c="0.000000" m_d="1.049765" m_tx="-332.207764" m_ty="-585.215698"/>
  </frame>
  <frame idx="525" w="765" h="1082" x="-76.885468" y="-351.905884">
   <element name="balloontent01" layername="balloonten" frame="0" z_index="7" m_a="0.963683" m_b="0.000000" m_c="0.000000" m_d="1.053290" m_tx="-331.382568" m_ty="-587.399109"/>
  </frame>
  <frame idx="550" w="764" h="1085" x="-76.854118" y="-352.998444">
   <element name="balloontent01" layername="balloonten" frame="0" z_index="7" m_a="0.961281" m_b="0.000000" m_c="0.000000" m_d="1.056814" m_tx="-330.557373" m_ty="-589.582520"/>
  </frame>
  <frame idx="575" w="761" h="1090" x="-76.322739" y="-354.591064">
   <element name="balloontent01" layername="balloonten" frame="0" z_index="7" m_a="0.958879" m_b="0.000000" m_c="0.000000" m_d="1.060339" m_tx="-329.732147" m_ty="-591.765930"/>
  </frame>
  <frame idx="600" w="760" h="1094" x="-76.291389" y="-356.183655">
   <element name="balloontent01" layername="balloonten" frame="0" z_index="7" m_a="0.956477" m_b="0.000000" m_c="0.000000" m_d="1.063863" m_tx="-328.906952" m_ty="-593.949341"/>
  </frame>
  <frame idx="625" w="758" h="1097" x="-76.260033" y="-357.276215">
   <element name="balloontent01" layername="balloonten" frame="0" z_index="7" m_a="0.954075" m_b="0.000000" m_c="0.000000" m_d="1.067388" m_tx="-328.081757" m_ty="-596.132751"/>
  </frame>
  <frame idx="650" w="756" h="1102" x="-75.728668" y="-358.868835">
   <element name="balloontent01" layername="balloonten" frame="0" z_index="7" m_a="0.951673" m_b="0.000000" m_c="0.000000" m_d="1.070912" m_tx="-327.256561" m_ty="-598.316162"/>
  </frame>
  <frame idx="675" w="754" h="1106" x="-75.697281" y="-360.461426">
   <element name="balloontent01" layername="balloonten" frame="0" z_index="7" m_a="0.949271" m_b="0.000000" m_c="0.000000" m_d="1.074437" m_tx="-326.431335" m_ty="-600.499573"/>
  </frame>
  <frame idx="700" w="752" h="1109" x="-75.665932" y="-361.553986">
   <element name="balloontent01" layername="balloonten" frame="0" z_index="7" m_a="0.946869" m_b="0.000000" m_c="0.000000" m_d="1.077961" m_tx="-325.606140" m_ty="-602.682983"/>
  </frame>
  <frame idx="725" w="750" h="1113" x="-75.134583" y="-363.146606">
   <element name="balloontent01" layername="balloonten" frame="0" z_index="7" m_a="0.944467" m_b="0.000000" m_c="0.000000" m_d="1.081486" m_tx="-324.780945" m_ty="-604.866394"/>
  </frame>
  <frame idx="750" w="748" h="1118" x="-75.103195" y="-364.739197">
   <element name="balloontent01" layername="balloonten" frame="0" z_index="7" m_a="0.942065" m_b="0.000000" m_c="0.000000" m_d="1.085010" m_tx="-323.955719" m_ty="-607.049805"/>
  </frame>
  <frame idx="775" w="747" h="1121" x="-75.071846" y="-365.831757">
   <element name="balloontent01" layername="balloonten" frame="0" z_index="7" m_a="0.939663" m_b="0.000000" m_c="0.000000" m_d="1.088535" m_tx="-323.130524" m_ty="-609.233215"/>
  </frame>
  <frame idx="800" w="744" h="1125" x="-74.540497" y="-367.424347">
   <element name="balloontent01" layername="balloonten" frame="0" z_index="7" m_a="0.937261" m_b="0.000000" m_c="0.000000" m_d="1.092059" m_tx="-322.305328" m_ty="-611.416626"/>
  </frame>
  <frame idx="825" w="742" h="1130" x="-74.509140" y="-369.016968">
   <element name="balloontent01" layername="balloonten" frame="0" z_index="7" m_a="0.934859" m_b="0.000000" m_c="0.000000" m_d="1.095583" m_tx="-321.480133" m_ty="-613.600037"/>
  </frame>
  <frame idx="850" w="741" h="1133" x="-74.477760" y="-370.109528">
   <element name="balloontent01" layername="balloonten" frame="0" z_index="7" m_a="0.932457" m_b="0.000000" m_c="0.000000" m_d="1.099108" m_tx="-320.654907" m_ty="-615.783447"/>
  </frame>
  <frame idx="875" w="738" h="1137" x="-73.946411" y="-371.702118">
   <element name="balloontent01" layername="balloonten" frame="0" z_index="7" m_a="0.930055" m_b="0.000000" m_c="0.000000" m_d="1.102632" m_tx="-319.829712" m_ty="-617.966858"/>
  </frame>
  <frame idx="900" w="737" h="1142" x="-73.915054" y="-373.294708">
   <element name="balloontent01" layername="balloonten" frame="0" z_index="7" m_a="0.927653" m_b="0.000000" m_c="0.000000" m_d="1.106157" m_tx="-319.004517" m_ty="-620.150269"/>
  </frame>
  <frame idx="925" w="735" h="1145" x="-73.883675" y="-374.387238">
   <element name="balloontent01" layername="balloonten" frame="0" z_index="7" m_a="0.925251" m_b="0.000000" m_c="0.000000" m_d="1.109681" m_tx="-318.179291" m_ty="-622.333618"/>
  </frame>
  <frame idx="950" w="734" h="1149" x="-73.852325" y="-375.979828">
   <element name="balloontent01" layername="balloonten" frame="0" z_index="7" m_a="0.922850" m_b="0.000000" m_c="0.000000" m_d="1.113206" m_tx="-317.354095" m_ty="-624.517029"/>
  </frame>
  <frame idx="975" w="731" h="1154" x="-73.320969" y="-377.572388">
   <element name="balloontent01" layername="balloonten" frame="0" z_index="7" m_a="0.920448" m_b="0.000000" m_c="0.000000" m_d="1.116730" m_tx="-316.528900" m_ty="-626.700439"/>
  </frame>
  <frame idx="1000" w="729" h="1157" x="-73.289619" y="-378.665009">
   <element name="balloontent01" layername="balloonten" frame="0" z_index="7" m_a="0.918046" m_b="0.000000" m_c="0.000000" m_d="1.120255" m_tx="-315.703705" m_ty="-628.883850"/>
  </frame>
  <frame idx="1025" w="728" h="1161" x="-73.258217" y="-380.257599">
   <element name="balloontent01" layername="balloonten" frame="0" z_index="7" m_a="0.915644" m_b="0.000000" m_c="0.000000" m_d="1.123779" m_tx="-314.878479" m_ty="-631.067261"/>
  </frame>
  <frame idx="1050" w="725" h="1164" x="-72.726868" y="-381.350159">
   <element name="balloontent01" layername="balloonten" frame="0" z_index="7" m_a="0.913242" m_b="0.000000" m_c="0.000000" m_d="1.127304" m_tx="-314.053284" m_ty="-633.250671"/>
  </frame>
  <frame idx="1075" w="724" h="1169" x="-72.695518" y="-382.942780">
   <element name="balloontent01" layername="balloonten" frame="0" z_index="7" m_a="0.910840" m_b="0.000000" m_c="0.000000" m_d="1.130828" m_tx="-313.228088" m_ty="-635.434082"/>
  </frame>
  <frame idx="1100" w="722" h="1173" x="-72.664131" y="-384.535370">
   <element name="balloontent01" layername="balloonten" frame="0" z_index="7" m_a="0.908438" m_b="0.000000" m_c="0.000000" m_d="1.134353" m_tx="-312.402863" m_ty="-637.617493"/>
  </frame>
  <frame idx="1125" w="719" h="1176" x="-72.132782" y="-385.627930">
   <element name="balloontent01" layername="balloonten" frame="0" z_index="7" m_a="0.906036" m_b="0.000000" m_c="0.000000" m_d="1.137877" m_tx="-311.577667" m_ty="-639.800903"/>
  </frame>
  <frame idx="1150" w="718" h="1181" x="-72.101433" y="-387.220551">
   <element name="balloontent01" layername="balloonten" frame="0" z_index="7" m_a="0.903634" m_b="0.000000" m_c="0.000000" m_d="1.141402" m_tx="-310.752472" m_ty="-641.984314"/>
  </frame>
  <frame idx="1175" w="716" h="1185" x="-72.070084" y="-388.813141">
   <element name="balloontent01" layername="balloonten" frame="0" z_index="7" m_a="0.901232" m_b="0.000000" m_c="0.000000" m_d="1.144926" m_tx="-309.927277" m_ty="-644.167725"/>
  </frame>
  <frame idx="1200" w="716" h="1185" x="-72.068817" y="-388.856842">
   <element name="balloontent01" layername="balloonten" frame="0" z_index="7" m_a="0.901136" m_b="0.000000" m_c="0.000000" m_d="1.145067" m_tx="-309.894257" m_ty="-644.255066"/>
  </frame>
  <frame idx="1225" w="716" h="1185" x="-72.068817" y="-388.856842">
   <element name="balloontent01" layername="balloonten" frame="0" z_index="7" m_a="0.901136" m_b="0.000000" m_c="0.000000" m_d="1.145067" m_tx="-309.894257" m_ty="-644.255066"/>
  </frame>
  <frame idx="1250" w="716" h="1185" x="-72.068817" y="-388.856842">
   <element name="balloontent01" layername="balloonten" frame="0" z_index="7" m_a="0.901136" m_b="0.000000" m_c="0.000000" m_d="1.145067" m_tx="-309.894257" m_ty="-644.255066"/>
  </frame>
  <frame idx="1275" w="716" h="1185" x="-72.068817" y="-388.856842">
   <element name="balloontent01" layername="balloonten" frame="0" z_index="7" m_a="0.901136" m_b="0.000000" m_c="0.000000" m_d="1.145067" m_tx="-309.894257" m_ty="-644.255066"/>
  </frame>
  <frame idx="1300" w="716" h="1185" x="-72.068817" y="-388.856842">
   <element name="balloontent01" layername="balloonten" frame="0" z_index="7" m_a="0.901136" m_b="0.000000" m_c="0.000000" m_d="1.145067" m_tx="-309.894257" m_ty="-644.255066"/>
  </frame>
  <frame idx="1325" w="716" h="1185" x="-72.068817" y="-388.856842">
   <element name="balloontent01" layername="balloonten" frame="0" z_index="7" m_a="0.901136" m_b="0.000000" m_c="0.000000" m_d="1.145067" m_tx="-309.894257" m_ty="-644.255066"/>
  </frame>
  <frame idx="1350" w="716" h="1185" x="-72.068817" y="-388.856842">
   <element name="balloontent01" layername="balloonten" frame="0" z_index="7" m_a="0.901136" m_b="0.000000" m_c="0.000000" m_d="1.145067" m_tx="-309.894257" m_ty="-644.255066"/>
  </frame>
  <frame idx="1375" w="716" h="1185" x="-72.068817" y="-388.856842">
   <element name="balloontent01" layername="balloonten" frame="0" z_index="7" m_a="0.901136" m_b="0.000000" m_c="0.000000" m_d="1.145067" m_tx="-309.894257" m_ty="-644.255066"/>
  </frame>
  <frame idx="1400" w="716" h="1185" x="-72.068817" y="-388.856842">
   <element name="balloontent01" layername="balloonten" frame="0" z_index="7" m_a="0.901136" m_b="0.000000" m_c="0.000000" m_d="1.145067" m_tx="-309.894257" m_ty="-644.255066"/>
  </frame>
  <frame idx="1425" w="716" h="1185" x="-72.068817" y="-388.856842">
   <element name="balloontent01" layername="balloonten" frame="0" z_index="7" m_a="0.901136" m_b="0.000000" m_c="0.000000" m_d="1.145067" m_tx="-309.894257" m_ty="-644.255066"/>
  </frame>
  <frame idx="1450" w="716" h="1185" x="-72.068817" y="-388.856842">
   <element name="balloontent01" layername="balloonten" frame="0" z_index="7" m_a="0.901136" m_b="0.000000" m_c="0.000000" m_d="1.145067" m_tx="-309.894257" m_ty="-644.255066"/>
  </frame>
  <frame idx="1475" w="716" h="1185" x="-72.068817" y="-388.856842">
   <element name="balloontent01" layername="balloonten" frame="0" z_index="7" m_a="0.901136" m_b="0.000000" m_c="0.000000" m_d="1.145067" m_tx="-309.894257" m_ty="-644.255066"/>
  </frame>
  <frame idx="1500" w="716" h="1185" x="-72.068817" y="-388.856842">
   <element name="balloontent01" layername="balloonten" frame="0" z_index="7" m_a="0.901136" m_b="0.000000" m_c="0.000000" m_d="1.145067" m_tx="-309.894257" m_ty="-644.255066"/>
  </frame>
  <frame idx="1525" w="717" h="1184" x="-72.075897" y="-388.609924">
   <element name="balloontent01" layername="balloonten" frame="0" z_index="7" m_a="0.901679" m_b="0.000000" m_c="0.000000" m_d="1.144271" m_tx="-310.080719" m_ty="-643.761658"/>
  </frame>
  <frame idx="1550" w="718" h="1181" x="-72.101227" y="-387.228149">
   <element name="balloontent01" layername="balloonten" frame="0" z_index="7" m_a="0.903617" m_b="0.000000" m_c="0.000000" m_d="1.141426" m_tx="-310.746735" m_ty="-641.999512"/>
  </frame>
  <frame idx="1575" w="719" h="1178" x="-72.126534" y="-386.346344">
   <element name="balloontent01" layername="balloonten" frame="0" z_index="7" m_a="0.905556" m_b="0.000000" m_c="0.000000" m_d="1.138582" m_tx="-311.412720" m_ty="-640.237366"/>
  </frame>
  <frame idx="1600" w="720" h="1174" x="-72.151840" y="-384.964630">
   <element name="balloontent01" layername="balloonten" frame="0" z_index="7" m_a="0.907494" m_b="0.000000" m_c="0.000000" m_d="1.135737" m_tx="-312.078705" m_ty="-638.475281"/>
  </frame>
  <frame idx="1625" w="723" h="1172" x="-72.677139" y="-384.082825">
   <element name="balloontent01" layername="balloonten" frame="0" z_index="7" m_a="0.909433" m_b="0.000000" m_c="0.000000" m_d="1.132893" m_tx="-312.744690" m_ty="-636.713135"/>
  </frame>
  <frame idx="1650" w="724" h="1168" x="-72.702461" y="-382.701050">
   <element name="balloontent01" layername="balloonten" frame="0" z_index="7" m_a="0.911371" m_b="0.000000" m_c="0.000000" m_d="1.130048" m_tx="-313.410675" m_ty="-634.950989"/>
  </frame>
  <frame idx="1675" w="725" h="1164" x="-72.727768" y="-381.319275">
   <element name="balloontent01" layername="balloonten" frame="0" z_index="7" m_a="0.913310" m_b="0.000000" m_c="0.000000" m_d="1.127204" m_tx="-314.076660" m_ty="-633.188843"/>
  </frame>
  <frame idx="1700" w="726" h="1162" x="-72.753067" y="-380.437469">
   <element name="balloontent01" layername="balloonten" frame="0" z_index="7" m_a="0.915248" m_b="0.000000" m_c="0.000000" m_d="1.124359" m_tx="-314.742645" m_ty="-631.426697"/>
  </frame>
  <frame idx="1725" w="729" h="1158" x="-73.278374" y="-379.055695">
   <element name="balloontent01" layername="balloonten" frame="0" z_index="7" m_a="0.917187" m_b="0.000000" m_c="0.000000" m_d="1.121515" m_tx="-315.408630" m_ty="-629.664551"/>
  </frame>
  <frame idx="1750" w="730" h="1155" x="-73.303680" y="-378.173889">
   <element name="balloontent01" layername="balloonten" frame="0" z_index="7" m_a="0.919125" m_b="0.000000" m_c="0.000000" m_d="1.118670" m_tx="-316.074615" m_ty="-627.902405"/>
  </frame>
  <frame idx="1775" w="731" h="1152" x="-73.329002" y="-376.792114">
   <element name="balloontent01" layername="balloonten" frame="0" z_index="7" m_a="0.921064" m_b="0.000000" m_c="0.000000" m_d="1.115826" m_tx="-316.740601" m_ty="-626.140259"/>
  </frame>
  <frame idx="1800" w="734" h="1149" x="-73.854340" y="-375.910309">
   <element name="balloontent01" layername="balloonten" frame="0" z_index="7" m_a="0.923002" m_b="0.000000" m_c="0.000000" m_d="1.112982" m_tx="-317.406616" m_ty="-624.378113"/>
  </frame>
  <frame idx="1825" w="735" h="1145" x="-73.879639" y="-374.528595">
   <element name="balloontent01" layername="balloonten" frame="0" z_index="7" m_a="0.924941" m_b="0.000000" m_c="0.000000" m_d="1.110137" m_tx="-318.072601" m_ty="-622.616028"/>
  </frame>
  <frame idx="1850" w="736" h="1143" x="-73.904945" y="-373.646820">
   <element name="balloontent01" layername="balloonten" frame="0" z_index="7" m_a="0.926879" m_b="0.000000" m_c="0.000000" m_d="1.107293" m_tx="-318.738586" m_ty="-620.853882"/>
  </frame>
  <frame idx="1875" w="737" h="1139" x="-73.930244" y="-372.265015">
   <element name="balloontent01" layername="balloonten" frame="0" z_index="7" m_a="0.928818" m_b="0.000000" m_c="0.000000" m_d="1.104448" m_tx="-319.404572" m_ty="-619.091736"/>
  </frame>
  <frame idx="1900" w="740" h="1136" x="-74.455566" y="-371.383240">
   <element name="balloontent01" layername="balloonten" frame="0" z_index="7" m_a="0.930756" m_b="0.000000" m_c="0.000000" m_d="1.101604" m_tx="-320.070557" m_ty="-617.329590"/>
  </frame>
  <frame idx="1925" w="741" h="1133" x="-74.480873" y="-370.001434">
   <element name="balloontent01" layername="balloonten" frame="0" z_index="7" m_a="0.932695" m_b="0.000000" m_c="0.000000" m_d="1.098759" m_tx="-320.736542" m_ty="-615.567444"/>
  </frame>
  <frame idx="1950" w="742" h="1130" x="-74.506180" y="-369.119659">
   <element name="balloontent01" layername="balloonten" frame="0" z_index="7" m_a="0.934633" m_b="0.000000" m_c="0.000000" m_d="1.095915" m_tx="-321.402527" m_ty="-613.805298"/>
  </frame>
  <frame idx="1975" w="744" h="1126" x="-74.531479" y="-367.737854">
   <element name="balloontent01" layername="balloonten" frame="0" z_index="7" m_a="0.936572" m_b="0.000000" m_c="0.000000" m_d="1.093070" m_tx="-322.068512" m_ty="-612.043152"/>
  </frame>
  <frame idx="2000" w="746" h="1124" x="-75.056786" y="-366.856079">
   <element name="balloontent01" layername="balloonten" frame="0" z_index="7" m_a="0.938510" m_b="0.000000" m_c="0.000000" m_d="1.090226" m_tx="-322.734497" m_ty="-610.281006"/>
  </frame>
  <frame idx="2025" w="747" h="1120" x="-75.082108" y="-365.474365">
   <element name="balloontent01" layername="balloonten" frame="0" z_index="7" m_a="0.940449" m_b="0.000000" m_c="0.000000" m_d="1.087381" m_tx="-323.400482" m_ty="-608.518921"/>
  </frame>
  <frame idx="2050" w="748" h="1116" x="-75.107445" y="-364.092560">
   <element name="balloontent01" layername="balloonten" frame="0" z_index="7" m_a="0.942387" m_b="0.000000" m_c="0.000000" m_d="1.084537" m_tx="-324.066498" m_ty="-606.756775"/>
  </frame>
  <frame idx="2075" w="750" h="1114" x="-75.132744" y="-363.210785">
   <element name="balloontent01" layername="balloonten" frame="0" z_index="7" m_a="0.944326" m_b="0.000000" m_c="0.000000" m_d="1.081693" m_tx="-324.732483" m_ty="-604.994629"/>
  </frame>
  <frame idx="2100" w="752" h="1110" x="-75.658051" y="-361.828979">
   <element name="balloontent01" layername="balloonten" frame="0" z_index="7" m_a="0.946265" m_b="0.000000" m_c="0.000000" m_d="1.078848" m_tx="-325.398468" m_ty="-603.232483"/>
  </frame>
  <frame idx="2125" w="753" h="1107" x="-75.683350" y="-360.947205">
   <element name="balloontent01" layername="balloonten" frame="0" z_index="7" m_a="0.948203" m_b="0.000000" m_c="0.000000" m_d="1.076004" m_tx="-326.064453" m_ty="-601.470337"/>
  </frame>
  <frame idx="2150" w="755" h="1104" x="-75.708679" y="-359.565399">
   <element name="balloontent01" layername="balloonten" frame="0" z_index="7" m_a="0.950141" m_b="0.000000" m_c="0.000000" m_d="1.073159" m_tx="-326.730438" m_ty="-599.708191"/>
  </frame>
  <frame idx="2175" w="756" h="1101" x="-75.733978" y="-358.683624">
   <element name="balloontent01" layername="balloonten" frame="0" z_index="7" m_a="0.952080" m_b="0.000000" m_c="0.000000" m_d="1.070315" m_tx="-327.396423" m_ty="-597.946045"/>
  </frame>
  <frame idx="2200" w="758" h="1097" x="-76.259285" y="-357.301849">
   <element name="balloontent01" layername="balloonten" frame="0" z_index="7" m_a="0.954019" m_b="0.000000" m_c="0.000000" m_d="1.067470" m_tx="-328.062408" m_ty="-596.183899"/>
  </frame>
  <frame idx="2225" w="759" h="1095" x="-76.284584" y="-356.420044">
   <element name="balloontent01" layername="balloonten" frame="0" z_index="7" m_a="0.955957" m_b="0.000000" m_c="0.000000" m_d="1.064626" m_tx="-328.728394" m_ty="-594.421753"/>
  </frame>
  <frame idx="2250" w="761" h="1091" x="-76.309891" y="-355.038330">
   <element name="balloontent01" layername="balloonten" frame="0" z_index="7" m_a="0.957896" m_b="0.000000" m_c="0.000000" m_d="1.061781" m_tx="-329.394379" m_ty="-592.659668"/>
  </frame>
  <frame idx="2275" w="762" h="1088" x="-76.335190" y="-354.156525">
   <element name="balloontent01" layername="balloonten" frame="0" z_index="7" m_a="0.959834" m_b="0.000000" m_c="0.000000" m_d="1.058937" m_tx="-330.060364" m_ty="-590.897522"/>
  </frame>
  <frame idx="2300" w="764" h="1085" x="-76.860550" y="-352.774719">
   <element name="balloontent01" layername="balloonten" frame="0" z_index="7" m_a="0.961773" m_b="0.000000" m_c="0.000000" m_d="1.056093" m_tx="-330.726379" m_ty="-589.135376"/>
  </frame>
  <frame idx="2325" w="766" h="1082" x="-76.885849" y="-351.892914">
   <element name="balloontent01" layername="balloonten" frame="0" z_index="7" m_a="0.963711" m_b="0.000000" m_c="0.000000" m_d="1.053248" m_tx="-331.392365" m_ty="-587.373230"/>
  </frame>
  <frame idx="2350" w="767" h="1078" x="-76.911156" y="-350.511139">
   <element name="balloontent01" layername="balloonten" frame="0" z_index="7" m_a="0.965650" m_b="0.000000" m_c="0.000000" m_d="1.050404" m_tx="-332.058350" m_ty="-585.611084"/>
  </frame>
  <frame idx="2375" w="768" h="1076" x="-76.936462" y="-349.629333">
   <element name="balloontent01" layername="balloonten" frame="0" z_index="7" m_a="0.967588" m_b="0.000000" m_c="0.000000" m_d="1.047559" m_tx="-332.724335" m_ty="-583.848938"/>
  </frame>
  <frame idx="2400" w="770" h="1072" x="-77.461761" y="-348.247559">
   <element name="balloontent01" layername="balloonten" frame="0" z_index="7" m_a="0.969527" m_b="0.000000" m_c="0.000000" m_d="1.044715" m_tx="-333.390320" m_ty="-582.086792"/>
  </frame>
  <frame idx="2425" w="772" h="1068" x="-77.487083" y="-346.865784">
   <element name="balloontent01" layername="balloonten" frame="0" z_index="7" m_a="0.971465" m_b="0.000000" m_c="0.000000" m_d="1.041870" m_tx="-334.056305" m_ty="-580.324646"/>
  </frame>
  <frame idx="2450" w="773" h="1066" x="-77.512390" y="-345.983978">
   <element name="balloontent01" layername="balloonten" frame="0" z_index="7" m_a="0.973404" m_b="0.000000" m_c="0.000000" m_d="1.039026" m_tx="-334.722290" m_ty="-578.562500"/>
  </frame>
  <frame idx="2475" w="775" h="1062" x="-78.037689" y="-344.602264">
   <element name="balloontent01" layername="balloonten" frame="0" z_index="7" m_a="0.975342" m_b="0.000000" m_c="0.000000" m_d="1.036181" m_tx="-335.388275" m_ty="-576.800415"/>
  </frame>
  <frame idx="2500" w="776" h="1059" x="-78.062996" y="-343.720459">
   <element name="balloontent01" layername="balloonten" frame="0" z_index="7" m_a="0.977281" m_b="0.000000" m_c="0.000000" m_d="1.033337" m_tx="-336.054260" m_ty="-575.038269"/>
  </frame>
  <frame idx="2525" w="778" h="1056" x="-78.088303" y="-342.338684">
   <element name="balloontent01" layername="balloonten" frame="0" z_index="7" m_a="0.979219" m_b="0.000000" m_c="0.000000" m_d="1.030493" m_tx="-336.720245" m_ty="-573.276123"/>
  </frame>
  <frame idx="2550" w="779" h="1053" x="-78.113625" y="-341.456909">
   <element name="balloontent01" layername="balloonten" frame="0" z_index="7" m_a="0.981158" m_b="0.000000" m_c="0.000000" m_d="1.027648" m_tx="-337.386230" m_ty="-571.513977"/>
  </frame>
  <frame idx="2575" w="781" h="1049" x="-78.638962" y="-340.075104">
   <element name="balloontent01" layername="balloonten" frame="0" z_index="7" m_a="0.983096" m_b="0.000000" m_c="0.000000" m_d="1.024804" m_tx="-338.052246" m_ty="-569.751831"/>
  </frame>
  <frame idx="2600" w="783" h="1047" x="-78.664261" y="-339.193298">
   <element name="balloontent01" layername="balloonten" frame="0" z_index="7" m_a="0.985035" m_b="0.000000" m_c="0.000000" m_d="1.021959" m_tx="-338.718231" m_ty="-567.989685"/>
  </frame>
  <frame idx="2625" w="784" h="1043" x="-78.689568" y="-337.811523">
   <element name="balloontent01" layername="balloonten" frame="0" z_index="7" m_a="0.986973" m_b="0.000000" m_c="0.000000" m_d="1.019115" m_tx="-339.384216" m_ty="-566.227539"/>
  </frame>
  <frame idx="2650" w="785" h="1040" x="-78.714867" y="-336.929749">
   <element name="balloontent01" layername="balloonten" frame="0" z_index="7" m_a="0.988912" m_b="0.000000" m_c="0.000000" m_d="1.016270" m_tx="-340.050201" m_ty="-564.465393"/>
  </frame>
  <frame idx="2675" w="787" h="1037" x="-79.240189" y="-335.548035">
   <element name="balloontent01" layername="balloonten" frame="0" z_index="7" m_a="0.990850" m_b="0.000000" m_c="0.000000" m_d="1.013426" m_tx="-340.716187" m_ty="-562.703308"/>
  </frame>
  <frame idx="2700" w="789" h="1034" x="-79.265495" y="-334.666229">
   <element name="balloontent01" layername="balloonten" frame="0" z_index="7" m_a="0.992789" m_b="0.000000" m_c="0.000000" m_d="1.010581" m_tx="-341.382172" m_ty="-560.941162"/>
  </frame>
  <frame idx="2725" w="790" h="1030" x="-79.290802" y="-333.284424">
   <element name="balloontent01" layername="balloonten" frame="0" z_index="7" m_a="0.994727" m_b="0.000000" m_c="0.000000" m_d="1.007737" m_tx="-342.048157" m_ty="-559.179016"/>
  </frame>
  <frame idx="2750" w="791" h="1028" x="-79.316101" y="-332.402649">
   <element name="balloontent01" layername="balloonten" frame="0" z_index="7" m_a="0.996666" m_b="0.000000" m_c="0.000000" m_d="1.004892" m_tx="-342.714142" m_ty="-557.416870"/>
  </frame>
  <frame idx="2775" w="794" h="1024" x="-79.841408" y="-331.020874">
   <element name="balloontent01" layername="balloonten" frame="0" z_index="7" m_a="0.998604" m_b="0.000000" m_c="0.000000" m_d="1.002048" m_tx="-343.380127" m_ty="-555.654724"/>
  </frame>
  <frame idx="2800" w="794" h="1022" x="-79.859650" y="-330.385986">
   <element name="balloontent01" layername="balloonten" frame="0" z_index="7" m_a="1.000000" m_b="0.000000" m_c="0.000000" m_d="1.000000" m_tx="-343.859650" m_ty="-554.385986"/>
  </frame>
  <frame idx="2825" w="794" h="1022" x="-79.859650" y="-330.385986">
   <element name="balloontent01" layername="balloonten" frame="0" z_index="7" m_a="1.000000" m_b="0.000000" m_c="0.000000" m_d="1.000000" m_tx="-343.859650" m_ty="-554.385986"/>
  </frame>
  <frame idx="2850" w="794" h="1022" x="-79.859650" y="-330.385986">
   <element name="balloontent01" layername="balloonten" frame="0" z_index="7" m_a="1.000000" m_b="0.000000" m_c="0.000000" m_d="1.000000" m_tx="-343.859650" m_ty="-554.385986"/>
  </frame>
  <frame idx="2875" w="794" h="1022" x="-79.859650" y="-330.385986">
   <element name="balloontent01" layername="balloonten" frame="0" z_index="7" m_a="1.000000" m_b="0.000000" m_c="0.000000" m_d="1.000000" m_tx="-343.859650" m_ty="-554.385986"/>
  </frame>
  <frame idx="2900" w="794" h="1022" x="-79.859650" y="-330.385986">
   <element name="balloontent01" layername="balloonten" frame="0" z_index="7" m_a="1.000000" m_b="0.000000" m_c="0.000000" m_d="1.000000" m_tx="-343.859650" m_ty="-554.385986"/>
  </frame>
  <frame idx="2925" w="794" h="1022" x="-79.859650" y="-330.385986">
   <element name="balloontent01" layername="balloonten" frame="0" z_index="7" m_a="1.000000" m_b="0.000000" m_c="0.000000" m_d="1.000000" m_tx="-343.859650" m_ty="-554.385986"/>
  </frame>
  <frame idx="2950" w="794" h="1022" x="-79.859650" y="-330.385986">
   <element name="balloontent01" layername="balloonten" frame="0" z_index="7" m_a="1.000000" m_b="0.000000" m_c="0.000000" m_d="1.000000" m_tx="-343.859650" m_ty="-554.385986"/>
  </frame>
  <frame idx="2975" w="794" h="1022" x="-79.859650" y="-330.385986">
   <element name="balloontent01" layername="balloonten" frame="0" z_index="7" m_a="1.000000" m_b="0.000000" m_c="0.000000" m_d="1.000000" m_tx="-343.859650" m_ty="-554.385986"/>
  </frame>
 </anim>
</Anims>
