<Anims>
 <anim name="idle" root="warchair1" numframes="1000" framerate="40">
  <frame idx="0" w="303" h="464" x="-31.928574" y="-142.619049">
   <element name="warchair01" layername="warchair" frame="0" z_index="2" m_a="1.000000" m_b="0.000000" m_c="0.000000" m_d="1.000000" m_tx="-132.428574" m_ty="-247.619049"/>
  </frame>
  <frame idx="25" w="303" h="464" x="-31.928574" y="-142.619049">
   <element name="warchair01" layername="warchair" frame="0" z_index="2" m_a="1.000000" m_b="0.000000" m_c="0.000000" m_d="1.000000" m_tx="-132.428574" m_ty="-247.619049"/>
  </frame>
  <frame idx="50" w="303" h="464" x="-31.928574" y="-142.619049">
   <element name="warchair01" layername="warchair" frame="0" z_index="2" m_a="1.000000" m_b="0.000000" m_c="0.000000" m_d="1.000000" m_tx="-132.428574" m_ty="-247.619049"/>
  </frame>
  <frame idx="75" w="303" h="464" x="-31.928574" y="-142.619049">
   <element name="warchair01" layername="warchair" frame="0" z_index="2" m_a="1.000000" m_b="0.000000" m_c="0.000000" m_d="1.000000" m_tx="-132.428574" m_ty="-247.619049"/>
  </frame>
  <frame idx="100" w="303" h="464" x="-31.928574" y="-142.619049">
   <element name="warchair01" layername="warchair" frame="0" z_index="2" m_a="1.000000" m_b="0.000000" m_c="0.000000" m_d="1.000000" m_tx="-132.428574" m_ty="-247.619049"/>
  </frame>
  <frame idx="125" w="303" h="464" x="-31.928574" y="-142.619049">
   <element name="warchair01" layername="warchair" frame="0" z_index="2" m_a="1.000000" m_b="0.000000" m_c="0.000000" m_d="1.000000" m_tx="-132.428574" m_ty="-247.619049"/>
  </frame>
  <frame idx="150" w="303" h="464" x="-31.928574" y="-142.619049">
   <element name="warchair01" layername="warchair" frame="0" z_index="2" m_a="1.000000" m_b="0.000000" m_c="0.000000" m_d="1.000000" m_tx="-132.428574" m_ty="-247.619049"/>
  </frame>
  <frame idx="175" w="303" h="464" x="-31.928574" y="-142.619049">
   <element name="warchair01" layername="warchair" frame="0" z_index="2" m_a="1.000000" m_b="0.000000" m_c="0.000000" m_d="1.000000" m_tx="-132.428574" m_ty="-247.619049"/>
  </frame>
  <frame idx="200" w="303" h="464" x="-31.928574" y="-142.619049">
   <element name="warchair01" layername="warchair" frame="0" z_index="2" m_a="1.000000" m_b="0.000000" m_c="0.000000" m_d="1.000000" m_tx="-132.428574" m_ty="-247.619049"/>
  </frame>
  <frame idx="225" w="303" h="464" x="-31.928574" y="-142.619049">
   <element name="warchair01" layername="warchair" frame="0" z_index="2" m_a="1.000000" m_b="0.000000" m_c="0.000000" m_d="1.000000" m_tx="-132.428574" m_ty="-247.619049"/>
  </frame>
  <frame idx="250" w="303" h="464" x="-31.928574" y="-142.619049">
   <element name="warchair01" layername="warchair" frame="0" z_index="2" m_a="1.000000" m_b="0.000000" m_c="0.000000" m_d="1.000000" m_tx="-132.428574" m_ty="-247.619049"/>
  </frame>
  <frame idx="275" w="303" h="464" x="-31.928574" y="-142.619049">
   <element name="warchair01" layername="warchair" frame="0" z_index="2" m_a="1.000000" m_b="0.000000" m_c="0.000000" m_d="1.000000" m_tx="-132.428574" m_ty="-247.619049"/>
  </frame>
  <frame idx="300" w="303" h="464" x="-31.928574" y="-142.619049">
   <element name="warchair01" layername="warchair" frame="0" z_index="2" m_a="1.000000" m_b="0.000000" m_c="0.000000" m_d="1.000000" m_tx="-132.428574" m_ty="-247.619049"/>
  </frame>
  <frame idx="325" w="303" h="464" x="-31.928574" y="-142.619049">
   <element name="warchair01" layername="warchair" frame="0" z_index="2" m_a="1.000000" m_b="0.000000" m_c="0.000000" m_d="1.000000" m_tx="-132.428574" m_ty="-247.619049"/>
  </frame>
  <frame idx="350" w="303" h="464" x="-31.928574" y="-142.619049">
   <element name="warchair01" layername="warchair" frame="0" z_index="2" m_a="1.000000" m_b="0.000000" m_c="0.000000" m_d="1.000000" m_tx="-132.428574" m_ty="-247.619049"/>
  </frame>
  <frame idx="375" w="303" h="464" x="-31.928574" y="-142.619049">
   <element name="warchair01" layername="warchair" frame="0" z_index="2" m_a="1.000000" m_b="0.000000" m_c="0.000000" m_d="1.000000" m_tx="-132.428574" m_ty="-247.619049"/>
  </frame>
  <frame idx="400" w="303" h="464" x="-31.928574" y="-142.619049">
   <element name="warchair01" layername="warchair" frame="0" z_index="2" m_a="1.000000" m_b="0.000000" m_c="0.000000" m_d="1.000000" m_tx="-132.428574" m_ty="-247.619049"/>
  </frame>
  <frame idx="425" w="303" h="464" x="-31.928574" y="-142.619049">
   <element name="warchair01" layername="warchair" frame="0" z_index="2" m_a="1.000000" m_b="0.000000" m_c="0.000000" m_d="1.000000" m_tx="-132.428574" m_ty="-247.619049"/>
  </frame>
  <frame idx="450" w="303" h="464" x="-31.928574" y="-142.619049">
   <element name="warchair01" layername="warchair" frame="0" z_index="2" m_a="1.000000" m_b="0.000000" m_c="0.000000" m_d="1.000000" m_tx="-132.428574" m_ty="-247.619049"/>
  </frame>
  <frame idx="475" w="303" h="464" x="-31.928574" y="-142.619049">
   <element name="warchair01" layername="warchair" frame="0" z_index="2" m_a="1.000000" m_b="0.000000" m_c="0.000000" m_d="1.000000" m_tx="-132.428574" m_ty="-247.619049"/>
  </frame>
  <frame idx="500" w="303" h="464" x="-31.928574" y="-142.619049">
   <element name="warchair01" layername="warchair" frame="0" z_index="2" m_a="1.000000" m_b="0.000000" m_c="0.000000" m_d="1.000000" m_tx="-132.428574" m_ty="-247.619049"/>
  </frame>
  <frame idx="525" w="303" h="464" x="-31.928574" y="-142.619049">
   <element name="warchair01" layername="warchair" frame="0" z_index="2" m_a="1.000000" m_b="0.000000" m_c="0.000000" m_d="1.000000" m_tx="-132.428574" m_ty="-247.619049"/>
  </frame>
  <frame idx="550" w="303" h="464" x="-31.928574" y="-142.619049">
   <element name="warchair01" layername="warchair" frame="0" z_index="2" m_a="1.000000" m_b="0.000000" m_c="0.000000" m_d="1.000000" m_tx="-132.428574" m_ty="-247.619049"/>
  </frame>
  <frame idx="575" w="303" h="464" x="-31.928574" y="-142.619049">
   <element name="warchair01" layername="warchair" frame="0" z_index="2" m_a="1.000000" m_b="0.000000" m_c="0.000000" m_d="1.000000" m_tx="-132.428574" m_ty="-247.619049"/>
  </frame>
  <frame idx="600" w="303" h="464" x="-31.928574" y="-142.619049">
   <element name="warchair01" layername="warchair" frame="0" z_index="2" m_a="1.000000" m_b="0.000000" m_c="0.000000" m_d="1.000000" m_tx="-132.428574" m_ty="-247.619049"/>
  </frame>
  <frame idx="625" w="303" h="464" x="-31.928574" y="-142.619049">
   <element name="warchair01" layername="warchair" frame="0" z_index="2" m_a="1.000000" m_b="0.000000" m_c="0.000000" m_d="1.000000" m_tx="-132.428574" m_ty="-247.619049"/>
  </frame>
  <frame idx="650" w="303" h="464" x="-31.928574" y="-142.619049">
   <element name="warchair01" layername="warchair" frame="0" z_index="2" m_a="1.000000" m_b="0.000000" m_c="0.000000" m_d="1.000000" m_tx="-132.428574" m_ty="-247.619049"/>
  </frame>
  <frame idx="675" w="303" h="464" x="-31.928574" y="-142.619049">
   <element name="warchair01" layername="warchair" frame="0" z_index="2" m_a="1.000000" m_b="0.000000" m_c="0.000000" m_d="1.000000" m_tx="-132.428574" m_ty="-247.619049"/>
  </frame>
  <frame idx="700" w="303" h="464" x="-31.928574" y="-142.619049">
   <element name="warchair01" layername="warchair" frame="0" z_index="2" m_a="1.000000" m_b="0.000000" m_c="0.000000" m_d="1.000000" m_tx="-132.428574" m_ty="-247.619049"/>
  </frame>
  <frame idx="725" w="303" h="464" x="-31.928574" y="-142.619049">
   <element name="warchair01" layername="warchair" frame="0" z_index="2" m_a="1.000000" m_b="0.000000" m_c="0.000000" m_d="1.000000" m_tx="-132.428574" m_ty="-247.619049"/>
  </frame>
  <frame idx="750" w="303" h="464" x="-31.928574" y="-142.619049">
   <element name="warchair01" layername="warchair" frame="0" z_index="2" m_a="1.000000" m_b="0.000000" m_c="0.000000" m_d="1.000000" m_tx="-132.428574" m_ty="-247.619049"/>
  </frame>
  <frame idx="775" w="303" h="464" x="-31.928574" y="-142.619049">
   <element name="warchair01" layername="warchair" frame="0" z_index="2" m_a="1.000000" m_b="0.000000" m_c="0.000000" m_d="1.000000" m_tx="-132.428574" m_ty="-247.619049"/>
  </frame>
  <frame idx="800" w="303" h="464" x="-31.928574" y="-142.619049">
   <element name="warchair01" layername="warchair" frame="0" z_index="2" m_a="1.000000" m_b="0.000000" m_c="0.000000" m_d="1.000000" m_tx="-132.428574" m_ty="-247.619049"/>
  </frame>
  <frame idx="825" w="303" h="464" x="-31.928574" y="-142.619049">
   <element name="warchair01" layername="warchair" frame="0" z_index="2" m_a="1.000000" m_b="0.000000" m_c="0.000000" m_d="1.000000" m_tx="-132.428574" m_ty="-247.619049"/>
  </frame>
  <frame idx="850" w="303" h="464" x="-31.928574" y="-142.619049">
   <element name="warchair01" layername="warchair" frame="0" z_index="2" m_a="1.000000" m_b="0.000000" m_c="0.000000" m_d="1.000000" m_tx="-132.428574" m_ty="-247.619049"/>
  </frame>
  <frame idx="875" w="303" h="464" x="-31.928574" y="-142.619049">
   <element name="warchair01" layername="warchair" frame="0" z_index="2" m_a="1.000000" m_b="0.000000" m_c="0.000000" m_d="1.000000" m_tx="-132.428574" m_ty="-247.619049"/>
  </frame>
  <frame idx="900" w="303" h="464" x="-31.928574" y="-142.619049">
   <element name="warchair01" layername="warchair" frame="0" z_index="2" m_a="1.000000" m_b="0.000000" m_c="0.000000" m_d="1.000000" m_tx="-132.428574" m_ty="-247.619049"/>
  </frame>
  <frame idx="925" w="303" h="464" x="-31.928574" y="-142.619049">
   <element name="warchair01" layername="warchair" frame="0" z_index="2" m_a="1.000000" m_b="0.000000" m_c="0.000000" m_d="1.000000" m_tx="-132.428574" m_ty="-247.619049"/>
  </frame>
  <frame idx="950" w="303" h="464" x="-31.928574" y="-142.619049">
   <element name="warchair01" layername="warchair" frame="0" z_index="2" m_a="1.000000" m_b="0.000000" m_c="0.000000" m_d="1.000000" m_tx="-132.428574" m_ty="-247.619049"/>
  </frame>
  <frame idx="975" w="303" h="464" x="-31.928574" y="-142.619049">
   <element name="warchair01" layername="warchair" frame="0" z_index="2" m_a="1.000000" m_b="0.000000" m_c="0.000000" m_d="1.000000" m_tx="-132.428574" m_ty="-247.619049"/>
  </frame>
 </anim>
 <anim name="hit" root="warchair1" numframes="1000" framerate="40">
  <frame idx="0" w="303" h="464" x="-31.928574" y="-142.619049">
   <element name="warchair01" layername="warchair" frame="0" z_index="2" m_a="1.000000" m_b="0.000000" m_c="0.000000" m_d="1.000000" m_tx="-132.428574" m_ty="-247.619049"/>
  </frame>
  <frame idx="25" w="303" h="388" x="-31.928574" y="-115.199722">
   <element name="warchair01" layername="warchair" frame="0" z_index="2" m_a="1.000000" m_b="0.000000" m_c="0.000000" m_d="0.855229" m_tx="-132.428574" m_ty="-205.852768"/>
  </frame>
  <frame idx="50" w="303" h="312" x="-31.928574" y="-87.780396">
   <element name="warchair01" layername="warchair" frame="0" z_index="2" m_a="1.000000" m_b="0.000000" m_c="0.000000" m_d="0.710459" m_tx="-132.428574" m_ty="-164.086487"/>
  </frame>
  <frame idx="75" w="303" h="238" x="-31.928574" y="-60.861069">
   <element name="warchair01" layername="warchair" frame="0" z_index="2" m_a="1.000000" m_b="0.000000" m_c="0.000000" m_d="0.565688" m_tx="-132.428574" m_ty="-122.320213"/>
  </frame>
  <frame idx="100" w="303" h="278" x="-31.928574" y="-75.397011">
   <element name="warchair01" layername="warchair" frame="0" z_index="2" m_a="1.000000" m_b="0.000000" m_c="0.000000" m_d="0.642062" m_tx="-132.428574" m_ty="-144.353897"/>
  </frame>
  <frame idx="125" w="303" h="333" x="-31.928574" y="-95.290466">
   <element name="warchair01" layername="warchair" frame="0" z_index="2" m_a="1.000000" m_b="0.000000" m_c="0.000000" m_d="0.748591" m_tx="-132.428574" m_ty="-175.087570"/>
  </frame>
  <frame idx="150" w="303" h="388" x="-31.928574" y="-115.183929">
   <element name="warchair01" layername="warchair" frame="0" z_index="2" m_a="1.000000" m_b="0.000000" m_c="0.000000" m_d="0.855120" m_tx="-132.428574" m_ty="-205.821243"/>
  </frame>
  <frame idx="175" w="303" h="443" x="-31.928574" y="-135.077393">
   <element name="warchair01" layername="warchair" frame="0" z_index="2" m_a="1.000000" m_b="0.000000" m_c="0.000000" m_d="0.961649" m_tx="-132.428574" m_ty="-236.554916"/>
  </frame>
  <frame idx="200" w="303" h="464" x="-31.928574" y="-142.619049">
   <element name="warchair01" layername="warchair" frame="0" z_index="2" m_a="1.000000" m_b="0.000000" m_c="0.000000" m_d="1.000000" m_tx="-132.428574" m_ty="-247.619049"/>
  </frame>
  <frame idx="225" w="303" h="464" x="-31.928574" y="-142.619049">
   <element name="warchair01" layername="warchair" frame="0" z_index="2" m_a="1.000000" m_b="0.000000" m_c="0.000000" m_d="1.000000" m_tx="-132.428574" m_ty="-247.619049"/>
  </frame>
  <frame idx="250" w="303" h="464" x="-31.928574" y="-142.619049">
   <element name="warchair01" layername="warchair" frame="0" z_index="2" m_a="1.000000" m_b="0.000000" m_c="0.000000" m_d="1.000000" m_tx="-132.428574" m_ty="-247.619049"/>
  </frame>
  <frame idx="275" w="303" h="464" x="-31.928574" y="-142.619049">
   <element name="warchair01" layername="warchair" frame="0" z_index="2" m_a="1.000000" m_b="0.000000" m_c="0.000000" m_d="1.000000" m_tx="-132.428574" m_ty="-247.619049"/>
  </frame>
  <frame idx="300" w="303" h="464" x="-31.928574" y="-142.619049">
   <element name="warchair01" layername="warchair" frame="0" z_index="2" m_a="1.000000" m_b="0.000000" m_c="0.000000" m_d="1.000000" m_tx="-132.428574" m_ty="-247.619049"/>
  </frame>
  <frame idx="325" w="303" h="464" x="-31.928574" y="-142.619049">
   <element name="warchair01" layername="warchair" frame="0" z_index="2" m_a="1.000000" m_b="0.000000" m_c="0.000000" m_d="1.000000" m_tx="-132.428574" m_ty="-247.619049"/>
  </frame>
  <frame idx="350" w="303" h="464" x="-31.928574" y="-142.619049">
   <element name="warchair01" layername="warchair" frame="0" z_index="2" m_a="1.000000" m_b="0.000000" m_c="0.000000" m_d="1.000000" m_tx="-132.428574" m_ty="-247.619049"/>
  </frame>
  <frame idx="375" w="303" h="464" x="-31.928574" y="-142.619049">
   <element name="warchair01" layername="warchair" frame="0" z_index="2" m_a="1.000000" m_b="0.000000" m_c="0.000000" m_d="1.000000" m_tx="-132.428574" m_ty="-247.619049"/>
  </frame>
  <frame idx="400" w="303" h="464" x="-31.928574" y="-142.619049">
   <element name="warchair01" layername="warchair" frame="0" z_index="2" m_a="1.000000" m_b="0.000000" m_c="0.000000" m_d="1.000000" m_tx="-132.428574" m_ty="-247.619049"/>
  </frame>
  <frame idx="425" w="303" h="464" x="-31.928574" y="-142.619049">
   <element name="warchair01" layername="warchair" frame="0" z_index="2" m_a="1.000000" m_b="0.000000" m_c="0.000000" m_d="1.000000" m_tx="-132.428574" m_ty="-247.619049"/>
  </frame>
  <frame idx="450" w="303" h="464" x="-31.928574" y="-142.619049">
   <element name="warchair01" layername="warchair" frame="0" z_index="2" m_a="1.000000" m_b="0.000000" m_c="0.000000" m_d="1.000000" m_tx="-132.428574" m_ty="-247.619049"/>
  </frame>
  <frame idx="475" w="303" h="464" x="-31.928574" y="-142.619049">
   <element name="warchair01" layername="warchair" frame="0" z_index="2" m_a="1.000000" m_b="0.000000" m_c="0.000000" m_d="1.000000" m_tx="-132.428574" m_ty="-247.619049"/>
  </frame>
  <frame idx="500" w="303" h="464" x="-31.928574" y="-142.619049">
   <element name="warchair01" layername="warchair" frame="0" z_index="2" m_a="1.000000" m_b="0.000000" m_c="0.000000" m_d="1.000000" m_tx="-132.428574" m_ty="-247.619049"/>
  </frame>
  <frame idx="525" w="303" h="464" x="-31.928574" y="-142.619049">
   <element name="warchair01" layername="warchair" frame="0" z_index="2" m_a="1.000000" m_b="0.000000" m_c="0.000000" m_d="1.000000" m_tx="-132.428574" m_ty="-247.619049"/>
  </frame>
  <frame idx="550" w="303" h="464" x="-31.928574" y="-142.619049">
   <element name="warchair01" layername="warchair" frame="0" z_index="2" m_a="1.000000" m_b="0.000000" m_c="0.000000" m_d="1.000000" m_tx="-132.428574" m_ty="-247.619049"/>
  </frame>
  <frame idx="575" w="303" h="464" x="-31.928574" y="-142.619049">
   <element name="warchair01" layername="warchair" frame="0" z_index="2" m_a="1.000000" m_b="0.000000" m_c="0.000000" m_d="1.000000" m_tx="-132.428574" m_ty="-247.619049"/>
  </frame>
  <frame idx="600" w="303" h="464" x="-31.928574" y="-142.619049">
   <element name="warchair01" layername="warchair" frame="0" z_index="2" m_a="1.000000" m_b="0.000000" m_c="0.000000" m_d="1.000000" m_tx="-132.428574" m_ty="-247.619049"/>
  </frame>
  <frame idx="625" w="303" h="464" x="-31.928574" y="-142.619049">
   <element name="warchair01" layername="warchair" frame="0" z_index="2" m_a="1.000000" m_b="0.000000" m_c="0.000000" m_d="1.000000" m_tx="-132.428574" m_ty="-247.619049"/>
  </frame>
  <frame idx="650" w="303" h="464" x="-31.928574" y="-142.619049">
   <element name="warchair01" layername="warchair" frame="0" z_index="2" m_a="1.000000" m_b="0.000000" m_c="0.000000" m_d="1.000000" m_tx="-132.428574" m_ty="-247.619049"/>
  </frame>
  <frame idx="675" w="303" h="464" x="-31.928574" y="-142.619049">
   <element name="warchair01" layername="warchair" frame="0" z_index="2" m_a="1.000000" m_b="0.000000" m_c="0.000000" m_d="1.000000" m_tx="-132.428574" m_ty="-247.619049"/>
  </frame>
  <frame idx="700" w="303" h="464" x="-31.928574" y="-142.619049">
   <element name="warchair01" layername="warchair" frame="0" z_index="2" m_a="1.000000" m_b="0.000000" m_c="0.000000" m_d="1.000000" m_tx="-132.428574" m_ty="-247.619049"/>
  </frame>
  <frame idx="725" w="303" h="464" x="-31.928574" y="-142.619049">
   <element name="warchair01" layername="warchair" frame="0" z_index="2" m_a="1.000000" m_b="0.000000" m_c="0.000000" m_d="1.000000" m_tx="-132.428574" m_ty="-247.619049"/>
  </frame>
  <frame idx="750" w="303" h="464" x="-31.928574" y="-142.619049">
   <element name="warchair01" layername="warchair" frame="0" z_index="2" m_a="1.000000" m_b="0.000000" m_c="0.000000" m_d="1.000000" m_tx="-132.428574" m_ty="-247.619049"/>
  </frame>
  <frame idx="775" w="303" h="464" x="-31.928574" y="-142.619049">
   <element name="warchair01" layername="warchair" frame="0" z_index="2" m_a="1.000000" m_b="0.000000" m_c="0.000000" m_d="1.000000" m_tx="-132.428574" m_ty="-247.619049"/>
  </frame>
  <frame idx="800" w="303" h="464" x="-31.928574" y="-142.619049">
   <element name="warchair01" layername="warchair" frame="0" z_index="2" m_a="1.000000" m_b="0.000000" m_c="0.000000" m_d="1.000000" m_tx="-132.428574" m_ty="-247.619049"/>
  </frame>
  <frame idx="825" w="303" h="464" x="-31.928574" y="-142.619049">
   <element name="warchair01" layername="warchair" frame="0" z_index="2" m_a="1.000000" m_b="0.000000" m_c="0.000000" m_d="1.000000" m_tx="-132.428574" m_ty="-247.619049"/>
  </frame>
  <frame idx="850" w="303" h="464" x="-31.928574" y="-142.619049">
   <element name="warchair01" layername="warchair" frame="0" z_index="2" m_a="1.000000" m_b="0.000000" m_c="0.000000" m_d="1.000000" m_tx="-132.428574" m_ty="-247.619049"/>
  </frame>
  <frame idx="875" w="303" h="464" x="-31.928574" y="-142.619049">
   <element name="warchair01" layername="warchair" frame="0" z_index="2" m_a="1.000000" m_b="0.000000" m_c="0.000000" m_d="1.000000" m_tx="-132.428574" m_ty="-247.619049"/>
  </frame>
  <frame idx="900" w="303" h="464" x="-31.928574" y="-142.619049">
   <element name="warchair01" layername="warchair" frame="0" z_index="2" m_a="1.000000" m_b="0.000000" m_c="0.000000" m_d="1.000000" m_tx="-132.428574" m_ty="-247.619049"/>
  </frame>
  <frame idx="925" w="303" h="464" x="-31.928574" y="-142.619049">
   <element name="warchair01" layername="warchair" frame="0" z_index="2" m_a="1.000000" m_b="0.000000" m_c="0.000000" m_d="1.000000" m_tx="-132.428574" m_ty="-247.619049"/>
  </frame>
  <frame idx="950" w="303" h="464" x="-31.928574" y="-142.619049">
   <element name="warchair01" layername="warchair" frame="0" z_index="2" m_a="1.000000" m_b="0.000000" m_c="0.000000" m_d="1.000000" m_tx="-132.428574" m_ty="-247.619049"/>
  </frame>
  <frame idx="975" w="303" h="464" x="-31.928574" y="-142.619049">
   <element name="warchair01" layername="warchair" frame="0" z_index="2" m_a="1.000000" m_b="0.000000" m_c="0.000000" m_d="1.000000" m_tx="-132.428574" m_ty="-247.619049"/>
  </frame>
 </anim>
</Anims>
