<Anims>
 <anim name="idle" root="circuschair1" numframes="1000" framerate="40">
  <frame idx="0" w="303" h="475" x="-28.071426" y="-148.757690">
   <element name="cirqchair01" layername="cirqchair" frame="0" z_index="2" m_a="1.000000" m_b="0.000000" m_c="0.000000" m_d="1.000000" m_tx="-128.571426" m_ty="-252.757690"/>
  </frame>
  <frame idx="25" w="303" h="475" x="-28.071426" y="-148.757690">
   <element name="cirqchair01" layername="cirqchair" frame="0" z_index="2" m_a="1.000000" m_b="0.000000" m_c="0.000000" m_d="1.000000" m_tx="-128.571426" m_ty="-252.757690"/>
  </frame>
  <frame idx="50" w="303" h="475" x="-28.071426" y="-148.757690">
   <element name="cirqchair01" layername="cirqchair" frame="0" z_index="2" m_a="1.000000" m_b="0.000000" m_c="0.000000" m_d="1.000000" m_tx="-128.571426" m_ty="-252.757690"/>
  </frame>
  <frame idx="75" w="303" h="475" x="-28.071426" y="-148.757690">
   <element name="cirqchair01" layername="cirqchair" frame="0" z_index="2" m_a="1.000000" m_b="0.000000" m_c="0.000000" m_d="1.000000" m_tx="-128.571426" m_ty="-252.757690"/>
  </frame>
  <frame idx="100" w="303" h="475" x="-28.071426" y="-148.757690">
   <element name="cirqchair01" layername="cirqchair" frame="0" z_index="2" m_a="1.000000" m_b="0.000000" m_c="0.000000" m_d="1.000000" m_tx="-128.571426" m_ty="-252.757690"/>
  </frame>
  <frame idx="125" w="303" h="475" x="-28.071426" y="-148.757690">
   <element name="cirqchair01" layername="cirqchair" frame="0" z_index="2" m_a="1.000000" m_b="0.000000" m_c="0.000000" m_d="1.000000" m_tx="-128.571426" m_ty="-252.757690"/>
  </frame>
  <frame idx="150" w="303" h="475" x="-28.071426" y="-148.757690">
   <element name="cirqchair01" layername="cirqchair" frame="0" z_index="2" m_a="1.000000" m_b="0.000000" m_c="0.000000" m_d="1.000000" m_tx="-128.571426" m_ty="-252.757690"/>
  </frame>
  <frame idx="175" w="303" h="475" x="-28.071426" y="-148.757690">
   <element name="cirqchair01" layername="cirqchair" frame="0" z_index="2" m_a="1.000000" m_b="0.000000" m_c="0.000000" m_d="1.000000" m_tx="-128.571426" m_ty="-252.757690"/>
  </frame>
  <frame idx="200" w="303" h="475" x="-28.071426" y="-148.757690">
   <element name="cirqchair01" layername="cirqchair" frame="0" z_index="2" m_a="1.000000" m_b="0.000000" m_c="0.000000" m_d="1.000000" m_tx="-128.571426" m_ty="-252.757690"/>
  </frame>
  <frame idx="225" w="303" h="475" x="-28.071426" y="-148.757690">
   <element name="cirqchair01" layername="cirqchair" frame="0" z_index="2" m_a="1.000000" m_b="0.000000" m_c="0.000000" m_d="1.000000" m_tx="-128.571426" m_ty="-252.757690"/>
  </frame>
  <frame idx="250" w="303" h="475" x="-28.071426" y="-148.757690">
   <element name="cirqchair01" layername="cirqchair" frame="0" z_index="2" m_a="1.000000" m_b="0.000000" m_c="0.000000" m_d="1.000000" m_tx="-128.571426" m_ty="-252.757690"/>
  </frame>
  <frame idx="275" w="303" h="475" x="-28.071426" y="-148.757690">
   <element name="cirqchair01" layername="cirqchair" frame="0" z_index="2" m_a="1.000000" m_b="0.000000" m_c="0.000000" m_d="1.000000" m_tx="-128.571426" m_ty="-252.757690"/>
  </frame>
  <frame idx="300" w="303" h="475" x="-28.071426" y="-148.757690">
   <element name="cirqchair01" layername="cirqchair" frame="0" z_index="2" m_a="1.000000" m_b="0.000000" m_c="0.000000" m_d="1.000000" m_tx="-128.571426" m_ty="-252.757690"/>
  </frame>
  <frame idx="325" w="303" h="475" x="-28.071426" y="-148.757690">
   <element name="cirqchair01" layername="cirqchair" frame="0" z_index="2" m_a="1.000000" m_b="0.000000" m_c="0.000000" m_d="1.000000" m_tx="-128.571426" m_ty="-252.757690"/>
  </frame>
  <frame idx="350" w="303" h="475" x="-28.071426" y="-148.757690">
   <element name="cirqchair01" layername="cirqchair" frame="0" z_index="2" m_a="1.000000" m_b="0.000000" m_c="0.000000" m_d="1.000000" m_tx="-128.571426" m_ty="-252.757690"/>
  </frame>
  <frame idx="375" w="303" h="475" x="-28.071426" y="-148.757690">
   <element name="cirqchair01" layername="cirqchair" frame="0" z_index="2" m_a="1.000000" m_b="0.000000" m_c="0.000000" m_d="1.000000" m_tx="-128.571426" m_ty="-252.757690"/>
  </frame>
  <frame idx="400" w="303" h="475" x="-28.071426" y="-148.757690">
   <element name="cirqchair01" layername="cirqchair" frame="0" z_index="2" m_a="1.000000" m_b="0.000000" m_c="0.000000" m_d="1.000000" m_tx="-128.571426" m_ty="-252.757690"/>
  </frame>
  <frame idx="425" w="303" h="475" x="-28.071426" y="-148.757690">
   <element name="cirqchair01" layername="cirqchair" frame="0" z_index="2" m_a="1.000000" m_b="0.000000" m_c="0.000000" m_d="1.000000" m_tx="-128.571426" m_ty="-252.757690"/>
  </frame>
  <frame idx="450" w="303" h="475" x="-28.071426" y="-148.757690">
   <element name="cirqchair01" layername="cirqchair" frame="0" z_index="2" m_a="1.000000" m_b="0.000000" m_c="0.000000" m_d="1.000000" m_tx="-128.571426" m_ty="-252.757690"/>
  </frame>
  <frame idx="475" w="303" h="475" x="-28.071426" y="-148.757690">
   <element name="cirqchair01" layername="cirqchair" frame="0" z_index="2" m_a="1.000000" m_b="0.000000" m_c="0.000000" m_d="1.000000" m_tx="-128.571426" m_ty="-252.757690"/>
  </frame>
  <frame idx="500" w="303" h="475" x="-28.071426" y="-148.757690">
   <element name="cirqchair01" layername="cirqchair" frame="0" z_index="2" m_a="1.000000" m_b="0.000000" m_c="0.000000" m_d="1.000000" m_tx="-128.571426" m_ty="-252.757690"/>
  </frame>
  <frame idx="525" w="303" h="475" x="-28.071426" y="-148.757690">
   <element name="cirqchair01" layername="cirqchair" frame="0" z_index="2" m_a="1.000000" m_b="0.000000" m_c="0.000000" m_d="1.000000" m_tx="-128.571426" m_ty="-252.757690"/>
  </frame>
  <frame idx="550" w="303" h="475" x="-28.071426" y="-148.757690">
   <element name="cirqchair01" layername="cirqchair" frame="0" z_index="2" m_a="1.000000" m_b="0.000000" m_c="0.000000" m_d="1.000000" m_tx="-128.571426" m_ty="-252.757690"/>
  </frame>
  <frame idx="575" w="303" h="475" x="-28.071426" y="-148.757690">
   <element name="cirqchair01" layername="cirqchair" frame="0" z_index="2" m_a="1.000000" m_b="0.000000" m_c="0.000000" m_d="1.000000" m_tx="-128.571426" m_ty="-252.757690"/>
  </frame>
  <frame idx="600" w="303" h="475" x="-28.071426" y="-148.757690">
   <element name="cirqchair01" layername="cirqchair" frame="0" z_index="2" m_a="1.000000" m_b="0.000000" m_c="0.000000" m_d="1.000000" m_tx="-128.571426" m_ty="-252.757690"/>
  </frame>
  <frame idx="625" w="303" h="475" x="-28.071426" y="-148.757690">
   <element name="cirqchair01" layername="cirqchair" frame="0" z_index="2" m_a="1.000000" m_b="0.000000" m_c="0.000000" m_d="1.000000" m_tx="-128.571426" m_ty="-252.757690"/>
  </frame>
  <frame idx="650" w="303" h="475" x="-28.071426" y="-148.757690">
   <element name="cirqchair01" layername="cirqchair" frame="0" z_index="2" m_a="1.000000" m_b="0.000000" m_c="0.000000" m_d="1.000000" m_tx="-128.571426" m_ty="-252.757690"/>
  </frame>
  <frame idx="675" w="303" h="475" x="-28.071426" y="-148.757690">
   <element name="cirqchair01" layername="cirqchair" frame="0" z_index="2" m_a="1.000000" m_b="0.000000" m_c="0.000000" m_d="1.000000" m_tx="-128.571426" m_ty="-252.757690"/>
  </frame>
  <frame idx="700" w="303" h="475" x="-28.071426" y="-148.757690">
   <element name="cirqchair01" layername="cirqchair" frame="0" z_index="2" m_a="1.000000" m_b="0.000000" m_c="0.000000" m_d="1.000000" m_tx="-128.571426" m_ty="-252.757690"/>
  </frame>
  <frame idx="725" w="303" h="475" x="-28.071426" y="-148.757690">
   <element name="cirqchair01" layername="cirqchair" frame="0" z_index="2" m_a="1.000000" m_b="0.000000" m_c="0.000000" m_d="1.000000" m_tx="-128.571426" m_ty="-252.757690"/>
  </frame>
  <frame idx="750" w="303" h="475" x="-28.071426" y="-148.757690">
   <element name="cirqchair01" layername="cirqchair" frame="0" z_index="2" m_a="1.000000" m_b="0.000000" m_c="0.000000" m_d="1.000000" m_tx="-128.571426" m_ty="-252.757690"/>
  </frame>
  <frame idx="775" w="303" h="475" x="-28.071426" y="-148.757690">
   <element name="cirqchair01" layername="cirqchair" frame="0" z_index="2" m_a="1.000000" m_b="0.000000" m_c="0.000000" m_d="1.000000" m_tx="-128.571426" m_ty="-252.757690"/>
  </frame>
  <frame idx="800" w="303" h="475" x="-28.071426" y="-148.757690">
   <element name="cirqchair01" layername="cirqchair" frame="0" z_index="2" m_a="1.000000" m_b="0.000000" m_c="0.000000" m_d="1.000000" m_tx="-128.571426" m_ty="-252.757690"/>
  </frame>
  <frame idx="825" w="303" h="475" x="-28.071426" y="-148.757690">
   <element name="cirqchair01" layername="cirqchair" frame="0" z_index="2" m_a="1.000000" m_b="0.000000" m_c="0.000000" m_d="1.000000" m_tx="-128.571426" m_ty="-252.757690"/>
  </frame>
  <frame idx="850" w="303" h="475" x="-28.071426" y="-148.757690">
   <element name="cirqchair01" layername="cirqchair" frame="0" z_index="2" m_a="1.000000" m_b="0.000000" m_c="0.000000" m_d="1.000000" m_tx="-128.571426" m_ty="-252.757690"/>
  </frame>
  <frame idx="875" w="303" h="475" x="-28.071426" y="-148.757690">
   <element name="cirqchair01" layername="cirqchair" frame="0" z_index="2" m_a="1.000000" m_b="0.000000" m_c="0.000000" m_d="1.000000" m_tx="-128.571426" m_ty="-252.757690"/>
  </frame>
  <frame idx="900" w="303" h="475" x="-28.071426" y="-148.757690">
   <element name="cirqchair01" layername="cirqchair" frame="0" z_index="2" m_a="1.000000" m_b="0.000000" m_c="0.000000" m_d="1.000000" m_tx="-128.571426" m_ty="-252.757690"/>
  </frame>
  <frame idx="925" w="303" h="475" x="-28.071426" y="-148.757690">
   <element name="cirqchair01" layername="cirqchair" frame="0" z_index="2" m_a="1.000000" m_b="0.000000" m_c="0.000000" m_d="1.000000" m_tx="-128.571426" m_ty="-252.757690"/>
  </frame>
  <frame idx="950" w="303" h="475" x="-28.071426" y="-148.757690">
   <element name="cirqchair01" layername="cirqchair" frame="0" z_index="2" m_a="1.000000" m_b="0.000000" m_c="0.000000" m_d="1.000000" m_tx="-128.571426" m_ty="-252.757690"/>
  </frame>
  <frame idx="975" w="303" h="475" x="-28.071426" y="-148.757690">
   <element name="cirqchair01" layername="cirqchair" frame="0" z_index="2" m_a="1.000000" m_b="0.000000" m_c="0.000000" m_d="1.000000" m_tx="-128.571426" m_ty="-252.757690"/>
  </frame>
 </anim>
 <anim name="hit" root="circuschair1" numframes="1000" framerate="40">
  <frame idx="0" w="303" h="475" x="-28.071426" y="-148.757690">
   <element name="cirqchair01" layername="cirqchair" frame="0" z_index="2" m_a="1.000000" m_b="0.000000" m_c="0.000000" m_d="1.000000" m_tx="-128.571426" m_ty="-252.757690"/>
  </frame>
  <frame idx="25" w="314" h="433" x="-28.349724" y="-133.415756">
   <element name="cirqchair01" layername="cirqchair" frame="0" z_index="2" m_a="1.032825" m_b="0.000000" m_c="0.000000" m_d="0.918049" m_tx="-131.985733" m_ty="-229.114792"/>
  </frame>
  <frame idx="50" w="323" h="391" x="-28.128006" y="-118.073799">
   <element name="cirqchair01" layername="cirqchair" frame="0" z_index="2" m_a="1.065651" m_b="0.000000" m_c="0.000000" m_d="0.836098" m_tx="-135.400024" m_ty="-205.471878"/>
  </frame>
  <frame idx="75" w="333" h="350" x="-28.406303" y="-102.731865">
   <element name="cirqchair01" layername="cirqchair" frame="0" z_index="2" m_a="1.098476" m_b="0.000000" m_c="0.000000" m_d="0.754147" m_tx="-138.814331" m_ty="-181.828979"/>
  </frame>
  <frame idx="100" w="344" h="308" x="-28.684601" y="-87.389931">
   <element name="cirqchair01" layername="cirqchair" frame="0" z_index="2" m_a="1.131302" m_b="0.000000" m_c="0.000000" m_d="0.672195" m_tx="-142.228638" m_ty="-158.186081"/>
  </frame>
  <frame idx="125" w="342" h="312" x="-28.274868" y="-88.871239">
   <element name="cirqchair01" layername="cirqchair" frame="0" z_index="2" m_a="1.127196" m_b="0.000000" m_c="0.000000" m_d="0.682447" m_tx="-141.801529" m_ty="-161.143585"/>
  </frame>
  <frame idx="150" w="332" h="354" x="-28.503160" y="-104.320847">
   <element name="cirqchair01" layername="cirqchair" frame="0" z_index="2" m_a="1.094072" m_b="0.000000" m_c="0.000000" m_d="0.765143" m_tx="-138.356201" m_ty="-185.001434"/>
  </frame>
  <frame idx="175" w="322" h="397" x="-28.231422" y="-120.270432">
   <element name="cirqchair01" layername="cirqchair" frame="0" z_index="2" m_a="1.060948" m_b="0.000000" m_c="0.000000" m_d="0.847839" m_tx="-134.910858" m_ty="-208.859268"/>
  </frame>
  <frame idx="200" w="312" h="439" x="-27.959686" y="-135.720032">
   <element name="cirqchair01" layername="cirqchair" frame="0" z_index="2" m_a="1.027824" m_b="0.000000" m_c="0.000000" m_d="0.930535" m_tx="-131.465515" m_ty="-232.717102"/>
  </frame>
  <frame idx="225" w="303" h="475" x="-28.071426" y="-148.757690">
   <element name="cirqchair01" layername="cirqchair" frame="0" z_index="2" m_a="1.000000" m_b="0.000000" m_c="0.000000" m_d="1.000000" m_tx="-128.571426" m_ty="-252.757690"/>
  </frame>
  <frame idx="250" w="303" h="475" x="-28.071426" y="-148.757690">
   <element name="cirqchair01" layername="cirqchair" frame="0" z_index="2" m_a="1.000000" m_b="0.000000" m_c="0.000000" m_d="1.000000" m_tx="-128.571426" m_ty="-252.757690"/>
  </frame>
  <frame idx="275" w="303" h="475" x="-28.071426" y="-148.757690">
   <element name="cirqchair01" layername="cirqchair" frame="0" z_index="2" m_a="1.000000" m_b="0.000000" m_c="0.000000" m_d="1.000000" m_tx="-128.571426" m_ty="-252.757690"/>
  </frame>
  <frame idx="300" w="303" h="475" x="-28.071426" y="-148.757690">
   <element name="cirqchair01" layername="cirqchair" frame="0" z_index="2" m_a="1.000000" m_b="0.000000" m_c="0.000000" m_d="1.000000" m_tx="-128.571426" m_ty="-252.757690"/>
  </frame>
  <frame idx="325" w="303" h="475" x="-28.071426" y="-148.757690">
   <element name="cirqchair01" layername="cirqchair" frame="0" z_index="2" m_a="1.000000" m_b="0.000000" m_c="0.000000" m_d="1.000000" m_tx="-128.571426" m_ty="-252.757690"/>
  </frame>
  <frame idx="350" w="303" h="475" x="-28.071426" y="-148.757690">
   <element name="cirqchair01" layername="cirqchair" frame="0" z_index="2" m_a="1.000000" m_b="0.000000" m_c="0.000000" m_d="1.000000" m_tx="-128.571426" m_ty="-252.757690"/>
  </frame>
  <frame idx="375" w="303" h="475" x="-28.071426" y="-148.757690">
   <element name="cirqchair01" layername="cirqchair" frame="0" z_index="2" m_a="1.000000" m_b="0.000000" m_c="0.000000" m_d="1.000000" m_tx="-128.571426" m_ty="-252.757690"/>
  </frame>
  <frame idx="400" w="303" h="475" x="-28.071426" y="-148.757690">
   <element name="cirqchair01" layername="cirqchair" frame="0" z_index="2" m_a="1.000000" m_b="0.000000" m_c="0.000000" m_d="1.000000" m_tx="-128.571426" m_ty="-252.757690"/>
  </frame>
  <frame idx="425" w="303" h="475" x="-28.071426" y="-148.757690">
   <element name="cirqchair01" layername="cirqchair" frame="0" z_index="2" m_a="1.000000" m_b="0.000000" m_c="0.000000" m_d="1.000000" m_tx="-128.571426" m_ty="-252.757690"/>
  </frame>
  <frame idx="450" w="303" h="475" x="-28.071426" y="-148.757690">
   <element name="cirqchair01" layername="cirqchair" frame="0" z_index="2" m_a="1.000000" m_b="0.000000" m_c="0.000000" m_d="1.000000" m_tx="-128.571426" m_ty="-252.757690"/>
  </frame>
  <frame idx="475" w="303" h="475" x="-28.071426" y="-148.757690">
   <element name="cirqchair01" layername="cirqchair" frame="0" z_index="2" m_a="1.000000" m_b="0.000000" m_c="0.000000" m_d="1.000000" m_tx="-128.571426" m_ty="-252.757690"/>
  </frame>
  <frame idx="500" w="303" h="475" x="-28.071426" y="-148.757690">
   <element name="cirqchair01" layername="cirqchair" frame="0" z_index="2" m_a="1.000000" m_b="0.000000" m_c="0.000000" m_d="1.000000" m_tx="-128.571426" m_ty="-252.757690"/>
  </frame>
  <frame idx="525" w="303" h="475" x="-28.071426" y="-148.757690">
   <element name="cirqchair01" layername="cirqchair" frame="0" z_index="2" m_a="1.000000" m_b="0.000000" m_c="0.000000" m_d="1.000000" m_tx="-128.571426" m_ty="-252.757690"/>
  </frame>
  <frame idx="550" w="303" h="475" x="-28.071426" y="-148.757690">
   <element name="cirqchair01" layername="cirqchair" frame="0" z_index="2" m_a="1.000000" m_b="0.000000" m_c="0.000000" m_d="1.000000" m_tx="-128.571426" m_ty="-252.757690"/>
  </frame>
  <frame idx="575" w="303" h="475" x="-28.071426" y="-148.757690">
   <element name="cirqchair01" layername="cirqchair" frame="0" z_index="2" m_a="1.000000" m_b="0.000000" m_c="0.000000" m_d="1.000000" m_tx="-128.571426" m_ty="-252.757690"/>
  </frame>
  <frame idx="600" w="303" h="475" x="-28.071426" y="-148.757690">
   <element name="cirqchair01" layername="cirqchair" frame="0" z_index="2" m_a="1.000000" m_b="0.000000" m_c="0.000000" m_d="1.000000" m_tx="-128.571426" m_ty="-252.757690"/>
  </frame>
  <frame idx="625" w="303" h="475" x="-28.071426" y="-148.757690">
   <element name="cirqchair01" layername="cirqchair" frame="0" z_index="2" m_a="1.000000" m_b="0.000000" m_c="0.000000" m_d="1.000000" m_tx="-128.571426" m_ty="-252.757690"/>
  </frame>
  <frame idx="650" w="303" h="475" x="-28.071426" y="-148.757690">
   <element name="cirqchair01" layername="cirqchair" frame="0" z_index="2" m_a="1.000000" m_b="0.000000" m_c="0.000000" m_d="1.000000" m_tx="-128.571426" m_ty="-252.757690"/>
  </frame>
  <frame idx="675" w="303" h="475" x="-28.071426" y="-148.757690">
   <element name="cirqchair01" layername="cirqchair" frame="0" z_index="2" m_a="1.000000" m_b="0.000000" m_c="0.000000" m_d="1.000000" m_tx="-128.571426" m_ty="-252.757690"/>
  </frame>
  <frame idx="700" w="303" h="475" x="-28.071426" y="-148.757690">
   <element name="cirqchair01" layername="cirqchair" frame="0" z_index="2" m_a="1.000000" m_b="0.000000" m_c="0.000000" m_d="1.000000" m_tx="-128.571426" m_ty="-252.757690"/>
  </frame>
  <frame idx="725" w="303" h="475" x="-28.071426" y="-148.757690">
   <element name="cirqchair01" layername="cirqchair" frame="0" z_index="2" m_a="1.000000" m_b="0.000000" m_c="0.000000" m_d="1.000000" m_tx="-128.571426" m_ty="-252.757690"/>
  </frame>
  <frame idx="750" w="303" h="475" x="-28.071426" y="-148.757690">
   <element name="cirqchair01" layername="cirqchair" frame="0" z_index="2" m_a="1.000000" m_b="0.000000" m_c="0.000000" m_d="1.000000" m_tx="-128.571426" m_ty="-252.757690"/>
  </frame>
  <frame idx="775" w="303" h="475" x="-28.071426" y="-148.757690">
   <element name="cirqchair01" layername="cirqchair" frame="0" z_index="2" m_a="1.000000" m_b="0.000000" m_c="0.000000" m_d="1.000000" m_tx="-128.571426" m_ty="-252.757690"/>
  </frame>
  <frame idx="800" w="303" h="475" x="-28.071426" y="-148.757690">
   <element name="cirqchair01" layername="cirqchair" frame="0" z_index="2" m_a="1.000000" m_b="0.000000" m_c="0.000000" m_d="1.000000" m_tx="-128.571426" m_ty="-252.757690"/>
  </frame>
  <frame idx="825" w="303" h="475" x="-28.071426" y="-148.757690">
   <element name="cirqchair01" layername="cirqchair" frame="0" z_index="2" m_a="1.000000" m_b="0.000000" m_c="0.000000" m_d="1.000000" m_tx="-128.571426" m_ty="-252.757690"/>
  </frame>
  <frame idx="850" w="303" h="475" x="-28.071426" y="-148.757690">
   <element name="cirqchair01" layername="cirqchair" frame="0" z_index="2" m_a="1.000000" m_b="0.000000" m_c="0.000000" m_d="1.000000" m_tx="-128.571426" m_ty="-252.757690"/>
  </frame>
  <frame idx="875" w="303" h="475" x="-28.071426" y="-148.757690">
   <element name="cirqchair01" layername="cirqchair" frame="0" z_index="2" m_a="1.000000" m_b="0.000000" m_c="0.000000" m_d="1.000000" m_tx="-128.571426" m_ty="-252.757690"/>
  </frame>
  <frame idx="900" w="303" h="475" x="-28.071426" y="-148.757690">
   <element name="cirqchair01" layername="cirqchair" frame="0" z_index="2" m_a="1.000000" m_b="0.000000" m_c="0.000000" m_d="1.000000" m_tx="-128.571426" m_ty="-252.757690"/>
  </frame>
  <frame idx="925" w="303" h="475" x="-28.071426" y="-148.757690">
   <element name="cirqchair01" layername="cirqchair" frame="0" z_index="2" m_a="1.000000" m_b="0.000000" m_c="0.000000" m_d="1.000000" m_tx="-128.571426" m_ty="-252.757690"/>
  </frame>
  <frame idx="950" w="303" h="475" x="-28.071426" y="-148.757690">
   <element name="cirqchair01" layername="cirqchair" frame="0" z_index="2" m_a="1.000000" m_b="0.000000" m_c="0.000000" m_d="1.000000" m_tx="-128.571426" m_ty="-252.757690"/>
  </frame>
  <frame idx="975" w="303" h="475" x="-28.071426" y="-148.757690">
   <element name="cirqchair01" layername="cirqchair" frame="0" z_index="2" m_a="1.000000" m_b="0.000000" m_c="0.000000" m_d="1.000000" m_tx="-128.571426" m_ty="-252.757690"/>
  </frame>
 </anim>
</Anims>
