<Anims>
 <anim name="idle" root="barbell" numframes="1000" framerate="40">
  <frame idx="0" w="660" h="397" x="-39.701508" y="-110.022385">
   <element name="barbell01" layername="barbell" frame="0" z_index="2" m_a="1.000000" m_b="0.000000" m_c="0.000000" m_d="1.000000" m_tx="-259.701508" m_ty="-195.522385"/>
  </frame>
  <frame idx="25" w="660" h="397" x="-39.701508" y="-110.022385">
   <element name="barbell01" layername="barbell" frame="0" z_index="2" m_a="1.000000" m_b="0.000000" m_c="0.000000" m_d="1.000000" m_tx="-259.701508" m_ty="-195.522385"/>
  </frame>
  <frame idx="50" w="660" h="397" x="-39.701508" y="-110.022385">
   <element name="barbell01" layername="barbell" frame="0" z_index="2" m_a="1.000000" m_b="0.000000" m_c="0.000000" m_d="1.000000" m_tx="-259.701508" m_ty="-195.522385"/>
  </frame>
  <frame idx="75" w="660" h="397" x="-39.701508" y="-110.022385">
   <element name="barbell01" layername="barbell" frame="0" z_index="2" m_a="1.000000" m_b="0.000000" m_c="0.000000" m_d="1.000000" m_tx="-259.701508" m_ty="-195.522385"/>
  </frame>
  <frame idx="100" w="660" h="397" x="-39.701508" y="-110.022385">
   <element name="barbell01" layername="barbell" frame="0" z_index="2" m_a="1.000000" m_b="0.000000" m_c="0.000000" m_d="1.000000" m_tx="-259.701508" m_ty="-195.522385"/>
  </frame>
  <frame idx="125" w="660" h="397" x="-39.701508" y="-110.022385">
   <element name="barbell01" layername="barbell" frame="0" z_index="2" m_a="1.000000" m_b="0.000000" m_c="0.000000" m_d="1.000000" m_tx="-259.701508" m_ty="-195.522385"/>
  </frame>
  <frame idx="150" w="660" h="397" x="-39.701508" y="-110.022385">
   <element name="barbell01" layername="barbell" frame="0" z_index="2" m_a="1.000000" m_b="0.000000" m_c="0.000000" m_d="1.000000" m_tx="-259.701508" m_ty="-195.522385"/>
  </frame>
  <frame idx="175" w="660" h="397" x="-39.701508" y="-110.022385">
   <element name="barbell01" layername="barbell" frame="0" z_index="2" m_a="1.000000" m_b="0.000000" m_c="0.000000" m_d="1.000000" m_tx="-259.701508" m_ty="-195.522385"/>
  </frame>
  <frame idx="200" w="660" h="397" x="-39.701508" y="-110.022385">
   <element name="barbell01" layername="barbell" frame="0" z_index="2" m_a="1.000000" m_b="0.000000" m_c="0.000000" m_d="1.000000" m_tx="-259.701508" m_ty="-195.522385"/>
  </frame>
  <frame idx="225" w="660" h="397" x="-39.701508" y="-110.022385">
   <element name="barbell01" layername="barbell" frame="0" z_index="2" m_a="1.000000" m_b="0.000000" m_c="0.000000" m_d="1.000000" m_tx="-259.701508" m_ty="-195.522385"/>
  </frame>
  <frame idx="250" w="660" h="397" x="-39.701508" y="-110.022385">
   <element name="barbell01" layername="barbell" frame="0" z_index="2" m_a="1.000000" m_b="0.000000" m_c="0.000000" m_d="1.000000" m_tx="-259.701508" m_ty="-195.522385"/>
  </frame>
  <frame idx="275" w="660" h="397" x="-39.701508" y="-110.022385">
   <element name="barbell01" layername="barbell" frame="0" z_index="2" m_a="1.000000" m_b="0.000000" m_c="0.000000" m_d="1.000000" m_tx="-259.701508" m_ty="-195.522385"/>
  </frame>
  <frame idx="300" w="660" h="397" x="-39.701508" y="-110.022385">
   <element name="barbell01" layername="barbell" frame="0" z_index="2" m_a="1.000000" m_b="0.000000" m_c="0.000000" m_d="1.000000" m_tx="-259.701508" m_ty="-195.522385"/>
  </frame>
  <frame idx="325" w="660" h="397" x="-39.701508" y="-110.022385">
   <element name="barbell01" layername="barbell" frame="0" z_index="2" m_a="1.000000" m_b="0.000000" m_c="0.000000" m_d="1.000000" m_tx="-259.701508" m_ty="-195.522385"/>
  </frame>
  <frame idx="350" w="660" h="397" x="-39.701508" y="-110.022385">
   <element name="barbell01" layername="barbell" frame="0" z_index="2" m_a="1.000000" m_b="0.000000" m_c="0.000000" m_d="1.000000" m_tx="-259.701508" m_ty="-195.522385"/>
  </frame>
  <frame idx="375" w="660" h="397" x="-39.701508" y="-110.022385">
   <element name="barbell01" layername="barbell" frame="0" z_index="2" m_a="1.000000" m_b="0.000000" m_c="0.000000" m_d="1.000000" m_tx="-259.701508" m_ty="-195.522385"/>
  </frame>
  <frame idx="400" w="660" h="397" x="-39.701508" y="-110.022385">
   <element name="barbell01" layername="barbell" frame="0" z_index="2" m_a="1.000000" m_b="0.000000" m_c="0.000000" m_d="1.000000" m_tx="-259.701508" m_ty="-195.522385"/>
  </frame>
  <frame idx="425" w="660" h="397" x="-39.701508" y="-110.022385">
   <element name="barbell01" layername="barbell" frame="0" z_index="2" m_a="1.000000" m_b="0.000000" m_c="0.000000" m_d="1.000000" m_tx="-259.701508" m_ty="-195.522385"/>
  </frame>
  <frame idx="450" w="660" h="397" x="-39.701508" y="-110.022385">
   <element name="barbell01" layername="barbell" frame="0" z_index="2" m_a="1.000000" m_b="0.000000" m_c="0.000000" m_d="1.000000" m_tx="-259.701508" m_ty="-195.522385"/>
  </frame>
  <frame idx="475" w="660" h="397" x="-39.701508" y="-110.022385">
   <element name="barbell01" layername="barbell" frame="0" z_index="2" m_a="1.000000" m_b="0.000000" m_c="0.000000" m_d="1.000000" m_tx="-259.701508" m_ty="-195.522385"/>
  </frame>
  <frame idx="500" w="660" h="397" x="-39.701508" y="-110.022385">
   <element name="barbell01" layername="barbell" frame="0" z_index="2" m_a="1.000000" m_b="0.000000" m_c="0.000000" m_d="1.000000" m_tx="-259.701508" m_ty="-195.522385"/>
  </frame>
  <frame idx="525" w="660" h="397" x="-39.701508" y="-110.022385">
   <element name="barbell01" layername="barbell" frame="0" z_index="2" m_a="1.000000" m_b="0.000000" m_c="0.000000" m_d="1.000000" m_tx="-259.701508" m_ty="-195.522385"/>
  </frame>
  <frame idx="550" w="660" h="397" x="-39.701508" y="-110.022385">
   <element name="barbell01" layername="barbell" frame="0" z_index="2" m_a="1.000000" m_b="0.000000" m_c="0.000000" m_d="1.000000" m_tx="-259.701508" m_ty="-195.522385"/>
  </frame>
  <frame idx="575" w="660" h="397" x="-39.701508" y="-110.022385">
   <element name="barbell01" layername="barbell" frame="0" z_index="2" m_a="1.000000" m_b="0.000000" m_c="0.000000" m_d="1.000000" m_tx="-259.701508" m_ty="-195.522385"/>
  </frame>
  <frame idx="600" w="660" h="397" x="-39.701508" y="-110.022385">
   <element name="barbell01" layername="barbell" frame="0" z_index="2" m_a="1.000000" m_b="0.000000" m_c="0.000000" m_d="1.000000" m_tx="-259.701508" m_ty="-195.522385"/>
  </frame>
  <frame idx="625" w="660" h="397" x="-39.701508" y="-110.022385">
   <element name="barbell01" layername="barbell" frame="0" z_index="2" m_a="1.000000" m_b="0.000000" m_c="0.000000" m_d="1.000000" m_tx="-259.701508" m_ty="-195.522385"/>
  </frame>
  <frame idx="650" w="660" h="397" x="-39.701508" y="-110.022385">
   <element name="barbell01" layername="barbell" frame="0" z_index="2" m_a="1.000000" m_b="0.000000" m_c="0.000000" m_d="1.000000" m_tx="-259.701508" m_ty="-195.522385"/>
  </frame>
  <frame idx="675" w="660" h="397" x="-39.701508" y="-110.022385">
   <element name="barbell01" layername="barbell" frame="0" z_index="2" m_a="1.000000" m_b="0.000000" m_c="0.000000" m_d="1.000000" m_tx="-259.701508" m_ty="-195.522385"/>
  </frame>
  <frame idx="700" w="660" h="397" x="-39.701508" y="-110.022385">
   <element name="barbell01" layername="barbell" frame="0" z_index="2" m_a="1.000000" m_b="0.000000" m_c="0.000000" m_d="1.000000" m_tx="-259.701508" m_ty="-195.522385"/>
  </frame>
  <frame idx="725" w="660" h="397" x="-39.701508" y="-110.022385">
   <element name="barbell01" layername="barbell" frame="0" z_index="2" m_a="1.000000" m_b="0.000000" m_c="0.000000" m_d="1.000000" m_tx="-259.701508" m_ty="-195.522385"/>
  </frame>
  <frame idx="750" w="660" h="397" x="-39.701508" y="-110.022385">
   <element name="barbell01" layername="barbell" frame="0" z_index="2" m_a="1.000000" m_b="0.000000" m_c="0.000000" m_d="1.000000" m_tx="-259.701508" m_ty="-195.522385"/>
  </frame>
  <frame idx="775" w="660" h="397" x="-39.701508" y="-110.022385">
   <element name="barbell01" layername="barbell" frame="0" z_index="2" m_a="1.000000" m_b="0.000000" m_c="0.000000" m_d="1.000000" m_tx="-259.701508" m_ty="-195.522385"/>
  </frame>
  <frame idx="800" w="660" h="397" x="-39.701508" y="-110.022385">
   <element name="barbell01" layername="barbell" frame="0" z_index="2" m_a="1.000000" m_b="0.000000" m_c="0.000000" m_d="1.000000" m_tx="-259.701508" m_ty="-195.522385"/>
  </frame>
  <frame idx="825" w="660" h="397" x="-39.701508" y="-110.022385">
   <element name="barbell01" layername="barbell" frame="0" z_index="2" m_a="1.000000" m_b="0.000000" m_c="0.000000" m_d="1.000000" m_tx="-259.701508" m_ty="-195.522385"/>
  </frame>
  <frame idx="850" w="660" h="397" x="-39.701508" y="-110.022385">
   <element name="barbell01" layername="barbell" frame="0" z_index="2" m_a="1.000000" m_b="0.000000" m_c="0.000000" m_d="1.000000" m_tx="-259.701508" m_ty="-195.522385"/>
  </frame>
  <frame idx="875" w="660" h="397" x="-39.701508" y="-110.022385">
   <element name="barbell01" layername="barbell" frame="0" z_index="2" m_a="1.000000" m_b="0.000000" m_c="0.000000" m_d="1.000000" m_tx="-259.701508" m_ty="-195.522385"/>
  </frame>
  <frame idx="900" w="660" h="397" x="-39.701508" y="-110.022385">
   <element name="barbell01" layername="barbell" frame="0" z_index="2" m_a="1.000000" m_b="0.000000" m_c="0.000000" m_d="1.000000" m_tx="-259.701508" m_ty="-195.522385"/>
  </frame>
  <frame idx="925" w="660" h="397" x="-39.701508" y="-110.022385">
   <element name="barbell01" layername="barbell" frame="0" z_index="2" m_a="1.000000" m_b="0.000000" m_c="0.000000" m_d="1.000000" m_tx="-259.701508" m_ty="-195.522385"/>
  </frame>
  <frame idx="950" w="660" h="397" x="-39.701508" y="-110.022385">
   <element name="barbell01" layername="barbell" frame="0" z_index="2" m_a="1.000000" m_b="0.000000" m_c="0.000000" m_d="1.000000" m_tx="-259.701508" m_ty="-195.522385"/>
  </frame>
  <frame idx="975" w="660" h="397" x="-39.701508" y="-110.022385">
   <element name="barbell01" layername="barbell" frame="0" z_index="2" m_a="1.000000" m_b="0.000000" m_c="0.000000" m_d="1.000000" m_tx="-259.701508" m_ty="-195.522385"/>
  </frame>
 </anim>
 <anim name="hit" root="barbell" numframes="1000" framerate="40">
  <frame idx="0" w="660" h="397" x="-39.701508" y="-110.022385">
   <element name="barbell01" layername="barbell" frame="0" z_index="2" m_a="1.000000" m_b="0.000000" m_c="0.000000" m_d="1.000000" m_tx="-259.701508" m_ty="-195.522385"/>
  </frame>
  <frame idx="25" w="660" h="397" x="-39.701477" y="-110.022354">
   <element name="barbell01" layername="barbell" frame="0" z_index="2" m_a="1.000000" m_b="0.000000" m_c="0.000000" m_d="1.000000" m_tx="-259.701477" m_ty="-195.522354"/>
  </frame>
  <frame idx="50" w="660" h="397" x="-39.701477" y="-110.022339">
   <element name="barbell01" layername="barbell" frame="0" z_index="2" m_a="1.000000" m_b="0.000000" m_c="0.000000" m_d="1.000000" m_tx="-259.701477" m_ty="-195.522339"/>
  </frame>
  <frame idx="75" w="660" h="397" x="-39.701477" y="-110.022308">
   <element name="barbell01" layername="barbell" frame="0" z_index="2" m_a="1.000000" m_b="0.000000" m_c="0.000000" m_d="1.000000" m_tx="-259.701477" m_ty="-195.522308"/>
  </frame>
  <frame idx="100" w="660" h="399" x="-39.700798" y="-109.986298">
   <element name="barbell01" layername="barbell" frame="0" z_index="2" m_a="0.999994" m_b="0.003593" m_c="-0.003593" m_d="0.999994" m_tx="-259.271423" m_ty="-196.473694"/>
  </frame>
  <frame idx="125" w="657" h="407" x="-39.699448" y="-110.357727">
   <element name="barbell01" layername="barbell" frame="0" z_index="2" m_a="0.999865" m_b="0.016426" m_c="-0.016426" m_d="0.999865" m_tx="-257.707672" m_ty="-199.858795"/>
  </frame>
  <frame idx="150" w="665" h="386" x="-40.206409" y="-109.192093">
   <element name="barbell01" layername="barbell" frame="0" z_index="2" m_a="0.999856" m_b="-0.016954" m_c="0.016954" m_d="0.999856" m_tx="-261.684448" m_ty="-191.012573"/>
  </frame>
  <frame idx="175" w="666" h="383" x="-40.207886" y="-108.729851">
   <element name="barbell01" layername="barbell" frame="0" z_index="2" m_a="0.999785" m_b="-0.020724" m_c="0.020724" m_d="0.999785" m_tx="-262.115021" m_ty="-190.005112"/>
  </frame>
  <frame idx="200" w="660" h="397" x="-39.701477" y="-110.022293">
   <element name="barbell01" layername="barbell" frame="0" z_index="2" m_a="1.000000" m_b="0.000000" m_c="0.000000" m_d="1.000000" m_tx="-259.701477" m_ty="-195.522293"/>
  </frame>
  <frame idx="225" w="660" h="397" x="-39.701477" y="-110.022308">
   <element name="barbell01" layername="barbell" frame="0" z_index="2" m_a="1.000000" m_b="0.000000" m_c="0.000000" m_d="1.000000" m_tx="-259.701477" m_ty="-195.522308"/>
  </frame>
  <frame idx="250" w="660" h="397" x="-39.701477" y="-110.022324">
   <element name="barbell01" layername="barbell" frame="0" z_index="2" m_a="1.000000" m_b="0.000000" m_c="0.000000" m_d="1.000000" m_tx="-259.701477" m_ty="-195.522324"/>
  </frame>
  <frame idx="275" w="660" h="397" x="-39.701477" y="-110.022339">
   <element name="barbell01" layername="barbell" frame="0" z_index="2" m_a="1.000000" m_b="0.000000" m_c="0.000000" m_d="1.000000" m_tx="-259.701477" m_ty="-195.522339"/>
  </frame>
  <frame idx="300" w="660" h="397" x="-39.701477" y="-110.022354">
   <element name="barbell01" layername="barbell" frame="0" z_index="2" m_a="1.000000" m_b="0.000000" m_c="0.000000" m_d="1.000000" m_tx="-259.701477" m_ty="-195.522354"/>
  </frame>
  <frame idx="325" w="660" h="397" x="-39.701508" y="-110.022369">
   <element name="barbell01" layername="barbell" frame="0" z_index="2" m_a="1.000000" m_b="0.000000" m_c="0.000000" m_d="1.000000" m_tx="-259.701508" m_ty="-195.522369"/>
  </frame>
  <frame idx="350" w="660" h="397" x="-39.701508" y="-110.022385">
   <element name="barbell01" layername="barbell" frame="0" z_index="2" m_a="1.000000" m_b="0.000000" m_c="0.000000" m_d="1.000000" m_tx="-259.701508" m_ty="-195.522385"/>
  </frame>
  <frame idx="375" w="660" h="397" x="-39.701508" y="-110.022385">
   <element name="barbell01" layername="barbell" frame="0" z_index="2" m_a="1.000000" m_b="0.000000" m_c="0.000000" m_d="1.000000" m_tx="-259.701508" m_ty="-195.522385"/>
  </frame>
  <frame idx="400" w="660" h="397" x="-39.701508" y="-110.022385">
   <element name="barbell01" layername="barbell" frame="0" z_index="2" m_a="1.000000" m_b="0.000000" m_c="0.000000" m_d="1.000000" m_tx="-259.701508" m_ty="-195.522385"/>
  </frame>
  <frame idx="425" w="660" h="397" x="-39.701508" y="-110.022385">
   <element name="barbell01" layername="barbell" frame="0" z_index="2" m_a="1.000000" m_b="0.000000" m_c="0.000000" m_d="1.000000" m_tx="-259.701508" m_ty="-195.522385"/>
  </frame>
  <frame idx="450" w="660" h="397" x="-39.701508" y="-110.022385">
   <element name="barbell01" layername="barbell" frame="0" z_index="2" m_a="1.000000" m_b="0.000000" m_c="0.000000" m_d="1.000000" m_tx="-259.701508" m_ty="-195.522385"/>
  </frame>
  <frame idx="475" w="660" h="397" x="-39.701508" y="-110.022385">
   <element name="barbell01" layername="barbell" frame="0" z_index="2" m_a="1.000000" m_b="0.000000" m_c="0.000000" m_d="1.000000" m_tx="-259.701508" m_ty="-195.522385"/>
  </frame>
  <frame idx="500" w="660" h="397" x="-39.701508" y="-110.022385">
   <element name="barbell01" layername="barbell" frame="0" z_index="2" m_a="1.000000" m_b="0.000000" m_c="0.000000" m_d="1.000000" m_tx="-259.701508" m_ty="-195.522385"/>
  </frame>
  <frame idx="525" w="660" h="397" x="-39.701508" y="-110.022385">
   <element name="barbell01" layername="barbell" frame="0" z_index="2" m_a="1.000000" m_b="0.000000" m_c="0.000000" m_d="1.000000" m_tx="-259.701508" m_ty="-195.522385"/>
  </frame>
  <frame idx="550" w="660" h="397" x="-39.701508" y="-110.022385">
   <element name="barbell01" layername="barbell" frame="0" z_index="2" m_a="1.000000" m_b="0.000000" m_c="0.000000" m_d="1.000000" m_tx="-259.701508" m_ty="-195.522385"/>
  </frame>
  <frame idx="575" w="660" h="397" x="-39.701508" y="-110.022385">
   <element name="barbell01" layername="barbell" frame="0" z_index="2" m_a="1.000000" m_b="0.000000" m_c="0.000000" m_d="1.000000" m_tx="-259.701508" m_ty="-195.522385"/>
  </frame>
  <frame idx="600" w="660" h="397" x="-39.701508" y="-110.022385">
   <element name="barbell01" layername="barbell" frame="0" z_index="2" m_a="1.000000" m_b="0.000000" m_c="0.000000" m_d="1.000000" m_tx="-259.701508" m_ty="-195.522385"/>
  </frame>
  <frame idx="625" w="660" h="397" x="-39.701508" y="-110.022385">
   <element name="barbell01" layername="barbell" frame="0" z_index="2" m_a="1.000000" m_b="0.000000" m_c="0.000000" m_d="1.000000" m_tx="-259.701508" m_ty="-195.522385"/>
  </frame>
  <frame idx="650" w="660" h="397" x="-39.701508" y="-110.022385">
   <element name="barbell01" layername="barbell" frame="0" z_index="2" m_a="1.000000" m_b="0.000000" m_c="0.000000" m_d="1.000000" m_tx="-259.701508" m_ty="-195.522385"/>
  </frame>
  <frame idx="675" w="660" h="397" x="-39.701508" y="-110.022385">
   <element name="barbell01" layername="barbell" frame="0" z_index="2" m_a="1.000000" m_b="0.000000" m_c="0.000000" m_d="1.000000" m_tx="-259.701508" m_ty="-195.522385"/>
  </frame>
  <frame idx="700" w="660" h="397" x="-39.701508" y="-110.022385">
   <element name="barbell01" layername="barbell" frame="0" z_index="2" m_a="1.000000" m_b="0.000000" m_c="0.000000" m_d="1.000000" m_tx="-259.701508" m_ty="-195.522385"/>
  </frame>
  <frame idx="725" w="660" h="397" x="-39.701508" y="-110.022385">
   <element name="barbell01" layername="barbell" frame="0" z_index="2" m_a="1.000000" m_b="0.000000" m_c="0.000000" m_d="1.000000" m_tx="-259.701508" m_ty="-195.522385"/>
  </frame>
  <frame idx="750" w="660" h="397" x="-39.701508" y="-110.022385">
   <element name="barbell01" layername="barbell" frame="0" z_index="2" m_a="1.000000" m_b="0.000000" m_c="0.000000" m_d="1.000000" m_tx="-259.701508" m_ty="-195.522385"/>
  </frame>
  <frame idx="775" w="660" h="397" x="-39.701508" y="-110.022385">
   <element name="barbell01" layername="barbell" frame="0" z_index="2" m_a="1.000000" m_b="0.000000" m_c="0.000000" m_d="1.000000" m_tx="-259.701508" m_ty="-195.522385"/>
  </frame>
  <frame idx="800" w="660" h="397" x="-39.701508" y="-110.022385">
   <element name="barbell01" layername="barbell" frame="0" z_index="2" m_a="1.000000" m_b="0.000000" m_c="0.000000" m_d="1.000000" m_tx="-259.701508" m_ty="-195.522385"/>
  </frame>
  <frame idx="825" w="660" h="397" x="-39.701508" y="-110.022385">
   <element name="barbell01" layername="barbell" frame="0" z_index="2" m_a="1.000000" m_b="0.000000" m_c="0.000000" m_d="1.000000" m_tx="-259.701508" m_ty="-195.522385"/>
  </frame>
  <frame idx="850" w="660" h="397" x="-39.701508" y="-110.022385">
   <element name="barbell01" layername="barbell" frame="0" z_index="2" m_a="1.000000" m_b="0.000000" m_c="0.000000" m_d="1.000000" m_tx="-259.701508" m_ty="-195.522385"/>
  </frame>
  <frame idx="875" w="660" h="397" x="-39.701508" y="-110.022385">
   <element name="barbell01" layername="barbell" frame="0" z_index="2" m_a="1.000000" m_b="0.000000" m_c="0.000000" m_d="1.000000" m_tx="-259.701508" m_ty="-195.522385"/>
  </frame>
  <frame idx="900" w="660" h="397" x="-39.701508" y="-110.022385">
   <element name="barbell01" layername="barbell" frame="0" z_index="2" m_a="1.000000" m_b="0.000000" m_c="0.000000" m_d="1.000000" m_tx="-259.701508" m_ty="-195.522385"/>
  </frame>
  <frame idx="925" w="660" h="397" x="-39.701508" y="-110.022385">
   <element name="barbell01" layername="barbell" frame="0" z_index="2" m_a="1.000000" m_b="0.000000" m_c="0.000000" m_d="1.000000" m_tx="-259.701508" m_ty="-195.522385"/>
  </frame>
  <frame idx="950" w="660" h="397" x="-39.701508" y="-110.022385">
   <element name="barbell01" layername="barbell" frame="0" z_index="2" m_a="1.000000" m_b="0.000000" m_c="0.000000" m_d="1.000000" m_tx="-259.701508" m_ty="-195.522385"/>
  </frame>
  <frame idx="975" w="660" h="397" x="-39.701508" y="-110.022385">
   <element name="barbell01" layername="barbell" frame="0" z_index="2" m_a="1.000000" m_b="0.000000" m_c="0.000000" m_d="1.000000" m_tx="-259.701508" m_ty="-195.522385"/>
  </frame>
 </anim>
</Anims>
