<Anims>
 <anim name="idle" root="burningman" numframes="1000" framerate="40">
  <frame idx="0" w="484" h="701" x="-40.473736" y="-214.876022">
   <element name="burningman01" layername="burningman" frame="0" z_index="2" m_a="1.404167" m_b="0.000000" m_c="0.000000" m_d="1.348469" m_tx="-201.471710" m_ty="-370.108368"/>
  </frame>
  <frame idx="25" w="484" h="701" x="-40.473736" y="-214.876022">
   <element name="burningman01" layername="burningman" frame="0" z_index="2" m_a="1.404167" m_b="0.000000" m_c="0.000000" m_d="1.348469" m_tx="-201.471710" m_ty="-370.108368"/>
  </frame>
  <frame idx="50" w="484" h="701" x="-40.473736" y="-214.876022">
   <element name="burningman01" layername="burningman" frame="0" z_index="2" m_a="1.404167" m_b="0.000000" m_c="0.000000" m_d="1.348469" m_tx="-201.471710" m_ty="-370.108368"/>
  </frame>
  <frame idx="75" w="484" h="701" x="-40.473736" y="-214.876022">
   <element name="burningman01" layername="burningman" frame="0" z_index="2" m_a="1.404167" m_b="0.000000" m_c="0.000000" m_d="1.348469" m_tx="-201.471710" m_ty="-370.108368"/>
  </frame>
  <frame idx="100" w="484" h="701" x="-40.473736" y="-214.876022">
   <element name="burningman01" layername="burningman" frame="0" z_index="2" m_a="1.404167" m_b="0.000000" m_c="0.000000" m_d="1.348469" m_tx="-201.471710" m_ty="-370.108368"/>
  </frame>
  <frame idx="125" w="484" h="701" x="-40.473736" y="-214.876022">
   <element name="burningman01" layername="burningman" frame="0" z_index="2" m_a="1.404167" m_b="0.000000" m_c="0.000000" m_d="1.348469" m_tx="-201.471710" m_ty="-370.108368"/>
  </frame>
  <frame idx="150" w="484" h="701" x="-40.473736" y="-214.876022">
   <element name="burningman01" layername="burningman" frame="0" z_index="2" m_a="1.404167" m_b="0.000000" m_c="0.000000" m_d="1.348469" m_tx="-201.471710" m_ty="-370.108368"/>
  </frame>
  <frame idx="175" w="484" h="701" x="-40.473736" y="-214.876022">
   <element name="burningman01" layername="burningman" frame="0" z_index="2" m_a="1.404167" m_b="0.000000" m_c="0.000000" m_d="1.348469" m_tx="-201.471710" m_ty="-370.108368"/>
  </frame>
  <frame idx="200" w="484" h="701" x="-40.473736" y="-214.876022">
   <element name="burningman01" layername="burningman" frame="0" z_index="2" m_a="1.404167" m_b="0.000000" m_c="0.000000" m_d="1.348469" m_tx="-201.471710" m_ty="-370.108368"/>
  </frame>
  <frame idx="225" w="484" h="701" x="-40.473736" y="-214.876022">
   <element name="burningman01" layername="burningman" frame="0" z_index="2" m_a="1.404167" m_b="0.000000" m_c="0.000000" m_d="1.348469" m_tx="-201.471710" m_ty="-370.108368"/>
  </frame>
  <frame idx="250" w="484" h="701" x="-40.473736" y="-214.876022">
   <element name="burningman01" layername="burningman" frame="0" z_index="2" m_a="1.404167" m_b="0.000000" m_c="0.000000" m_d="1.348469" m_tx="-201.471710" m_ty="-370.108368"/>
  </frame>
  <frame idx="275" w="484" h="701" x="-40.473736" y="-214.876022">
   <element name="burningman01" layername="burningman" frame="0" z_index="2" m_a="1.404167" m_b="0.000000" m_c="0.000000" m_d="1.348469" m_tx="-201.471710" m_ty="-370.108368"/>
  </frame>
  <frame idx="300" w="484" h="701" x="-40.473736" y="-214.876022">
   <element name="burningman01" layername="burningman" frame="0" z_index="2" m_a="1.404167" m_b="0.000000" m_c="0.000000" m_d="1.348469" m_tx="-201.471710" m_ty="-370.108368"/>
  </frame>
  <frame idx="325" w="484" h="701" x="-40.473736" y="-214.876022">
   <element name="burningman01" layername="burningman" frame="0" z_index="2" m_a="1.404167" m_b="0.000000" m_c="0.000000" m_d="1.348469" m_tx="-201.471710" m_ty="-370.108368"/>
  </frame>
  <frame idx="350" w="484" h="701" x="-40.473736" y="-214.876022">
   <element name="burningman01" layername="burningman" frame="0" z_index="2" m_a="1.404167" m_b="0.000000" m_c="0.000000" m_d="1.348469" m_tx="-201.471710" m_ty="-370.108368"/>
  </frame>
  <frame idx="375" w="484" h="701" x="-40.473736" y="-214.876022">
   <element name="burningman01" layername="burningman" frame="0" z_index="2" m_a="1.404167" m_b="0.000000" m_c="0.000000" m_d="1.348469" m_tx="-201.471710" m_ty="-370.108368"/>
  </frame>
  <frame idx="400" w="484" h="701" x="-40.473736" y="-214.876022">
   <element name="burningman01" layername="burningman" frame="0" z_index="2" m_a="1.404167" m_b="0.000000" m_c="0.000000" m_d="1.348469" m_tx="-201.471710" m_ty="-370.108368"/>
  </frame>
  <frame idx="425" w="484" h="701" x="-40.473736" y="-214.876022">
   <element name="burningman01" layername="burningman" frame="0" z_index="2" m_a="1.404167" m_b="0.000000" m_c="0.000000" m_d="1.348469" m_tx="-201.471710" m_ty="-370.108368"/>
  </frame>
  <frame idx="450" w="484" h="701" x="-40.473736" y="-214.876022">
   <element name="burningman01" layername="burningman" frame="0" z_index="2" m_a="1.404167" m_b="0.000000" m_c="0.000000" m_d="1.348469" m_tx="-201.471710" m_ty="-370.108368"/>
  </frame>
  <frame idx="475" w="484" h="701" x="-40.473736" y="-214.876022">
   <element name="burningman01" layername="burningman" frame="0" z_index="2" m_a="1.404167" m_b="0.000000" m_c="0.000000" m_d="1.348469" m_tx="-201.471710" m_ty="-370.108368"/>
  </frame>
  <frame idx="500" w="484" h="701" x="-40.473736" y="-214.876022">
   <element name="burningman01" layername="burningman" frame="0" z_index="2" m_a="1.404167" m_b="0.000000" m_c="0.000000" m_d="1.348469" m_tx="-201.471710" m_ty="-370.108368"/>
  </frame>
  <frame idx="525" w="484" h="701" x="-40.473736" y="-214.876022">
   <element name="burningman01" layername="burningman" frame="0" z_index="2" m_a="1.404167" m_b="0.000000" m_c="0.000000" m_d="1.348469" m_tx="-201.471710" m_ty="-370.108368"/>
  </frame>
  <frame idx="550" w="484" h="701" x="-40.473736" y="-214.876022">
   <element name="burningman01" layername="burningman" frame="0" z_index="2" m_a="1.404167" m_b="0.000000" m_c="0.000000" m_d="1.348469" m_tx="-201.471710" m_ty="-370.108368"/>
  </frame>
  <frame idx="575" w="484" h="701" x="-40.473736" y="-214.876022">
   <element name="burningman01" layername="burningman" frame="0" z_index="2" m_a="1.404167" m_b="0.000000" m_c="0.000000" m_d="1.348469" m_tx="-201.471710" m_ty="-370.108368"/>
  </frame>
  <frame idx="600" w="484" h="701" x="-40.473736" y="-214.876022">
   <element name="burningman01" layername="burningman" frame="0" z_index="2" m_a="1.404167" m_b="0.000000" m_c="0.000000" m_d="1.348469" m_tx="-201.471710" m_ty="-370.108368"/>
  </frame>
  <frame idx="625" w="484" h="701" x="-40.473736" y="-214.876022">
   <element name="burningman01" layername="burningman" frame="0" z_index="2" m_a="1.404167" m_b="0.000000" m_c="0.000000" m_d="1.348469" m_tx="-201.471710" m_ty="-370.108368"/>
  </frame>
  <frame idx="650" w="484" h="701" x="-40.473736" y="-214.876022">
   <element name="burningman01" layername="burningman" frame="0" z_index="2" m_a="1.404167" m_b="0.000000" m_c="0.000000" m_d="1.348469" m_tx="-201.471710" m_ty="-370.108368"/>
  </frame>
  <frame idx="675" w="484" h="701" x="-40.473736" y="-214.876022">
   <element name="burningman01" layername="burningman" frame="0" z_index="2" m_a="1.404167" m_b="0.000000" m_c="0.000000" m_d="1.348469" m_tx="-201.471710" m_ty="-370.108368"/>
  </frame>
  <frame idx="700" w="484" h="701" x="-40.473736" y="-214.876022">
   <element name="burningman01" layername="burningman" frame="0" z_index="2" m_a="1.404167" m_b="0.000000" m_c="0.000000" m_d="1.348469" m_tx="-201.471710" m_ty="-370.108368"/>
  </frame>
  <frame idx="725" w="484" h="701" x="-40.473736" y="-214.876022">
   <element name="burningman01" layername="burningman" frame="0" z_index="2" m_a="1.404167" m_b="0.000000" m_c="0.000000" m_d="1.348469" m_tx="-201.471710" m_ty="-370.108368"/>
  </frame>
  <frame idx="750" w="484" h="701" x="-40.473736" y="-214.876022">
   <element name="burningman01" layername="burningman" frame="0" z_index="2" m_a="1.404167" m_b="0.000000" m_c="0.000000" m_d="1.348469" m_tx="-201.471710" m_ty="-370.108368"/>
  </frame>
  <frame idx="775" w="484" h="701" x="-40.473736" y="-214.876022">
   <element name="burningman01" layername="burningman" frame="0" z_index="2" m_a="1.404167" m_b="0.000000" m_c="0.000000" m_d="1.348469" m_tx="-201.471710" m_ty="-370.108368"/>
  </frame>
  <frame idx="800" w="484" h="701" x="-40.473736" y="-214.876022">
   <element name="burningman01" layername="burningman" frame="0" z_index="2" m_a="1.404167" m_b="0.000000" m_c="0.000000" m_d="1.348469" m_tx="-201.471710" m_ty="-370.108368"/>
  </frame>
  <frame idx="825" w="484" h="701" x="-40.473736" y="-214.876022">
   <element name="burningman01" layername="burningman" frame="0" z_index="2" m_a="1.404167" m_b="0.000000" m_c="0.000000" m_d="1.348469" m_tx="-201.471710" m_ty="-370.108368"/>
  </frame>
  <frame idx="850" w="484" h="701" x="-40.473736" y="-214.876022">
   <element name="burningman01" layername="burningman" frame="0" z_index="2" m_a="1.404167" m_b="0.000000" m_c="0.000000" m_d="1.348469" m_tx="-201.471710" m_ty="-370.108368"/>
  </frame>
  <frame idx="875" w="484" h="701" x="-40.473736" y="-214.876022">
   <element name="burningman01" layername="burningman" frame="0" z_index="2" m_a="1.404167" m_b="0.000000" m_c="0.000000" m_d="1.348469" m_tx="-201.471710" m_ty="-370.108368"/>
  </frame>
  <frame idx="900" w="484" h="701" x="-40.473736" y="-214.876022">
   <element name="burningman01" layername="burningman" frame="0" z_index="2" m_a="1.404167" m_b="0.000000" m_c="0.000000" m_d="1.348469" m_tx="-201.471710" m_ty="-370.108368"/>
  </frame>
  <frame idx="925" w="484" h="701" x="-40.473736" y="-214.876022">
   <element name="burningman01" layername="burningman" frame="0" z_index="2" m_a="1.404167" m_b="0.000000" m_c="0.000000" m_d="1.348469" m_tx="-201.471710" m_ty="-370.108368"/>
  </frame>
  <frame idx="950" w="484" h="701" x="-40.473736" y="-214.876022">
   <element name="burningman01" layername="burningman" frame="0" z_index="2" m_a="1.404167" m_b="0.000000" m_c="0.000000" m_d="1.348469" m_tx="-201.471710" m_ty="-370.108368"/>
  </frame>
  <frame idx="975" w="484" h="701" x="-40.473736" y="-214.876022">
   <element name="burningman01" layername="burningman" frame="0" z_index="2" m_a="1.404167" m_b="0.000000" m_c="0.000000" m_d="1.348469" m_tx="-201.471710" m_ty="-370.108368"/>
  </frame>
 </anim>
 <anim name="hit" root="burningman" numframes="1000" framerate="40">
  <frame idx="0" w="484" h="701" x="-40.473736" y="-214.876022">
   <element name="burningman01" layername="burningman" frame="0" z_index="2" m_a="1.404167" m_b="0.000000" m_c="0.000000" m_d="1.348469" m_tx="-201.471710" m_ty="-370.108368"/>
  </frame>
  <frame idx="25" w="497" h="658" x="-41.531597" y="-199.368561">
   <element name="burningman01" layername="burningman" frame="0" z_index="2" m_a="1.442097" m_b="0.000000" m_c="0.000000" m_d="1.272950" m_tx="-206.972458" m_ty="-346.131195"/>
  </frame>
  <frame idx="50" w="511" h="615" x="-43.089474" y="-183.861038">
   <element name="burningman01" layername="burningman" frame="0" z_index="2" m_a="1.480026" m_b="0.000000" m_c="0.000000" m_d="1.197432" m_tx="-212.473206" m_ty="-322.153992"/>
  </frame>
  <frame idx="75" w="524" h="572" x="-44.147346" y="-168.353561">
   <element name="burningman01" layername="burningman" frame="0" z_index="2" m_a="1.517956" m_b="0.000000" m_c="0.000000" m_d="1.121913" m_tx="-217.973969" m_ty="-298.176819"/>
  </frame>
  <frame idx="100" w="537" h="528" x="-45.205208" y="-152.346039">
   <element name="burningman01" layername="burningman" frame="0" z_index="2" m_a="1.555885" m_b="0.000000" m_c="0.000000" m_d="1.046395" m_tx="-223.474701" m_ty="-274.199615"/>
  </frame>
  <frame idx="125" w="550" h="485" x="-46.263084" y="-136.838562">
   <element name="burningman01" layername="burningman" frame="0" z_index="2" m_a="1.593814" m_b="0.000000" m_c="0.000000" m_d="0.970876" m_tx="-228.975464" m_ty="-250.222443"/>
  </frame>
  <frame idx="150" w="539" h="519" x="-45.218288" y="-149.131989">
   <element name="burningman01" layername="burningman" frame="0" z_index="2" m_a="1.564458" m_b="0.000000" m_c="0.000000" m_d="1.029325" m_tx="-224.718048" m_ty="-268.780029"/>
  </frame>
  <frame idx="175" w="526" h="563" x="-44.159508" y="-164.830078">
   <element name="burningman01" layername="burningman" frame="0" z_index="2" m_a="1.525927" m_b="0.000000" m_c="0.000000" m_d="1.106043" m_tx="-219.129990" m_ty="-293.137817"/>
  </frame>
  <frame idx="200" w="513" h="606" x="-43.100708" y="-180.528152">
   <element name="burningman01" layername="burningman" frame="0" z_index="2" m_a="1.487395" m_b="0.000000" m_c="0.000000" m_d="1.182760" m_tx="-213.541916" m_ty="-317.495575"/>
  </frame>
  <frame idx="225" w="500" h="651" x="-42.041927" y="-196.726227">
   <element name="burningman01" layername="burningman" frame="0" z_index="2" m_a="1.448864" m_b="0.000000" m_c="0.000000" m_d="1.259477" m_tx="-207.953857" m_ty="-341.853333"/>
  </frame>
  <frame idx="250" w="487" h="695" x="-40.983147" y="-212.424332">
   <element name="burningman01" layername="burningman" frame="0" z_index="2" m_a="1.410332" m_b="0.000000" m_c="0.000000" m_d="1.336194" m_tx="-202.365799" m_ty="-366.211121"/>
  </frame>
  <frame idx="275" w="484" h="701" x="-40.473736" y="-214.876022">
   <element name="burningman01" layername="burningman" frame="0" z_index="2" m_a="1.404167" m_b="0.000000" m_c="0.000000" m_d="1.348469" m_tx="-201.471710" m_ty="-370.108368"/>
  </frame>
  <frame idx="300" w="484" h="701" x="-40.473736" y="-214.876022">
   <element name="burningman01" layername="burningman" frame="0" z_index="2" m_a="1.404167" m_b="0.000000" m_c="0.000000" m_d="1.348469" m_tx="-201.471710" m_ty="-370.108368"/>
  </frame>
  <frame idx="325" w="484" h="701" x="-40.473736" y="-214.876022">
   <element name="burningman01" layername="burningman" frame="0" z_index="2" m_a="1.404167" m_b="0.000000" m_c="0.000000" m_d="1.348469" m_tx="-201.471710" m_ty="-370.108368"/>
  </frame>
  <frame idx="350" w="484" h="701" x="-40.473736" y="-214.876022">
   <element name="burningman01" layername="burningman" frame="0" z_index="2" m_a="1.404167" m_b="0.000000" m_c="0.000000" m_d="1.348469" m_tx="-201.471710" m_ty="-370.108368"/>
  </frame>
  <frame idx="375" w="484" h="701" x="-40.473736" y="-214.876022">
   <element name="burningman01" layername="burningman" frame="0" z_index="2" m_a="1.404167" m_b="0.000000" m_c="0.000000" m_d="1.348469" m_tx="-201.471710" m_ty="-370.108368"/>
  </frame>
  <frame idx="400" w="484" h="701" x="-40.473736" y="-214.876022">
   <element name="burningman01" layername="burningman" frame="0" z_index="2" m_a="1.404167" m_b="0.000000" m_c="0.000000" m_d="1.348469" m_tx="-201.471710" m_ty="-370.108368"/>
  </frame>
  <frame idx="425" w="484" h="701" x="-40.473736" y="-214.876022">
   <element name="burningman01" layername="burningman" frame="0" z_index="2" m_a="1.404167" m_b="0.000000" m_c="0.000000" m_d="1.348469" m_tx="-201.471710" m_ty="-370.108368"/>
  </frame>
  <frame idx="450" w="484" h="701" x="-40.473736" y="-214.876022">
   <element name="burningman01" layername="burningman" frame="0" z_index="2" m_a="1.404167" m_b="0.000000" m_c="0.000000" m_d="1.348469" m_tx="-201.471710" m_ty="-370.108368"/>
  </frame>
  <frame idx="475" w="484" h="701" x="-40.473736" y="-214.876022">
   <element name="burningman01" layername="burningman" frame="0" z_index="2" m_a="1.404167" m_b="0.000000" m_c="0.000000" m_d="1.348469" m_tx="-201.471710" m_ty="-370.108368"/>
  </frame>
  <frame idx="500" w="484" h="701" x="-40.473736" y="-214.876022">
   <element name="burningman01" layername="burningman" frame="0" z_index="2" m_a="1.404167" m_b="0.000000" m_c="0.000000" m_d="1.348469" m_tx="-201.471710" m_ty="-370.108368"/>
  </frame>
  <frame idx="525" w="484" h="701" x="-40.473736" y="-214.876022">
   <element name="burningman01" layername="burningman" frame="0" z_index="2" m_a="1.404167" m_b="0.000000" m_c="0.000000" m_d="1.348469" m_tx="-201.471710" m_ty="-370.108368"/>
  </frame>
  <frame idx="550" w="484" h="701" x="-40.473736" y="-214.876022">
   <element name="burningman01" layername="burningman" frame="0" z_index="2" m_a="1.404167" m_b="0.000000" m_c="0.000000" m_d="1.348469" m_tx="-201.471710" m_ty="-370.108368"/>
  </frame>
  <frame idx="575" w="484" h="701" x="-40.473736" y="-214.876022">
   <element name="burningman01" layername="burningman" frame="0" z_index="2" m_a="1.404167" m_b="0.000000" m_c="0.000000" m_d="1.348469" m_tx="-201.471710" m_ty="-370.108368"/>
  </frame>
  <frame idx="600" w="484" h="701" x="-40.473736" y="-214.876022">
   <element name="burningman01" layername="burningman" frame="0" z_index="2" m_a="1.404167" m_b="0.000000" m_c="0.000000" m_d="1.348469" m_tx="-201.471710" m_ty="-370.108368"/>
  </frame>
  <frame idx="625" w="484" h="701" x="-40.473736" y="-214.876022">
   <element name="burningman01" layername="burningman" frame="0" z_index="2" m_a="1.404167" m_b="0.000000" m_c="0.000000" m_d="1.348469" m_tx="-201.471710" m_ty="-370.108368"/>
  </frame>
  <frame idx="650" w="484" h="701" x="-40.473736" y="-214.876022">
   <element name="burningman01" layername="burningman" frame="0" z_index="2" m_a="1.404167" m_b="0.000000" m_c="0.000000" m_d="1.348469" m_tx="-201.471710" m_ty="-370.108368"/>
  </frame>
  <frame idx="675" w="484" h="701" x="-40.473736" y="-214.876022">
   <element name="burningman01" layername="burningman" frame="0" z_index="2" m_a="1.404167" m_b="0.000000" m_c="0.000000" m_d="1.348469" m_tx="-201.471710" m_ty="-370.108368"/>
  </frame>
  <frame idx="700" w="484" h="701" x="-40.473736" y="-214.876022">
   <element name="burningman01" layername="burningman" frame="0" z_index="2" m_a="1.404167" m_b="0.000000" m_c="0.000000" m_d="1.348469" m_tx="-201.471710" m_ty="-370.108368"/>
  </frame>
  <frame idx="725" w="484" h="701" x="-40.473736" y="-214.876022">
   <element name="burningman01" layername="burningman" frame="0" z_index="2" m_a="1.404167" m_b="0.000000" m_c="0.000000" m_d="1.348469" m_tx="-201.471710" m_ty="-370.108368"/>
  </frame>
  <frame idx="750" w="484" h="701" x="-40.473736" y="-214.876022">
   <element name="burningman01" layername="burningman" frame="0" z_index="2" m_a="1.404167" m_b="0.000000" m_c="0.000000" m_d="1.348469" m_tx="-201.471710" m_ty="-370.108368"/>
  </frame>
  <frame idx="775" w="484" h="701" x="-40.473736" y="-214.876022">
   <element name="burningman01" layername="burningman" frame="0" z_index="2" m_a="1.404167" m_b="0.000000" m_c="0.000000" m_d="1.348469" m_tx="-201.471710" m_ty="-370.108368"/>
  </frame>
  <frame idx="800" w="484" h="701" x="-40.473736" y="-214.876022">
   <element name="burningman01" layername="burningman" frame="0" z_index="2" m_a="1.404167" m_b="0.000000" m_c="0.000000" m_d="1.348469" m_tx="-201.471710" m_ty="-370.108368"/>
  </frame>
  <frame idx="825" w="484" h="701" x="-40.473736" y="-214.876022">
   <element name="burningman01" layername="burningman" frame="0" z_index="2" m_a="1.404167" m_b="0.000000" m_c="0.000000" m_d="1.348469" m_tx="-201.471710" m_ty="-370.108368"/>
  </frame>
  <frame idx="850" w="484" h="701" x="-40.473736" y="-214.876022">
   <element name="burningman01" layername="burningman" frame="0" z_index="2" m_a="1.404167" m_b="0.000000" m_c="0.000000" m_d="1.348469" m_tx="-201.471710" m_ty="-370.108368"/>
  </frame>
  <frame idx="875" w="484" h="701" x="-40.473736" y="-214.876022">
   <element name="burningman01" layername="burningman" frame="0" z_index="2" m_a="1.404167" m_b="0.000000" m_c="0.000000" m_d="1.348469" m_tx="-201.471710" m_ty="-370.108368"/>
  </frame>
  <frame idx="900" w="484" h="701" x="-40.473736" y="-214.876022">
   <element name="burningman01" layername="burningman" frame="0" z_index="2" m_a="1.404167" m_b="0.000000" m_c="0.000000" m_d="1.348469" m_tx="-201.471710" m_ty="-370.108368"/>
  </frame>
  <frame idx="925" w="484" h="701" x="-40.473736" y="-214.876022">
   <element name="burningman01" layername="burningman" frame="0" z_index="2" m_a="1.404167" m_b="0.000000" m_c="0.000000" m_d="1.348469" m_tx="-201.471710" m_ty="-370.108368"/>
  </frame>
  <frame idx="950" w="484" h="701" x="-40.473736" y="-214.876022">
   <element name="burningman01" layername="burningman" frame="0" z_index="2" m_a="1.404167" m_b="0.000000" m_c="0.000000" m_d="1.348469" m_tx="-201.471710" m_ty="-370.108368"/>
  </frame>
  <frame idx="975" w="484" h="701" x="-40.473736" y="-214.876022">
   <element name="burningman01" layername="burningman" frame="0" z_index="2" m_a="1.404167" m_b="0.000000" m_c="0.000000" m_d="1.348469" m_tx="-201.471710" m_ty="-370.108368"/>
  </frame>
 </anim>
</Anims>
