<Anims>
 <anim name="idle" root="gearchair1" numframes="1000" framerate="40">
  <frame idx="0" w="303" h="457" x="-15.500000" y="-131.535675">
   <element name="gearchair01" layername="gearchair" frame="0" z_index="2" m_a="1.000000" m_b="0.000000" m_c="0.000000" m_d="0.958725" m_tx="-116.000000" m_ty="-231.092072"/>
  </frame>
  <frame idx="25" w="303" h="457" x="-15.500000" y="-131.535675">
   <element name="gearchair01" layername="gearchair" frame="0" z_index="2" m_a="1.000000" m_b="0.000000" m_c="0.000000" m_d="0.958725" m_tx="-116.000000" m_ty="-231.092072"/>
  </frame>
  <frame idx="50" w="303" h="457" x="-15.500000" y="-131.535675">
   <element name="gearchair01" layername="gearchair" frame="0" z_index="2" m_a="1.000000" m_b="0.000000" m_c="0.000000" m_d="0.958725" m_tx="-116.000000" m_ty="-231.092072"/>
  </frame>
  <frame idx="75" w="303" h="457" x="-15.500000" y="-131.535675">
   <element name="gearchair01" layername="gearchair" frame="0" z_index="2" m_a="1.000000" m_b="0.000000" m_c="0.000000" m_d="0.958725" m_tx="-116.000000" m_ty="-231.092072"/>
  </frame>
  <frame idx="100" w="303" h="457" x="-15.500000" y="-131.535675">
   <element name="gearchair01" layername="gearchair" frame="0" z_index="2" m_a="1.000000" m_b="0.000000" m_c="0.000000" m_d="0.958725" m_tx="-116.000000" m_ty="-231.092072"/>
  </frame>
  <frame idx="125" w="303" h="457" x="-15.500000" y="-131.535675">
   <element name="gearchair01" layername="gearchair" frame="0" z_index="2" m_a="1.000000" m_b="0.000000" m_c="0.000000" m_d="0.958725" m_tx="-116.000000" m_ty="-231.092072"/>
  </frame>
  <frame idx="150" w="303" h="457" x="-15.500000" y="-131.535675">
   <element name="gearchair01" layername="gearchair" frame="0" z_index="2" m_a="1.000000" m_b="0.000000" m_c="0.000000" m_d="0.958725" m_tx="-116.000000" m_ty="-231.092072"/>
  </frame>
  <frame idx="175" w="303" h="457" x="-15.500000" y="-131.535675">
   <element name="gearchair01" layername="gearchair" frame="0" z_index="2" m_a="1.000000" m_b="0.000000" m_c="0.000000" m_d="0.958725" m_tx="-116.000000" m_ty="-231.092072"/>
  </frame>
  <frame idx="200" w="303" h="457" x="-15.500000" y="-131.535675">
   <element name="gearchair01" layername="gearchair" frame="0" z_index="2" m_a="1.000000" m_b="0.000000" m_c="0.000000" m_d="0.958725" m_tx="-116.000000" m_ty="-231.092072"/>
  </frame>
  <frame idx="225" w="303" h="457" x="-15.500000" y="-131.535675">
   <element name="gearchair01" layername="gearchair" frame="0" z_index="2" m_a="1.000000" m_b="0.000000" m_c="0.000000" m_d="0.958725" m_tx="-116.000000" m_ty="-231.092072"/>
  </frame>
  <frame idx="250" w="303" h="457" x="-15.500000" y="-131.535675">
   <element name="gearchair01" layername="gearchair" frame="0" z_index="2" m_a="1.000000" m_b="0.000000" m_c="0.000000" m_d="0.958725" m_tx="-116.000000" m_ty="-231.092072"/>
  </frame>
  <frame idx="275" w="303" h="457" x="-15.500000" y="-131.535675">
   <element name="gearchair01" layername="gearchair" frame="0" z_index="2" m_a="1.000000" m_b="0.000000" m_c="0.000000" m_d="0.958725" m_tx="-116.000000" m_ty="-231.092072"/>
  </frame>
  <frame idx="300" w="303" h="457" x="-15.500000" y="-131.535675">
   <element name="gearchair01" layername="gearchair" frame="0" z_index="2" m_a="1.000000" m_b="0.000000" m_c="0.000000" m_d="0.958725" m_tx="-116.000000" m_ty="-231.092072"/>
  </frame>
  <frame idx="325" w="303" h="457" x="-15.500000" y="-131.535675">
   <element name="gearchair01" layername="gearchair" frame="0" z_index="2" m_a="1.000000" m_b="0.000000" m_c="0.000000" m_d="0.958725" m_tx="-116.000000" m_ty="-231.092072"/>
  </frame>
  <frame idx="350" w="303" h="457" x="-15.500000" y="-131.535675">
   <element name="gearchair01" layername="gearchair" frame="0" z_index="2" m_a="1.000000" m_b="0.000000" m_c="0.000000" m_d="0.958725" m_tx="-116.000000" m_ty="-231.092072"/>
  </frame>
  <frame idx="375" w="303" h="457" x="-15.500000" y="-131.535675">
   <element name="gearchair01" layername="gearchair" frame="0" z_index="2" m_a="1.000000" m_b="0.000000" m_c="0.000000" m_d="0.958725" m_tx="-116.000000" m_ty="-231.092072"/>
  </frame>
  <frame idx="400" w="303" h="457" x="-15.500000" y="-131.535675">
   <element name="gearchair01" layername="gearchair" frame="0" z_index="2" m_a="1.000000" m_b="0.000000" m_c="0.000000" m_d="0.958725" m_tx="-116.000000" m_ty="-231.092072"/>
  </frame>
  <frame idx="425" w="303" h="457" x="-15.500000" y="-131.535675">
   <element name="gearchair01" layername="gearchair" frame="0" z_index="2" m_a="1.000000" m_b="0.000000" m_c="0.000000" m_d="0.958725" m_tx="-116.000000" m_ty="-231.092072"/>
  </frame>
  <frame idx="450" w="303" h="457" x="-15.500000" y="-131.535675">
   <element name="gearchair01" layername="gearchair" frame="0" z_index="2" m_a="1.000000" m_b="0.000000" m_c="0.000000" m_d="0.958725" m_tx="-116.000000" m_ty="-231.092072"/>
  </frame>
  <frame idx="475" w="303" h="457" x="-15.500000" y="-131.535675">
   <element name="gearchair01" layername="gearchair" frame="0" z_index="2" m_a="1.000000" m_b="0.000000" m_c="0.000000" m_d="0.958725" m_tx="-116.000000" m_ty="-231.092072"/>
  </frame>
  <frame idx="500" w="303" h="457" x="-15.500000" y="-131.535675">
   <element name="gearchair01" layername="gearchair" frame="0" z_index="2" m_a="1.000000" m_b="0.000000" m_c="0.000000" m_d="0.958725" m_tx="-116.000000" m_ty="-231.092072"/>
  </frame>
  <frame idx="525" w="303" h="457" x="-15.500000" y="-131.535675">
   <element name="gearchair01" layername="gearchair" frame="0" z_index="2" m_a="1.000000" m_b="0.000000" m_c="0.000000" m_d="0.958725" m_tx="-116.000000" m_ty="-231.092072"/>
  </frame>
  <frame idx="550" w="303" h="457" x="-15.500000" y="-131.535675">
   <element name="gearchair01" layername="gearchair" frame="0" z_index="2" m_a="1.000000" m_b="0.000000" m_c="0.000000" m_d="0.958725" m_tx="-116.000000" m_ty="-231.092072"/>
  </frame>
  <frame idx="575" w="303" h="457" x="-15.500000" y="-131.535675">
   <element name="gearchair01" layername="gearchair" frame="0" z_index="2" m_a="1.000000" m_b="0.000000" m_c="0.000000" m_d="0.958725" m_tx="-116.000000" m_ty="-231.092072"/>
  </frame>
  <frame idx="600" w="303" h="457" x="-15.500000" y="-131.535675">
   <element name="gearchair01" layername="gearchair" frame="0" z_index="2" m_a="1.000000" m_b="0.000000" m_c="0.000000" m_d="0.958725" m_tx="-116.000000" m_ty="-231.092072"/>
  </frame>
  <frame idx="625" w="303" h="457" x="-15.500000" y="-131.535675">
   <element name="gearchair01" layername="gearchair" frame="0" z_index="2" m_a="1.000000" m_b="0.000000" m_c="0.000000" m_d="0.958725" m_tx="-116.000000" m_ty="-231.092072"/>
  </frame>
  <frame idx="650" w="303" h="457" x="-15.500000" y="-131.535675">
   <element name="gearchair01" layername="gearchair" frame="0" z_index="2" m_a="1.000000" m_b="0.000000" m_c="0.000000" m_d="0.958725" m_tx="-116.000000" m_ty="-231.092072"/>
  </frame>
  <frame idx="675" w="303" h="457" x="-15.500000" y="-131.535675">
   <element name="gearchair01" layername="gearchair" frame="0" z_index="2" m_a="1.000000" m_b="0.000000" m_c="0.000000" m_d="0.958725" m_tx="-116.000000" m_ty="-231.092072"/>
  </frame>
  <frame idx="700" w="303" h="457" x="-15.500000" y="-131.535675">
   <element name="gearchair01" layername="gearchair" frame="0" z_index="2" m_a="1.000000" m_b="0.000000" m_c="0.000000" m_d="0.958725" m_tx="-116.000000" m_ty="-231.092072"/>
  </frame>
  <frame idx="725" w="303" h="457" x="-15.500000" y="-131.535675">
   <element name="gearchair01" layername="gearchair" frame="0" z_index="2" m_a="1.000000" m_b="0.000000" m_c="0.000000" m_d="0.958725" m_tx="-116.000000" m_ty="-231.092072"/>
  </frame>
  <frame idx="750" w="303" h="457" x="-15.500000" y="-131.535675">
   <element name="gearchair01" layername="gearchair" frame="0" z_index="2" m_a="1.000000" m_b="0.000000" m_c="0.000000" m_d="0.958725" m_tx="-116.000000" m_ty="-231.092072"/>
  </frame>
  <frame idx="775" w="303" h="457" x="-15.500000" y="-131.535675">
   <element name="gearchair01" layername="gearchair" frame="0" z_index="2" m_a="1.000000" m_b="0.000000" m_c="0.000000" m_d="0.958725" m_tx="-116.000000" m_ty="-231.092072"/>
  </frame>
  <frame idx="800" w="303" h="457" x="-15.500000" y="-131.535675">
   <element name="gearchair01" layername="gearchair" frame="0" z_index="2" m_a="1.000000" m_b="0.000000" m_c="0.000000" m_d="0.958725" m_tx="-116.000000" m_ty="-231.092072"/>
  </frame>
  <frame idx="825" w="303" h="457" x="-15.500000" y="-131.535675">
   <element name="gearchair01" layername="gearchair" frame="0" z_index="2" m_a="1.000000" m_b="0.000000" m_c="0.000000" m_d="0.958725" m_tx="-116.000000" m_ty="-231.092072"/>
  </frame>
  <frame idx="850" w="303" h="457" x="-15.500000" y="-131.535675">
   <element name="gearchair01" layername="gearchair" frame="0" z_index="2" m_a="1.000000" m_b="0.000000" m_c="0.000000" m_d="0.958725" m_tx="-116.000000" m_ty="-231.092072"/>
  </frame>
  <frame idx="875" w="303" h="457" x="-15.500000" y="-131.535675">
   <element name="gearchair01" layername="gearchair" frame="0" z_index="2" m_a="1.000000" m_b="0.000000" m_c="0.000000" m_d="0.958725" m_tx="-116.000000" m_ty="-231.092072"/>
  </frame>
  <frame idx="900" w="303" h="457" x="-15.500000" y="-131.535675">
   <element name="gearchair01" layername="gearchair" frame="0" z_index="2" m_a="1.000000" m_b="0.000000" m_c="0.000000" m_d="0.958725" m_tx="-116.000000" m_ty="-231.092072"/>
  </frame>
  <frame idx="925" w="303" h="457" x="-15.500000" y="-131.535675">
   <element name="gearchair01" layername="gearchair" frame="0" z_index="2" m_a="1.000000" m_b="0.000000" m_c="0.000000" m_d="0.958725" m_tx="-116.000000" m_ty="-231.092072"/>
  </frame>
  <frame idx="950" w="303" h="457" x="-15.500000" y="-131.535675">
   <element name="gearchair01" layername="gearchair" frame="0" z_index="2" m_a="1.000000" m_b="0.000000" m_c="0.000000" m_d="0.958725" m_tx="-116.000000" m_ty="-231.092072"/>
  </frame>
  <frame idx="975" w="303" h="457" x="-15.500000" y="-131.535675">
   <element name="gearchair01" layername="gearchair" frame="0" z_index="2" m_a="1.000000" m_b="0.000000" m_c="0.000000" m_d="0.958725" m_tx="-116.000000" m_ty="-231.092072"/>
  </frame>
 </anim>
 <anim name="hit" root="gearchair1" numframes="1000" framerate="40">
  <frame idx="0" w="303" h="457" x="-15.500000" y="-131.535675">
   <element name="gearchair01" layername="gearchair" frame="0" z_index="2" m_a="1.000000" m_b="0.000000" m_c="0.000000" m_d="0.958725" m_tx="-116.000000" m_ty="-231.092072"/>
  </frame>
  <frame idx="25" w="320" h="409" x="-17.219437" y="-114.514519">
   <element name="gearchair01" layername="gearchair" frame="0" z_index="2" m_a="1.054275" m_b="0.000000" m_c="0.000000" m_d="0.868613" m_tx="-123.058121" m_ty="-205.094772"/>
  </frame>
  <frame idx="50" w="336" h="362" x="-18.438873" y="-97.493362">
   <element name="gearchair01" layername="gearchair" frame="0" z_index="2" m_a="1.108551" m_b="0.000000" m_c="0.000000" m_d="0.778501" m_tx="-130.116241" m_ty="-179.097473"/>
  </frame>
  <frame idx="75" w="353" h="315" x="-20.158293" y="-80.472198">
   <element name="gearchair01" layername="gearchair" frame="0" z_index="2" m_a="1.162826" m_b="0.000000" m_c="0.000000" m_d="0.688389" m_tx="-137.174347" m_ty="-153.100174"/>
  </frame>
  <frame idx="100" w="360" h="294" x="-20.755497" y="-72.704109">
   <element name="gearchair01" layername="gearchair" frame="0" z_index="2" m_a="1.186869" m_b="0.000000" m_c="0.000000" m_d="0.648471" m_tx="-140.300949" m_ty="-141.583923"/>
  </frame>
  <frame idx="125" w="344" h="340" x="-19.538406" y="-89.586746">
   <element name="gearchair01" layername="gearchair" frame="0" z_index="2" m_a="1.133171" m_b="0.000000" m_c="0.000000" m_d="0.737624" m_tx="-133.317917" m_ty="-167.304657"/>
  </frame>
  <frame idx="150" w="328" h="387" x="-17.821301" y="-106.469376">
   <element name="gearchair01" layername="gearchair" frame="0" z_index="2" m_a="1.079473" m_b="0.000000" m_c="0.000000" m_d="0.826778" m_tx="-126.334885" m_ty="-193.025391"/>
  </frame>
  <frame idx="175" w="311" h="434" x="-16.104208" y="-123.352013">
   <element name="gearchair01" layername="gearchair" frame="0" z_index="2" m_a="1.025775" m_b="0.000000" m_c="0.000000" m_d="0.915931" m_tx="-119.351852" m_ty="-218.746124"/>
  </frame>
  <frame idx="200" w="303" h="457" x="-15.500000" y="-131.535675">
   <element name="gearchair01" layername="gearchair" frame="0" z_index="2" m_a="1.000000" m_b="0.000000" m_c="0.000000" m_d="0.958725" m_tx="-116.000000" m_ty="-231.092072"/>
  </frame>
  <frame idx="225" w="303" h="457" x="-15.500000" y="-131.535675">
   <element name="gearchair01" layername="gearchair" frame="0" z_index="2" m_a="1.000000" m_b="0.000000" m_c="0.000000" m_d="0.958725" m_tx="-116.000000" m_ty="-231.092072"/>
  </frame>
  <frame idx="250" w="303" h="457" x="-15.500000" y="-131.535675">
   <element name="gearchair01" layername="gearchair" frame="0" z_index="2" m_a="1.000000" m_b="0.000000" m_c="0.000000" m_d="0.958725" m_tx="-116.000000" m_ty="-231.092072"/>
  </frame>
  <frame idx="275" w="303" h="457" x="-15.500000" y="-131.535675">
   <element name="gearchair01" layername="gearchair" frame="0" z_index="2" m_a="1.000000" m_b="0.000000" m_c="0.000000" m_d="0.958725" m_tx="-116.000000" m_ty="-231.092072"/>
  </frame>
  <frame idx="300" w="303" h="457" x="-15.500000" y="-131.535675">
   <element name="gearchair01" layername="gearchair" frame="0" z_index="2" m_a="1.000000" m_b="0.000000" m_c="0.000000" m_d="0.958725" m_tx="-116.000000" m_ty="-231.092072"/>
  </frame>
  <frame idx="325" w="303" h="457" x="-15.500000" y="-131.535675">
   <element name="gearchair01" layername="gearchair" frame="0" z_index="2" m_a="1.000000" m_b="0.000000" m_c="0.000000" m_d="0.958725" m_tx="-116.000000" m_ty="-231.092072"/>
  </frame>
  <frame idx="350" w="303" h="457" x="-15.500000" y="-131.535675">
   <element name="gearchair01" layername="gearchair" frame="0" z_index="2" m_a="1.000000" m_b="0.000000" m_c="0.000000" m_d="0.958725" m_tx="-116.000000" m_ty="-231.092072"/>
  </frame>
  <frame idx="375" w="303" h="457" x="-15.500000" y="-131.535675">
   <element name="gearchair01" layername="gearchair" frame="0" z_index="2" m_a="1.000000" m_b="0.000000" m_c="0.000000" m_d="0.958725" m_tx="-116.000000" m_ty="-231.092072"/>
  </frame>
  <frame idx="400" w="303" h="457" x="-15.500000" y="-131.535675">
   <element name="gearchair01" layername="gearchair" frame="0" z_index="2" m_a="1.000000" m_b="0.000000" m_c="0.000000" m_d="0.958725" m_tx="-116.000000" m_ty="-231.092072"/>
  </frame>
  <frame idx="425" w="303" h="457" x="-15.500000" y="-131.535675">
   <element name="gearchair01" layername="gearchair" frame="0" z_index="2" m_a="1.000000" m_b="0.000000" m_c="0.000000" m_d="0.958725" m_tx="-116.000000" m_ty="-231.092072"/>
  </frame>
  <frame idx="450" w="303" h="457" x="-15.500000" y="-131.535675">
   <element name="gearchair01" layername="gearchair" frame="0" z_index="2" m_a="1.000000" m_b="0.000000" m_c="0.000000" m_d="0.958725" m_tx="-116.000000" m_ty="-231.092072"/>
  </frame>
  <frame idx="475" w="303" h="457" x="-15.500000" y="-131.535675">
   <element name="gearchair01" layername="gearchair" frame="0" z_index="2" m_a="1.000000" m_b="0.000000" m_c="0.000000" m_d="0.958725" m_tx="-116.000000" m_ty="-231.092072"/>
  </frame>
  <frame idx="500" w="303" h="457" x="-15.500000" y="-131.535675">
   <element name="gearchair01" layername="gearchair" frame="0" z_index="2" m_a="1.000000" m_b="0.000000" m_c="0.000000" m_d="0.958725" m_tx="-116.000000" m_ty="-231.092072"/>
  </frame>
  <frame idx="525" w="303" h="457" x="-15.500000" y="-131.535675">
   <element name="gearchair01" layername="gearchair" frame="0" z_index="2" m_a="1.000000" m_b="0.000000" m_c="0.000000" m_d="0.958725" m_tx="-116.000000" m_ty="-231.092072"/>
  </frame>
  <frame idx="550" w="303" h="457" x="-15.500000" y="-131.535675">
   <element name="gearchair01" layername="gearchair" frame="0" z_index="2" m_a="1.000000" m_b="0.000000" m_c="0.000000" m_d="0.958725" m_tx="-116.000000" m_ty="-231.092072"/>
  </frame>
  <frame idx="575" w="303" h="457" x="-15.500000" y="-131.535675">
   <element name="gearchair01" layername="gearchair" frame="0" z_index="2" m_a="1.000000" m_b="0.000000" m_c="0.000000" m_d="0.958725" m_tx="-116.000000" m_ty="-231.092072"/>
  </frame>
  <frame idx="600" w="303" h="457" x="-15.500000" y="-131.535675">
   <element name="gearchair01" layername="gearchair" frame="0" z_index="2" m_a="1.000000" m_b="0.000000" m_c="0.000000" m_d="0.958725" m_tx="-116.000000" m_ty="-231.092072"/>
  </frame>
  <frame idx="625" w="303" h="457" x="-15.500000" y="-131.535675">
   <element name="gearchair01" layername="gearchair" frame="0" z_index="2" m_a="1.000000" m_b="0.000000" m_c="0.000000" m_d="0.958725" m_tx="-116.000000" m_ty="-231.092072"/>
  </frame>
  <frame idx="650" w="303" h="457" x="-15.500000" y="-131.535675">
   <element name="gearchair01" layername="gearchair" frame="0" z_index="2" m_a="1.000000" m_b="0.000000" m_c="0.000000" m_d="0.958725" m_tx="-116.000000" m_ty="-231.092072"/>
  </frame>
  <frame idx="675" w="303" h="457" x="-15.500000" y="-131.535675">
   <element name="gearchair01" layername="gearchair" frame="0" z_index="2" m_a="1.000000" m_b="0.000000" m_c="0.000000" m_d="0.958725" m_tx="-116.000000" m_ty="-231.092072"/>
  </frame>
  <frame idx="700" w="303" h="457" x="-15.500000" y="-131.535675">
   <element name="gearchair01" layername="gearchair" frame="0" z_index="2" m_a="1.000000" m_b="0.000000" m_c="0.000000" m_d="0.958725" m_tx="-116.000000" m_ty="-231.092072"/>
  </frame>
  <frame idx="725" w="303" h="457" x="-15.500000" y="-131.535675">
   <element name="gearchair01" layername="gearchair" frame="0" z_index="2" m_a="1.000000" m_b="0.000000" m_c="0.000000" m_d="0.958725" m_tx="-116.000000" m_ty="-231.092072"/>
  </frame>
  <frame idx="750" w="303" h="457" x="-15.500000" y="-131.535675">
   <element name="gearchair01" layername="gearchair" frame="0" z_index="2" m_a="1.000000" m_b="0.000000" m_c="0.000000" m_d="0.958725" m_tx="-116.000000" m_ty="-231.092072"/>
  </frame>
  <frame idx="775" w="303" h="457" x="-15.500000" y="-131.535675">
   <element name="gearchair01" layername="gearchair" frame="0" z_index="2" m_a="1.000000" m_b="0.000000" m_c="0.000000" m_d="0.958725" m_tx="-116.000000" m_ty="-231.092072"/>
  </frame>
  <frame idx="800" w="303" h="457" x="-15.500000" y="-131.535675">
   <element name="gearchair01" layername="gearchair" frame="0" z_index="2" m_a="1.000000" m_b="0.000000" m_c="0.000000" m_d="0.958725" m_tx="-116.000000" m_ty="-231.092072"/>
  </frame>
  <frame idx="825" w="303" h="457" x="-15.500000" y="-131.535675">
   <element name="gearchair01" layername="gearchair" frame="0" z_index="2" m_a="1.000000" m_b="0.000000" m_c="0.000000" m_d="0.958725" m_tx="-116.000000" m_ty="-231.092072"/>
  </frame>
  <frame idx="850" w="303" h="457" x="-15.500000" y="-131.535675">
   <element name="gearchair01" layername="gearchair" frame="0" z_index="2" m_a="1.000000" m_b="0.000000" m_c="0.000000" m_d="0.958725" m_tx="-116.000000" m_ty="-231.092072"/>
  </frame>
  <frame idx="875" w="303" h="457" x="-15.500000" y="-131.535675">
   <element name="gearchair01" layername="gearchair" frame="0" z_index="2" m_a="1.000000" m_b="0.000000" m_c="0.000000" m_d="0.958725" m_tx="-116.000000" m_ty="-231.092072"/>
  </frame>
  <frame idx="900" w="303" h="457" x="-15.500000" y="-131.535675">
   <element name="gearchair01" layername="gearchair" frame="0" z_index="2" m_a="1.000000" m_b="0.000000" m_c="0.000000" m_d="0.958725" m_tx="-116.000000" m_ty="-231.092072"/>
  </frame>
  <frame idx="925" w="303" h="457" x="-15.500000" y="-131.535675">
   <element name="gearchair01" layername="gearchair" frame="0" z_index="2" m_a="1.000000" m_b="0.000000" m_c="0.000000" m_d="0.958725" m_tx="-116.000000" m_ty="-231.092072"/>
  </frame>
  <frame idx="950" w="303" h="457" x="-15.500000" y="-131.535675">
   <element name="gearchair01" layername="gearchair" frame="0" z_index="2" m_a="1.000000" m_b="0.000000" m_c="0.000000" m_d="0.958725" m_tx="-116.000000" m_ty="-231.092072"/>
  </frame>
  <frame idx="975" w="303" h="457" x="-15.500000" y="-131.535675">
   <element name="gearchair01" layername="gearchair" frame="0" z_index="2" m_a="1.000000" m_b="0.000000" m_c="0.000000" m_d="0.958725" m_tx="-116.000000" m_ty="-231.092072"/>
  </frame>
 </anim>
</Anims>
