<Anims>
 <anim name="idle" root="girlychair2" numframes="1000" framerate="40">
  <frame idx="0" w="304" h="494" x="4.008774" y="-134.342102">
   <element name="girlychair02" layername="girlychair" frame="0" z_index="2" m_a="1.000000" m_b="0.000000" m_c="0.000000" m_d="1.000000" m_tx="-96.491226" m_ty="-236.842102"/>
  </frame>
  <frame idx="25" w="304" h="494" x="4.008774" y="-134.342102">
   <element name="girlychair02" layername="girlychair" frame="0" z_index="2" m_a="1.000000" m_b="0.000000" m_c="0.000000" m_d="1.000000" m_tx="-96.491226" m_ty="-236.842102"/>
  </frame>
  <frame idx="50" w="304" h="494" x="4.008774" y="-134.342102">
   <element name="girlychair02" layername="girlychair" frame="0" z_index="2" m_a="1.000000" m_b="0.000000" m_c="0.000000" m_d="1.000000" m_tx="-96.491226" m_ty="-236.842102"/>
  </frame>
  <frame idx="75" w="304" h="494" x="4.008774" y="-134.342102">
   <element name="girlychair02" layername="girlychair" frame="0" z_index="2" m_a="1.000000" m_b="0.000000" m_c="0.000000" m_d="1.000000" m_tx="-96.491226" m_ty="-236.842102"/>
  </frame>
  <frame idx="100" w="304" h="494" x="4.008774" y="-134.342102">
   <element name="girlychair02" layername="girlychair" frame="0" z_index="2" m_a="1.000000" m_b="0.000000" m_c="0.000000" m_d="1.000000" m_tx="-96.491226" m_ty="-236.842102"/>
  </frame>
  <frame idx="125" w="304" h="494" x="4.008774" y="-134.342102">
   <element name="girlychair02" layername="girlychair" frame="0" z_index="2" m_a="1.000000" m_b="0.000000" m_c="0.000000" m_d="1.000000" m_tx="-96.491226" m_ty="-236.842102"/>
  </frame>
  <frame idx="150" w="304" h="494" x="4.008774" y="-134.342102">
   <element name="girlychair02" layername="girlychair" frame="0" z_index="2" m_a="1.000000" m_b="0.000000" m_c="0.000000" m_d="1.000000" m_tx="-96.491226" m_ty="-236.842102"/>
  </frame>
  <frame idx="175" w="304" h="494" x="4.008774" y="-134.342102">
   <element name="girlychair02" layername="girlychair" frame="0" z_index="2" m_a="1.000000" m_b="0.000000" m_c="0.000000" m_d="1.000000" m_tx="-96.491226" m_ty="-236.842102"/>
  </frame>
  <frame idx="200" w="304" h="494" x="4.008774" y="-134.342102">
   <element name="girlychair02" layername="girlychair" frame="0" z_index="2" m_a="1.000000" m_b="0.000000" m_c="0.000000" m_d="1.000000" m_tx="-96.491226" m_ty="-236.842102"/>
  </frame>
  <frame idx="225" w="304" h="494" x="4.008774" y="-134.342102">
   <element name="girlychair02" layername="girlychair" frame="0" z_index="2" m_a="1.000000" m_b="0.000000" m_c="0.000000" m_d="1.000000" m_tx="-96.491226" m_ty="-236.842102"/>
  </frame>
  <frame idx="250" w="304" h="494" x="4.008774" y="-134.342102">
   <element name="girlychair02" layername="girlychair" frame="0" z_index="2" m_a="1.000000" m_b="0.000000" m_c="0.000000" m_d="1.000000" m_tx="-96.491226" m_ty="-236.842102"/>
  </frame>
  <frame idx="275" w="304" h="494" x="4.008774" y="-134.342102">
   <element name="girlychair02" layername="girlychair" frame="0" z_index="2" m_a="1.000000" m_b="0.000000" m_c="0.000000" m_d="1.000000" m_tx="-96.491226" m_ty="-236.842102"/>
  </frame>
  <frame idx="300" w="304" h="494" x="4.008774" y="-134.342102">
   <element name="girlychair02" layername="girlychair" frame="0" z_index="2" m_a="1.000000" m_b="0.000000" m_c="0.000000" m_d="1.000000" m_tx="-96.491226" m_ty="-236.842102"/>
  </frame>
  <frame idx="325" w="304" h="494" x="4.008774" y="-134.342102">
   <element name="girlychair02" layername="girlychair" frame="0" z_index="2" m_a="1.000000" m_b="0.000000" m_c="0.000000" m_d="1.000000" m_tx="-96.491226" m_ty="-236.842102"/>
  </frame>
  <frame idx="350" w="304" h="494" x="4.008774" y="-134.342102">
   <element name="girlychair02" layername="girlychair" frame="0" z_index="2" m_a="1.000000" m_b="0.000000" m_c="0.000000" m_d="1.000000" m_tx="-96.491226" m_ty="-236.842102"/>
  </frame>
  <frame idx="375" w="304" h="494" x="4.008774" y="-134.342102">
   <element name="girlychair02" layername="girlychair" frame="0" z_index="2" m_a="1.000000" m_b="0.000000" m_c="0.000000" m_d="1.000000" m_tx="-96.491226" m_ty="-236.842102"/>
  </frame>
  <frame idx="400" w="304" h="494" x="4.008774" y="-134.342102">
   <element name="girlychair02" layername="girlychair" frame="0" z_index="2" m_a="1.000000" m_b="0.000000" m_c="0.000000" m_d="1.000000" m_tx="-96.491226" m_ty="-236.842102"/>
  </frame>
  <frame idx="425" w="304" h="494" x="4.008774" y="-134.342102">
   <element name="girlychair02" layername="girlychair" frame="0" z_index="2" m_a="1.000000" m_b="0.000000" m_c="0.000000" m_d="1.000000" m_tx="-96.491226" m_ty="-236.842102"/>
  </frame>
  <frame idx="450" w="304" h="494" x="4.008774" y="-134.342102">
   <element name="girlychair02" layername="girlychair" frame="0" z_index="2" m_a="1.000000" m_b="0.000000" m_c="0.000000" m_d="1.000000" m_tx="-96.491226" m_ty="-236.842102"/>
  </frame>
  <frame idx="475" w="304" h="494" x="4.008774" y="-134.342102">
   <element name="girlychair02" layername="girlychair" frame="0" z_index="2" m_a="1.000000" m_b="0.000000" m_c="0.000000" m_d="1.000000" m_tx="-96.491226" m_ty="-236.842102"/>
  </frame>
  <frame idx="500" w="304" h="494" x="4.008774" y="-134.342102">
   <element name="girlychair02" layername="girlychair" frame="0" z_index="2" m_a="1.000000" m_b="0.000000" m_c="0.000000" m_d="1.000000" m_tx="-96.491226" m_ty="-236.842102"/>
  </frame>
  <frame idx="525" w="304" h="494" x="4.008774" y="-134.342102">
   <element name="girlychair02" layername="girlychair" frame="0" z_index="2" m_a="1.000000" m_b="0.000000" m_c="0.000000" m_d="1.000000" m_tx="-96.491226" m_ty="-236.842102"/>
  </frame>
  <frame idx="550" w="304" h="494" x="4.008774" y="-134.342102">
   <element name="girlychair02" layername="girlychair" frame="0" z_index="2" m_a="1.000000" m_b="0.000000" m_c="0.000000" m_d="1.000000" m_tx="-96.491226" m_ty="-236.842102"/>
  </frame>
  <frame idx="575" w="304" h="494" x="4.008774" y="-134.342102">
   <element name="girlychair02" layername="girlychair" frame="0" z_index="2" m_a="1.000000" m_b="0.000000" m_c="0.000000" m_d="1.000000" m_tx="-96.491226" m_ty="-236.842102"/>
  </frame>
  <frame idx="600" w="304" h="494" x="4.008774" y="-134.342102">
   <element name="girlychair02" layername="girlychair" frame="0" z_index="2" m_a="1.000000" m_b="0.000000" m_c="0.000000" m_d="1.000000" m_tx="-96.491226" m_ty="-236.842102"/>
  </frame>
  <frame idx="625" w="304" h="494" x="4.008774" y="-134.342102">
   <element name="girlychair02" layername="girlychair" frame="0" z_index="2" m_a="1.000000" m_b="0.000000" m_c="0.000000" m_d="1.000000" m_tx="-96.491226" m_ty="-236.842102"/>
  </frame>
  <frame idx="650" w="304" h="494" x="4.008774" y="-134.342102">
   <element name="girlychair02" layername="girlychair" frame="0" z_index="2" m_a="1.000000" m_b="0.000000" m_c="0.000000" m_d="1.000000" m_tx="-96.491226" m_ty="-236.842102"/>
  </frame>
  <frame idx="675" w="304" h="494" x="4.008774" y="-134.342102">
   <element name="girlychair02" layername="girlychair" frame="0" z_index="2" m_a="1.000000" m_b="0.000000" m_c="0.000000" m_d="1.000000" m_tx="-96.491226" m_ty="-236.842102"/>
  </frame>
  <frame idx="700" w="304" h="494" x="4.008774" y="-134.342102">
   <element name="girlychair02" layername="girlychair" frame="0" z_index="2" m_a="1.000000" m_b="0.000000" m_c="0.000000" m_d="1.000000" m_tx="-96.491226" m_ty="-236.842102"/>
  </frame>
  <frame idx="725" w="304" h="494" x="4.008774" y="-134.342102">
   <element name="girlychair02" layername="girlychair" frame="0" z_index="2" m_a="1.000000" m_b="0.000000" m_c="0.000000" m_d="1.000000" m_tx="-96.491226" m_ty="-236.842102"/>
  </frame>
  <frame idx="750" w="304" h="494" x="4.008774" y="-134.342102">
   <element name="girlychair02" layername="girlychair" frame="0" z_index="2" m_a="1.000000" m_b="0.000000" m_c="0.000000" m_d="1.000000" m_tx="-96.491226" m_ty="-236.842102"/>
  </frame>
  <frame idx="775" w="304" h="494" x="4.008774" y="-134.342102">
   <element name="girlychair02" layername="girlychair" frame="0" z_index="2" m_a="1.000000" m_b="0.000000" m_c="0.000000" m_d="1.000000" m_tx="-96.491226" m_ty="-236.842102"/>
  </frame>
  <frame idx="800" w="304" h="494" x="4.008774" y="-134.342102">
   <element name="girlychair02" layername="girlychair" frame="0" z_index="2" m_a="1.000000" m_b="0.000000" m_c="0.000000" m_d="1.000000" m_tx="-96.491226" m_ty="-236.842102"/>
  </frame>
  <frame idx="825" w="304" h="494" x="4.008774" y="-134.342102">
   <element name="girlychair02" layername="girlychair" frame="0" z_index="2" m_a="1.000000" m_b="0.000000" m_c="0.000000" m_d="1.000000" m_tx="-96.491226" m_ty="-236.842102"/>
  </frame>
  <frame idx="850" w="304" h="494" x="4.008774" y="-134.342102">
   <element name="girlychair02" layername="girlychair" frame="0" z_index="2" m_a="1.000000" m_b="0.000000" m_c="0.000000" m_d="1.000000" m_tx="-96.491226" m_ty="-236.842102"/>
  </frame>
  <frame idx="875" w="304" h="494" x="4.008774" y="-134.342102">
   <element name="girlychair02" layername="girlychair" frame="0" z_index="2" m_a="1.000000" m_b="0.000000" m_c="0.000000" m_d="1.000000" m_tx="-96.491226" m_ty="-236.842102"/>
  </frame>
  <frame idx="900" w="304" h="494" x="4.008774" y="-134.342102">
   <element name="girlychair02" layername="girlychair" frame="0" z_index="2" m_a="1.000000" m_b="0.000000" m_c="0.000000" m_d="1.000000" m_tx="-96.491226" m_ty="-236.842102"/>
  </frame>
  <frame idx="925" w="304" h="494" x="4.008774" y="-134.342102">
   <element name="girlychair02" layername="girlychair" frame="0" z_index="2" m_a="1.000000" m_b="0.000000" m_c="0.000000" m_d="1.000000" m_tx="-96.491226" m_ty="-236.842102"/>
  </frame>
  <frame idx="950" w="304" h="494" x="4.008774" y="-134.342102">
   <element name="girlychair02" layername="girlychair" frame="0" z_index="2" m_a="1.000000" m_b="0.000000" m_c="0.000000" m_d="1.000000" m_tx="-96.491226" m_ty="-236.842102"/>
  </frame>
  <frame idx="975" w="304" h="494" x="4.008774" y="-134.342102">
   <element name="girlychair02" layername="girlychair" frame="0" z_index="2" m_a="1.000000" m_b="0.000000" m_c="0.000000" m_d="1.000000" m_tx="-96.491226" m_ty="-236.842102"/>
  </frame>
 </anim>
 <anim name="hit" root="girlychair2" numframes="1000" framerate="40">
  <frame idx="0" w="304" h="494" x="4.008774" y="-134.342102">
   <element name="girlychair02" layername="girlychair" frame="0" z_index="2" m_a="1.000000" m_b="0.000000" m_c="0.000000" m_d="1.000000" m_tx="-96.491226" m_ty="-236.842102"/>
  </frame>
  <frame idx="25" w="317" h="434" x="1.295650" y="-113.272713">
   <element name="girlychair02" layername="girlychair" frame="0" z_index="2" m_a="1.046480" m_b="0.000000" m_c="0.000000" m_d="0.888793" m_tx="-104.060867" m_ty="-204.758896"/>
  </frame>
  <frame idx="50" w="332" h="374" x="-1.917473" y="-92.203339">
   <element name="girlychair02" layername="girlychair" frame="0" z_index="2" m_a="1.092961" m_b="0.000000" m_c="0.000000" m_d="0.777586" m_tx="-111.630508" m_ty="-172.675705"/>
  </frame>
  <frame idx="75" w="346" h="314" x="-4.630596" y="-71.133942">
   <element name="girlychair02" layername="girlychair" frame="0" z_index="2" m_a="1.139441" m_b="0.000000" m_c="0.000000" m_d="0.666379" m_tx="-119.200150" m_ty="-140.592499"/>
  </frame>
  <frame idx="100" w="342" h="327" x="-3.763203" y="-75.580154">
   <element name="girlychair02" layername="girlychair" frame="0" z_index="2" m_a="1.129473" m_b="0.000000" m_c="0.000000" m_d="0.690228" m_tx="-117.576782" m_ty="-147.472992"/>
  </frame>
  <frame idx="125" w="328" h="388" x="-1.008793" y="-97.036751">
   <element name="girlychair02" layername="girlychair" frame="0" z_index="2" m_a="1.081873" m_b="0.000000" m_c="0.000000" m_d="0.804115" m_tx="-109.824738" m_ty="-180.329285"/>
  </frame>
  <frame idx="150" w="314" h="449" x="1.745604" y="-118.493355">
   <element name="girlychair02" layername="girlychair" frame="0" z_index="2" m_a="1.034272" m_b="0.000000" m_c="0.000000" m_d="0.918002" m_tx="-102.072693" m_ty="-213.185577"/>
  </frame>
  <frame idx="175" w="304" h="494" x="4.008774" y="-134.342102">
   <element name="girlychair02" layername="girlychair" frame="0" z_index="2" m_a="1.000000" m_b="0.000000" m_c="0.000000" m_d="1.000000" m_tx="-96.491226" m_ty="-236.842102"/>
  </frame>
  <frame idx="200" w="304" h="494" x="4.008774" y="-134.342102">
   <element name="girlychair02" layername="girlychair" frame="0" z_index="2" m_a="1.000000" m_b="0.000000" m_c="0.000000" m_d="1.000000" m_tx="-96.491226" m_ty="-236.842102"/>
  </frame>
  <frame idx="225" w="304" h="494" x="4.008774" y="-134.342102">
   <element name="girlychair02" layername="girlychair" frame="0" z_index="2" m_a="1.000000" m_b="0.000000" m_c="0.000000" m_d="1.000000" m_tx="-96.491226" m_ty="-236.842102"/>
  </frame>
  <frame idx="250" w="304" h="494" x="4.008774" y="-134.342102">
   <element name="girlychair02" layername="girlychair" frame="0" z_index="2" m_a="1.000000" m_b="0.000000" m_c="0.000000" m_d="1.000000" m_tx="-96.491226" m_ty="-236.842102"/>
  </frame>
  <frame idx="275" w="304" h="494" x="4.008774" y="-134.342102">
   <element name="girlychair02" layername="girlychair" frame="0" z_index="2" m_a="1.000000" m_b="0.000000" m_c="0.000000" m_d="1.000000" m_tx="-96.491226" m_ty="-236.842102"/>
  </frame>
  <frame idx="300" w="304" h="494" x="4.008774" y="-134.342102">
   <element name="girlychair02" layername="girlychair" frame="0" z_index="2" m_a="1.000000" m_b="0.000000" m_c="0.000000" m_d="1.000000" m_tx="-96.491226" m_ty="-236.842102"/>
  </frame>
  <frame idx="325" w="304" h="494" x="4.008774" y="-134.342102">
   <element name="girlychair02" layername="girlychair" frame="0" z_index="2" m_a="1.000000" m_b="0.000000" m_c="0.000000" m_d="1.000000" m_tx="-96.491226" m_ty="-236.842102"/>
  </frame>
  <frame idx="350" w="304" h="494" x="4.008774" y="-134.342102">
   <element name="girlychair02" layername="girlychair" frame="0" z_index="2" m_a="1.000000" m_b="0.000000" m_c="0.000000" m_d="1.000000" m_tx="-96.491226" m_ty="-236.842102"/>
  </frame>
  <frame idx="375" w="304" h="494" x="4.008774" y="-134.342102">
   <element name="girlychair02" layername="girlychair" frame="0" z_index="2" m_a="1.000000" m_b="0.000000" m_c="0.000000" m_d="1.000000" m_tx="-96.491226" m_ty="-236.842102"/>
  </frame>
  <frame idx="400" w="304" h="494" x="4.008774" y="-134.342102">
   <element name="girlychair02" layername="girlychair" frame="0" z_index="2" m_a="1.000000" m_b="0.000000" m_c="0.000000" m_d="1.000000" m_tx="-96.491226" m_ty="-236.842102"/>
  </frame>
  <frame idx="425" w="304" h="494" x="4.008774" y="-134.342102">
   <element name="girlychair02" layername="girlychair" frame="0" z_index="2" m_a="1.000000" m_b="0.000000" m_c="0.000000" m_d="1.000000" m_tx="-96.491226" m_ty="-236.842102"/>
  </frame>
  <frame idx="450" w="304" h="494" x="4.008774" y="-134.342102">
   <element name="girlychair02" layername="girlychair" frame="0" z_index="2" m_a="1.000000" m_b="0.000000" m_c="0.000000" m_d="1.000000" m_tx="-96.491226" m_ty="-236.842102"/>
  </frame>
  <frame idx="475" w="304" h="494" x="4.008774" y="-134.342102">
   <element name="girlychair02" layername="girlychair" frame="0" z_index="2" m_a="1.000000" m_b="0.000000" m_c="0.000000" m_d="1.000000" m_tx="-96.491226" m_ty="-236.842102"/>
  </frame>
  <frame idx="500" w="304" h="494" x="4.008774" y="-134.342102">
   <element name="girlychair02" layername="girlychair" frame="0" z_index="2" m_a="1.000000" m_b="0.000000" m_c="0.000000" m_d="1.000000" m_tx="-96.491226" m_ty="-236.842102"/>
  </frame>
  <frame idx="525" w="304" h="494" x="4.008774" y="-134.342102">
   <element name="girlychair02" layername="girlychair" frame="0" z_index="2" m_a="1.000000" m_b="0.000000" m_c="0.000000" m_d="1.000000" m_tx="-96.491226" m_ty="-236.842102"/>
  </frame>
  <frame idx="550" w="304" h="494" x="4.008774" y="-134.342102">
   <element name="girlychair02" layername="girlychair" frame="0" z_index="2" m_a="1.000000" m_b="0.000000" m_c="0.000000" m_d="1.000000" m_tx="-96.491226" m_ty="-236.842102"/>
  </frame>
  <frame idx="575" w="304" h="494" x="4.008774" y="-134.342102">
   <element name="girlychair02" layername="girlychair" frame="0" z_index="2" m_a="1.000000" m_b="0.000000" m_c="0.000000" m_d="1.000000" m_tx="-96.491226" m_ty="-236.842102"/>
  </frame>
  <frame idx="600" w="304" h="494" x="4.008774" y="-134.342102">
   <element name="girlychair02" layername="girlychair" frame="0" z_index="2" m_a="1.000000" m_b="0.000000" m_c="0.000000" m_d="1.000000" m_tx="-96.491226" m_ty="-236.842102"/>
  </frame>
  <frame idx="625" w="304" h="494" x="4.008774" y="-134.342102">
   <element name="girlychair02" layername="girlychair" frame="0" z_index="2" m_a="1.000000" m_b="0.000000" m_c="0.000000" m_d="1.000000" m_tx="-96.491226" m_ty="-236.842102"/>
  </frame>
  <frame idx="650" w="304" h="494" x="4.008774" y="-134.342102">
   <element name="girlychair02" layername="girlychair" frame="0" z_index="2" m_a="1.000000" m_b="0.000000" m_c="0.000000" m_d="1.000000" m_tx="-96.491226" m_ty="-236.842102"/>
  </frame>
  <frame idx="675" w="304" h="494" x="4.008774" y="-134.342102">
   <element name="girlychair02" layername="girlychair" frame="0" z_index="2" m_a="1.000000" m_b="0.000000" m_c="0.000000" m_d="1.000000" m_tx="-96.491226" m_ty="-236.842102"/>
  </frame>
  <frame idx="700" w="304" h="494" x="4.008774" y="-134.342102">
   <element name="girlychair02" layername="girlychair" frame="0" z_index="2" m_a="1.000000" m_b="0.000000" m_c="0.000000" m_d="1.000000" m_tx="-96.491226" m_ty="-236.842102"/>
  </frame>
  <frame idx="725" w="304" h="494" x="4.008774" y="-134.342102">
   <element name="girlychair02" layername="girlychair" frame="0" z_index="2" m_a="1.000000" m_b="0.000000" m_c="0.000000" m_d="1.000000" m_tx="-96.491226" m_ty="-236.842102"/>
  </frame>
  <frame idx="750" w="304" h="494" x="4.008774" y="-134.342102">
   <element name="girlychair02" layername="girlychair" frame="0" z_index="2" m_a="1.000000" m_b="0.000000" m_c="0.000000" m_d="1.000000" m_tx="-96.491226" m_ty="-236.842102"/>
  </frame>
  <frame idx="775" w="304" h="494" x="4.008774" y="-134.342102">
   <element name="girlychair02" layername="girlychair" frame="0" z_index="2" m_a="1.000000" m_b="0.000000" m_c="0.000000" m_d="1.000000" m_tx="-96.491226" m_ty="-236.842102"/>
  </frame>
  <frame idx="800" w="304" h="494" x="4.008774" y="-134.342102">
   <element name="girlychair02" layername="girlychair" frame="0" z_index="2" m_a="1.000000" m_b="0.000000" m_c="0.000000" m_d="1.000000" m_tx="-96.491226" m_ty="-236.842102"/>
  </frame>
  <frame idx="825" w="304" h="494" x="4.008774" y="-134.342102">
   <element name="girlychair02" layername="girlychair" frame="0" z_index="2" m_a="1.000000" m_b="0.000000" m_c="0.000000" m_d="1.000000" m_tx="-96.491226" m_ty="-236.842102"/>
  </frame>
  <frame idx="850" w="304" h="494" x="4.008774" y="-134.342102">
   <element name="girlychair02" layername="girlychair" frame="0" z_index="2" m_a="1.000000" m_b="0.000000" m_c="0.000000" m_d="1.000000" m_tx="-96.491226" m_ty="-236.842102"/>
  </frame>
  <frame idx="875" w="304" h="494" x="4.008774" y="-134.342102">
   <element name="girlychair02" layername="girlychair" frame="0" z_index="2" m_a="1.000000" m_b="0.000000" m_c="0.000000" m_d="1.000000" m_tx="-96.491226" m_ty="-236.842102"/>
  </frame>
  <frame idx="900" w="304" h="494" x="4.008774" y="-134.342102">
   <element name="girlychair02" layername="girlychair" frame="0" z_index="2" m_a="1.000000" m_b="0.000000" m_c="0.000000" m_d="1.000000" m_tx="-96.491226" m_ty="-236.842102"/>
  </frame>
  <frame idx="925" w="304" h="494" x="4.008774" y="-134.342102">
   <element name="girlychair02" layername="girlychair" frame="0" z_index="2" m_a="1.000000" m_b="0.000000" m_c="0.000000" m_d="1.000000" m_tx="-96.491226" m_ty="-236.842102"/>
  </frame>
  <frame idx="950" w="304" h="494" x="4.008774" y="-134.342102">
   <element name="girlychair02" layername="girlychair" frame="0" z_index="2" m_a="1.000000" m_b="0.000000" m_c="0.000000" m_d="1.000000" m_tx="-96.491226" m_ty="-236.842102"/>
  </frame>
  <frame idx="975" w="304" h="494" x="4.008774" y="-134.342102">
   <element name="girlychair02" layername="girlychair" frame="0" z_index="2" m_a="1.000000" m_b="0.000000" m_c="0.000000" m_d="1.000000" m_tx="-96.491226" m_ty="-236.842102"/>
  </frame>
 </anim>
</Anims>
