<Anims>
 <anim name="idle" root="girlytable" numframes="1000" framerate="40">
  <frame idx="0" w="680" h="869" x="-58.934689" y="-293.944336">
   <element name="girlytable01" layername="girlytable" frame="0" z_index="2" m_a="1.162790" m_b="0.000000" m_c="0.000000" m_d="0.953648" m_tx="-284.492645" m_ty="-473.207397"/>
  </frame>
  <frame idx="25" w="680" h="869" x="-58.934689" y="-293.944336">
   <element name="girlytable01" layername="girlytable" frame="0" z_index="2" m_a="1.162790" m_b="0.000000" m_c="0.000000" m_d="0.953648" m_tx="-284.492645" m_ty="-473.207397"/>
  </frame>
  <frame idx="50" w="680" h="869" x="-58.934689" y="-293.944336">
   <element name="girlytable01" layername="girlytable" frame="0" z_index="2" m_a="1.162790" m_b="0.000000" m_c="0.000000" m_d="0.953648" m_tx="-284.492645" m_ty="-473.207397"/>
  </frame>
  <frame idx="75" w="680" h="869" x="-58.934689" y="-293.944336">
   <element name="girlytable01" layername="girlytable" frame="0" z_index="2" m_a="1.162790" m_b="0.000000" m_c="0.000000" m_d="0.953648" m_tx="-284.492645" m_ty="-473.207397"/>
  </frame>
  <frame idx="100" w="680" h="869" x="-58.934689" y="-293.944336">
   <element name="girlytable01" layername="girlytable" frame="0" z_index="2" m_a="1.162790" m_b="0.000000" m_c="0.000000" m_d="0.953648" m_tx="-284.492645" m_ty="-473.207397"/>
  </frame>
  <frame idx="125" w="680" h="869" x="-58.934689" y="-293.944336">
   <element name="girlytable01" layername="girlytable" frame="0" z_index="2" m_a="1.162790" m_b="0.000000" m_c="0.000000" m_d="0.953648" m_tx="-284.492645" m_ty="-473.207397"/>
  </frame>
  <frame idx="150" w="680" h="869" x="-58.934689" y="-293.944336">
   <element name="girlytable01" layername="girlytable" frame="0" z_index="2" m_a="1.162790" m_b="0.000000" m_c="0.000000" m_d="0.953648" m_tx="-284.492645" m_ty="-473.207397"/>
  </frame>
  <frame idx="175" w="680" h="869" x="-58.934689" y="-293.944336">
   <element name="girlytable01" layername="girlytable" frame="0" z_index="2" m_a="1.162790" m_b="0.000000" m_c="0.000000" m_d="0.953648" m_tx="-284.492645" m_ty="-473.207397"/>
  </frame>
  <frame idx="200" w="680" h="869" x="-58.934689" y="-293.944336">
   <element name="girlytable01" layername="girlytable" frame="0" z_index="2" m_a="1.162790" m_b="0.000000" m_c="0.000000" m_d="0.953648" m_tx="-284.492645" m_ty="-473.207397"/>
  </frame>
  <frame idx="225" w="680" h="869" x="-58.934689" y="-293.944336">
   <element name="girlytable01" layername="girlytable" frame="0" z_index="2" m_a="1.162790" m_b="0.000000" m_c="0.000000" m_d="0.953648" m_tx="-284.492645" m_ty="-473.207397"/>
  </frame>
  <frame idx="250" w="680" h="869" x="-58.934689" y="-293.944336">
   <element name="girlytable01" layername="girlytable" frame="0" z_index="2" m_a="1.162790" m_b="0.000000" m_c="0.000000" m_d="0.953648" m_tx="-284.492645" m_ty="-473.207397"/>
  </frame>
  <frame idx="275" w="680" h="869" x="-58.934689" y="-293.944336">
   <element name="girlytable01" layername="girlytable" frame="0" z_index="2" m_a="1.162790" m_b="0.000000" m_c="0.000000" m_d="0.953648" m_tx="-284.492645" m_ty="-473.207397"/>
  </frame>
  <frame idx="300" w="680" h="869" x="-58.934689" y="-293.944336">
   <element name="girlytable01" layername="girlytable" frame="0" z_index="2" m_a="1.162790" m_b="0.000000" m_c="0.000000" m_d="0.953648" m_tx="-284.492645" m_ty="-473.207397"/>
  </frame>
  <frame idx="325" w="680" h="869" x="-58.934689" y="-293.944336">
   <element name="girlytable01" layername="girlytable" frame="0" z_index="2" m_a="1.162790" m_b="0.000000" m_c="0.000000" m_d="0.953648" m_tx="-284.492645" m_ty="-473.207397"/>
  </frame>
  <frame idx="350" w="680" h="869" x="-58.934689" y="-293.944336">
   <element name="girlytable01" layername="girlytable" frame="0" z_index="2" m_a="1.162790" m_b="0.000000" m_c="0.000000" m_d="0.953648" m_tx="-284.492645" m_ty="-473.207397"/>
  </frame>
  <frame idx="375" w="680" h="869" x="-58.934689" y="-293.944336">
   <element name="girlytable01" layername="girlytable" frame="0" z_index="2" m_a="1.162790" m_b="0.000000" m_c="0.000000" m_d="0.953648" m_tx="-284.492645" m_ty="-473.207397"/>
  </frame>
  <frame idx="400" w="680" h="869" x="-58.934689" y="-293.944336">
   <element name="girlytable01" layername="girlytable" frame="0" z_index="2" m_a="1.162790" m_b="0.000000" m_c="0.000000" m_d="0.953648" m_tx="-284.492645" m_ty="-473.207397"/>
  </frame>
  <frame idx="425" w="680" h="869" x="-58.934689" y="-293.944336">
   <element name="girlytable01" layername="girlytable" frame="0" z_index="2" m_a="1.162790" m_b="0.000000" m_c="0.000000" m_d="0.953648" m_tx="-284.492645" m_ty="-473.207397"/>
  </frame>
  <frame idx="450" w="680" h="869" x="-58.934689" y="-293.944336">
   <element name="girlytable01" layername="girlytable" frame="0" z_index="2" m_a="1.162790" m_b="0.000000" m_c="0.000000" m_d="0.953648" m_tx="-284.492645" m_ty="-473.207397"/>
  </frame>
  <frame idx="475" w="680" h="869" x="-58.934689" y="-293.944336">
   <element name="girlytable01" layername="girlytable" frame="0" z_index="2" m_a="1.162790" m_b="0.000000" m_c="0.000000" m_d="0.953648" m_tx="-284.492645" m_ty="-473.207397"/>
  </frame>
  <frame idx="500" w="680" h="869" x="-58.934689" y="-293.944336">
   <element name="girlytable01" layername="girlytable" frame="0" z_index="2" m_a="1.162790" m_b="0.000000" m_c="0.000000" m_d="0.953648" m_tx="-284.492645" m_ty="-473.207397"/>
  </frame>
  <frame idx="525" w="680" h="869" x="-58.934689" y="-293.944336">
   <element name="girlytable01" layername="girlytable" frame="0" z_index="2" m_a="1.162790" m_b="0.000000" m_c="0.000000" m_d="0.953648" m_tx="-284.492645" m_ty="-473.207397"/>
  </frame>
  <frame idx="550" w="680" h="869" x="-58.934689" y="-293.944336">
   <element name="girlytable01" layername="girlytable" frame="0" z_index="2" m_a="1.162790" m_b="0.000000" m_c="0.000000" m_d="0.953648" m_tx="-284.492645" m_ty="-473.207397"/>
  </frame>
  <frame idx="575" w="680" h="869" x="-58.934689" y="-293.944336">
   <element name="girlytable01" layername="girlytable" frame="0" z_index="2" m_a="1.162790" m_b="0.000000" m_c="0.000000" m_d="0.953648" m_tx="-284.492645" m_ty="-473.207397"/>
  </frame>
  <frame idx="600" w="680" h="869" x="-58.934689" y="-293.944336">
   <element name="girlytable01" layername="girlytable" frame="0" z_index="2" m_a="1.162790" m_b="0.000000" m_c="0.000000" m_d="0.953648" m_tx="-284.492645" m_ty="-473.207397"/>
  </frame>
  <frame idx="625" w="680" h="869" x="-58.934689" y="-293.944336">
   <element name="girlytable01" layername="girlytable" frame="0" z_index="2" m_a="1.162790" m_b="0.000000" m_c="0.000000" m_d="0.953648" m_tx="-284.492645" m_ty="-473.207397"/>
  </frame>
  <frame idx="650" w="680" h="869" x="-58.934689" y="-293.944336">
   <element name="girlytable01" layername="girlytable" frame="0" z_index="2" m_a="1.162790" m_b="0.000000" m_c="0.000000" m_d="0.953648" m_tx="-284.492645" m_ty="-473.207397"/>
  </frame>
  <frame idx="675" w="680" h="869" x="-58.934689" y="-293.944336">
   <element name="girlytable01" layername="girlytable" frame="0" z_index="2" m_a="1.162790" m_b="0.000000" m_c="0.000000" m_d="0.953648" m_tx="-284.492645" m_ty="-473.207397"/>
  </frame>
  <frame idx="700" w="680" h="869" x="-58.934689" y="-293.944336">
   <element name="girlytable01" layername="girlytable" frame="0" z_index="2" m_a="1.162790" m_b="0.000000" m_c="0.000000" m_d="0.953648" m_tx="-284.492645" m_ty="-473.207397"/>
  </frame>
  <frame idx="725" w="680" h="869" x="-58.934689" y="-293.944336">
   <element name="girlytable01" layername="girlytable" frame="0" z_index="2" m_a="1.162790" m_b="0.000000" m_c="0.000000" m_d="0.953648" m_tx="-284.492645" m_ty="-473.207397"/>
  </frame>
  <frame idx="750" w="680" h="869" x="-58.934689" y="-293.944336">
   <element name="girlytable01" layername="girlytable" frame="0" z_index="2" m_a="1.162790" m_b="0.000000" m_c="0.000000" m_d="0.953648" m_tx="-284.492645" m_ty="-473.207397"/>
  </frame>
  <frame idx="775" w="680" h="869" x="-58.934689" y="-293.944336">
   <element name="girlytable01" layername="girlytable" frame="0" z_index="2" m_a="1.162790" m_b="0.000000" m_c="0.000000" m_d="0.953648" m_tx="-284.492645" m_ty="-473.207397"/>
  </frame>
  <frame idx="800" w="680" h="869" x="-58.934689" y="-293.944336">
   <element name="girlytable01" layername="girlytable" frame="0" z_index="2" m_a="1.162790" m_b="0.000000" m_c="0.000000" m_d="0.953648" m_tx="-284.492645" m_ty="-473.207397"/>
  </frame>
  <frame idx="825" w="680" h="869" x="-58.934689" y="-293.944336">
   <element name="girlytable01" layername="girlytable" frame="0" z_index="2" m_a="1.162790" m_b="0.000000" m_c="0.000000" m_d="0.953648" m_tx="-284.492645" m_ty="-473.207397"/>
  </frame>
  <frame idx="850" w="680" h="869" x="-58.934689" y="-293.944336">
   <element name="girlytable01" layername="girlytable" frame="0" z_index="2" m_a="1.162790" m_b="0.000000" m_c="0.000000" m_d="0.953648" m_tx="-284.492645" m_ty="-473.207397"/>
  </frame>
  <frame idx="875" w="680" h="869" x="-58.934689" y="-293.944336">
   <element name="girlytable01" layername="girlytable" frame="0" z_index="2" m_a="1.162790" m_b="0.000000" m_c="0.000000" m_d="0.953648" m_tx="-284.492645" m_ty="-473.207397"/>
  </frame>
  <frame idx="900" w="680" h="869" x="-58.934689" y="-293.944336">
   <element name="girlytable01" layername="girlytable" frame="0" z_index="2" m_a="1.162790" m_b="0.000000" m_c="0.000000" m_d="0.953648" m_tx="-284.492645" m_ty="-473.207397"/>
  </frame>
  <frame idx="925" w="680" h="869" x="-58.934689" y="-293.944336">
   <element name="girlytable01" layername="girlytable" frame="0" z_index="2" m_a="1.162790" m_b="0.000000" m_c="0.000000" m_d="0.953648" m_tx="-284.492645" m_ty="-473.207397"/>
  </frame>
  <frame idx="950" w="680" h="869" x="-58.934689" y="-293.944336">
   <element name="girlytable01" layername="girlytable" frame="0" z_index="2" m_a="1.162790" m_b="0.000000" m_c="0.000000" m_d="0.953648" m_tx="-284.492645" m_ty="-473.207397"/>
  </frame>
  <frame idx="975" w="680" h="869" x="-58.934689" y="-293.944336">
   <element name="girlytable01" layername="girlytable" frame="0" z_index="2" m_a="1.162790" m_b="0.000000" m_c="0.000000" m_d="0.953648" m_tx="-284.492645" m_ty="-473.207397"/>
  </frame>
 </anim>
 <anim name="hit" root="girlytable" numframes="1000" framerate="40">
  <frame idx="0" w="680" h="869" x="-58.934689" y="-293.944336">
   <element name="girlytable01" layername="girlytable" frame="0" z_index="2" m_a="1.162790" m_b="0.000000" m_c="0.000000" m_d="0.953648" m_tx="-284.492645" m_ty="-473.207397"/>
  </frame>
  <frame idx="25" w="690" h="750" x="-59.617630" y="-251.181519">
   <element name="girlytable01" layername="girlytable" frame="0" z_index="2" m_a="1.182919" m_b="0.000000" m_c="0.000000" m_d="0.829781" m_tx="-289.566895" m_ty="-407.743652"/>
  </frame>
  <frame idx="50" w="702" h="633" x="-60.800598" y="-208.918701">
   <element name="girlytable01" layername="girlytable" frame="0" z_index="2" m_a="1.203048" m_b="0.000000" m_c="0.000000" m_d="0.705914" m_tx="-294.641144" m_ty="-342.279907"/>
  </frame>
  <frame idx="75" w="714" h="514" x="-61.983566" y="-166.155853">
   <element name="girlytable01" layername="girlytable" frame="0" z_index="2" m_a="1.223176" m_b="0.000000" m_c="0.000000" m_d="0.582047" m_tx="-299.715424" m_ty="-276.816132"/>
  </frame>
  <frame idx="100" w="714" h="514" x="-61.984680" y="-165.955154">
   <element name="girlytable01" layername="girlytable" frame="0" z_index="2" m_a="1.223300" m_b="0.000000" m_c="0.000000" m_d="0.581288" m_tx="-299.746490" m_ty="-276.415100"/>
  </frame>
  <frame idx="125" w="705" h="605" x="-61.342918" y="-198.838959">
   <element name="girlytable01" layername="girlytable" frame="0" z_index="2" m_a="1.207704" m_b="0.000000" m_c="0.000000" m_d="0.677257" m_tx="-295.815094" m_ty="-327.134766"/>
  </frame>
  <frame idx="150" w="696" h="696" x="-60.201183" y="-231.722778">
   <element name="girlytable01" layername="girlytable" frame="0" z_index="2" m_a="1.192109" m_b="0.000000" m_c="0.000000" m_d="0.773226" m_tx="-291.883698" m_ty="-377.854431"/>
  </frame>
  <frame idx="175" w="687" h="788" x="-59.559418" y="-265.106567">
   <element name="girlytable01" layername="girlytable" frame="0" z_index="2" m_a="1.176514" m_b="0.000000" m_c="0.000000" m_d="0.869195" m_tx="-287.952271" m_ty="-428.574097"/>
  </frame>
  <frame idx="200" w="680" h="869" x="-58.934689" y="-293.944336">
   <element name="girlytable01" layername="girlytable" frame="0" z_index="2" m_a="1.162790" m_b="0.000000" m_c="0.000000" m_d="0.953648" m_tx="-284.492645" m_ty="-473.207397"/>
  </frame>
  <frame idx="225" w="680" h="869" x="-58.934689" y="-293.944336">
   <element name="girlytable01" layername="girlytable" frame="0" z_index="2" m_a="1.162790" m_b="0.000000" m_c="0.000000" m_d="0.953648" m_tx="-284.492645" m_ty="-473.207397"/>
  </frame>
  <frame idx="250" w="680" h="869" x="-58.934689" y="-293.944336">
   <element name="girlytable01" layername="girlytable" frame="0" z_index="2" m_a="1.162790" m_b="0.000000" m_c="0.000000" m_d="0.953648" m_tx="-284.492645" m_ty="-473.207397"/>
  </frame>
  <frame idx="275" w="680" h="869" x="-58.934689" y="-293.944336">
   <element name="girlytable01" layername="girlytable" frame="0" z_index="2" m_a="1.162790" m_b="0.000000" m_c="0.000000" m_d="0.953648" m_tx="-284.492645" m_ty="-473.207397"/>
  </frame>
  <frame idx="300" w="680" h="869" x="-58.934689" y="-293.944336">
   <element name="girlytable01" layername="girlytable" frame="0" z_index="2" m_a="1.162790" m_b="0.000000" m_c="0.000000" m_d="0.953648" m_tx="-284.492645" m_ty="-473.207397"/>
  </frame>
  <frame idx="325" w="680" h="869" x="-58.934689" y="-293.944336">
   <element name="girlytable01" layername="girlytable" frame="0" z_index="2" m_a="1.162790" m_b="0.000000" m_c="0.000000" m_d="0.953648" m_tx="-284.492645" m_ty="-473.207397"/>
  </frame>
  <frame idx="350" w="680" h="869" x="-58.934689" y="-293.944336">
   <element name="girlytable01" layername="girlytable" frame="0" z_index="2" m_a="1.162790" m_b="0.000000" m_c="0.000000" m_d="0.953648" m_tx="-284.492645" m_ty="-473.207397"/>
  </frame>
  <frame idx="375" w="680" h="869" x="-58.934689" y="-293.944336">
   <element name="girlytable01" layername="girlytable" frame="0" z_index="2" m_a="1.162790" m_b="0.000000" m_c="0.000000" m_d="0.953648" m_tx="-284.492645" m_ty="-473.207397"/>
  </frame>
  <frame idx="400" w="680" h="869" x="-58.934689" y="-293.944336">
   <element name="girlytable01" layername="girlytable" frame="0" z_index="2" m_a="1.162790" m_b="0.000000" m_c="0.000000" m_d="0.953648" m_tx="-284.492645" m_ty="-473.207397"/>
  </frame>
  <frame idx="425" w="680" h="869" x="-58.934689" y="-293.944336">
   <element name="girlytable01" layername="girlytable" frame="0" z_index="2" m_a="1.162790" m_b="0.000000" m_c="0.000000" m_d="0.953648" m_tx="-284.492645" m_ty="-473.207397"/>
  </frame>
  <frame idx="450" w="680" h="869" x="-58.934689" y="-293.944336">
   <element name="girlytable01" layername="girlytable" frame="0" z_index="2" m_a="1.162790" m_b="0.000000" m_c="0.000000" m_d="0.953648" m_tx="-284.492645" m_ty="-473.207397"/>
  </frame>
  <frame idx="475" w="680" h="869" x="-58.934689" y="-293.944336">
   <element name="girlytable01" layername="girlytable" frame="0" z_index="2" m_a="1.162790" m_b="0.000000" m_c="0.000000" m_d="0.953648" m_tx="-284.492645" m_ty="-473.207397"/>
  </frame>
  <frame idx="500" w="680" h="869" x="-58.934689" y="-293.944336">
   <element name="girlytable01" layername="girlytable" frame="0" z_index="2" m_a="1.162790" m_b="0.000000" m_c="0.000000" m_d="0.953648" m_tx="-284.492645" m_ty="-473.207397"/>
  </frame>
  <frame idx="525" w="680" h="869" x="-58.934689" y="-293.944336">
   <element name="girlytable01" layername="girlytable" frame="0" z_index="2" m_a="1.162790" m_b="0.000000" m_c="0.000000" m_d="0.953648" m_tx="-284.492645" m_ty="-473.207397"/>
  </frame>
  <frame idx="550" w="680" h="869" x="-58.934689" y="-293.944336">
   <element name="girlytable01" layername="girlytable" frame="0" z_index="2" m_a="1.162790" m_b="0.000000" m_c="0.000000" m_d="0.953648" m_tx="-284.492645" m_ty="-473.207397"/>
  </frame>
  <frame idx="575" w="680" h="869" x="-58.934689" y="-293.944336">
   <element name="girlytable01" layername="girlytable" frame="0" z_index="2" m_a="1.162790" m_b="0.000000" m_c="0.000000" m_d="0.953648" m_tx="-284.492645" m_ty="-473.207397"/>
  </frame>
  <frame idx="600" w="680" h="869" x="-58.934689" y="-293.944336">
   <element name="girlytable01" layername="girlytable" frame="0" z_index="2" m_a="1.162790" m_b="0.000000" m_c="0.000000" m_d="0.953648" m_tx="-284.492645" m_ty="-473.207397"/>
  </frame>
  <frame idx="625" w="680" h="869" x="-58.934689" y="-293.944336">
   <element name="girlytable01" layername="girlytable" frame="0" z_index="2" m_a="1.162790" m_b="0.000000" m_c="0.000000" m_d="0.953648" m_tx="-284.492645" m_ty="-473.207397"/>
  </frame>
  <frame idx="650" w="680" h="869" x="-58.934689" y="-293.944336">
   <element name="girlytable01" layername="girlytable" frame="0" z_index="2" m_a="1.162790" m_b="0.000000" m_c="0.000000" m_d="0.953648" m_tx="-284.492645" m_ty="-473.207397"/>
  </frame>
  <frame idx="675" w="680" h="869" x="-58.934689" y="-293.944336">
   <element name="girlytable01" layername="girlytable" frame="0" z_index="2" m_a="1.162790" m_b="0.000000" m_c="0.000000" m_d="0.953648" m_tx="-284.492645" m_ty="-473.207397"/>
  </frame>
  <frame idx="700" w="680" h="869" x="-58.934689" y="-293.944336">
   <element name="girlytable01" layername="girlytable" frame="0" z_index="2" m_a="1.162790" m_b="0.000000" m_c="0.000000" m_d="0.953648" m_tx="-284.492645" m_ty="-473.207397"/>
  </frame>
  <frame idx="725" w="680" h="869" x="-58.934689" y="-293.944336">
   <element name="girlytable01" layername="girlytable" frame="0" z_index="2" m_a="1.162790" m_b="0.000000" m_c="0.000000" m_d="0.953648" m_tx="-284.492645" m_ty="-473.207397"/>
  </frame>
  <frame idx="750" w="680" h="869" x="-58.934689" y="-293.944336">
   <element name="girlytable01" layername="girlytable" frame="0" z_index="2" m_a="1.162790" m_b="0.000000" m_c="0.000000" m_d="0.953648" m_tx="-284.492645" m_ty="-473.207397"/>
  </frame>
  <frame idx="775" w="680" h="869" x="-58.934689" y="-293.944336">
   <element name="girlytable01" layername="girlytable" frame="0" z_index="2" m_a="1.162790" m_b="0.000000" m_c="0.000000" m_d="0.953648" m_tx="-284.492645" m_ty="-473.207397"/>
  </frame>
  <frame idx="800" w="680" h="869" x="-58.934689" y="-293.944336">
   <element name="girlytable01" layername="girlytable" frame="0" z_index="2" m_a="1.162790" m_b="0.000000" m_c="0.000000" m_d="0.953648" m_tx="-284.492645" m_ty="-473.207397"/>
  </frame>
  <frame idx="825" w="680" h="869" x="-58.934689" y="-293.944336">
   <element name="girlytable01" layername="girlytable" frame="0" z_index="2" m_a="1.162790" m_b="0.000000" m_c="0.000000" m_d="0.953648" m_tx="-284.492645" m_ty="-473.207397"/>
  </frame>
  <frame idx="850" w="680" h="869" x="-58.934689" y="-293.944336">
   <element name="girlytable01" layername="girlytable" frame="0" z_index="2" m_a="1.162790" m_b="0.000000" m_c="0.000000" m_d="0.953648" m_tx="-284.492645" m_ty="-473.207397"/>
  </frame>
  <frame idx="875" w="680" h="869" x="-58.934689" y="-293.944336">
   <element name="girlytable01" layername="girlytable" frame="0" z_index="2" m_a="1.162790" m_b="0.000000" m_c="0.000000" m_d="0.953648" m_tx="-284.492645" m_ty="-473.207397"/>
  </frame>
  <frame idx="900" w="680" h="869" x="-58.934689" y="-293.944336">
   <element name="girlytable01" layername="girlytable" frame="0" z_index="2" m_a="1.162790" m_b="0.000000" m_c="0.000000" m_d="0.953648" m_tx="-284.492645" m_ty="-473.207397"/>
  </frame>
  <frame idx="925" w="680" h="869" x="-58.934689" y="-293.944336">
   <element name="girlytable01" layername="girlytable" frame="0" z_index="2" m_a="1.162790" m_b="0.000000" m_c="0.000000" m_d="0.953648" m_tx="-284.492645" m_ty="-473.207397"/>
  </frame>
  <frame idx="950" w="680" h="869" x="-58.934689" y="-293.944336">
   <element name="girlytable01" layername="girlytable" frame="0" z_index="2" m_a="1.162790" m_b="0.000000" m_c="0.000000" m_d="0.953648" m_tx="-284.492645" m_ty="-473.207397"/>
  </frame>
  <frame idx="975" w="680" h="869" x="-58.934689" y="-293.944336">
   <element name="girlytable01" layername="girlytable" frame="0" z_index="2" m_a="1.162790" m_b="0.000000" m_c="0.000000" m_d="0.953648" m_tx="-284.492645" m_ty="-473.207397"/>
  </frame>
 </anim>
</Anims>
