<Anims>
 <anim name="idle" root="beanbag1" numframes="1000" framerate="40">
  <frame idx="0" w="303" h="388" x="-26.772728" y="-127.327652">
   <element name="beanbag01" layername="beanbag" frame="0" z_index="2" m_a="1.000000" m_b="0.000000" m_c="0.000000" m_d="1.000000" m_tx="-127.272728" m_ty="-209.327652"/>
  </frame>
  <frame idx="25" w="303" h="388" x="-26.772728" y="-127.327652">
   <element name="beanbag01" layername="beanbag" frame="0" z_index="2" m_a="1.000000" m_b="0.000000" m_c="0.000000" m_d="1.000000" m_tx="-127.272728" m_ty="-209.327652"/>
  </frame>
  <frame idx="50" w="303" h="388" x="-26.772728" y="-127.327652">
   <element name="beanbag01" layername="beanbag" frame="0" z_index="2" m_a="1.000000" m_b="0.000000" m_c="0.000000" m_d="1.000000" m_tx="-127.272728" m_ty="-209.327652"/>
  </frame>
  <frame idx="75" w="303" h="388" x="-26.772728" y="-127.327652">
   <element name="beanbag01" layername="beanbag" frame="0" z_index="2" m_a="1.000000" m_b="0.000000" m_c="0.000000" m_d="1.000000" m_tx="-127.272728" m_ty="-209.327652"/>
  </frame>
  <frame idx="100" w="303" h="388" x="-26.772728" y="-127.327652">
   <element name="beanbag01" layername="beanbag" frame="0" z_index="2" m_a="1.000000" m_b="0.000000" m_c="0.000000" m_d="1.000000" m_tx="-127.272728" m_ty="-209.327652"/>
  </frame>
  <frame idx="125" w="303" h="388" x="-26.772728" y="-127.327652">
   <element name="beanbag01" layername="beanbag" frame="0" z_index="2" m_a="1.000000" m_b="0.000000" m_c="0.000000" m_d="1.000000" m_tx="-127.272728" m_ty="-209.327652"/>
  </frame>
  <frame idx="150" w="303" h="388" x="-26.772728" y="-127.327652">
   <element name="beanbag01" layername="beanbag" frame="0" z_index="2" m_a="1.000000" m_b="0.000000" m_c="0.000000" m_d="1.000000" m_tx="-127.272728" m_ty="-209.327652"/>
  </frame>
  <frame idx="175" w="303" h="388" x="-26.772728" y="-127.327652">
   <element name="beanbag01" layername="beanbag" frame="0" z_index="2" m_a="1.000000" m_b="0.000000" m_c="0.000000" m_d="1.000000" m_tx="-127.272728" m_ty="-209.327652"/>
  </frame>
  <frame idx="200" w="303" h="388" x="-26.772728" y="-127.327652">
   <element name="beanbag01" layername="beanbag" frame="0" z_index="2" m_a="1.000000" m_b="0.000000" m_c="0.000000" m_d="1.000000" m_tx="-127.272728" m_ty="-209.327652"/>
  </frame>
  <frame idx="225" w="303" h="388" x="-26.772728" y="-127.327652">
   <element name="beanbag01" layername="beanbag" frame="0" z_index="2" m_a="1.000000" m_b="0.000000" m_c="0.000000" m_d="1.000000" m_tx="-127.272728" m_ty="-209.327652"/>
  </frame>
  <frame idx="250" w="303" h="388" x="-26.772728" y="-127.327652">
   <element name="beanbag01" layername="beanbag" frame="0" z_index="2" m_a="1.000000" m_b="0.000000" m_c="0.000000" m_d="1.000000" m_tx="-127.272728" m_ty="-209.327652"/>
  </frame>
  <frame idx="275" w="303" h="388" x="-26.772728" y="-127.327652">
   <element name="beanbag01" layername="beanbag" frame="0" z_index="2" m_a="1.000000" m_b="0.000000" m_c="0.000000" m_d="1.000000" m_tx="-127.272728" m_ty="-209.327652"/>
  </frame>
  <frame idx="300" w="303" h="388" x="-26.772728" y="-127.327652">
   <element name="beanbag01" layername="beanbag" frame="0" z_index="2" m_a="1.000000" m_b="0.000000" m_c="0.000000" m_d="1.000000" m_tx="-127.272728" m_ty="-209.327652"/>
  </frame>
  <frame idx="325" w="303" h="388" x="-26.772728" y="-127.327652">
   <element name="beanbag01" layername="beanbag" frame="0" z_index="2" m_a="1.000000" m_b="0.000000" m_c="0.000000" m_d="1.000000" m_tx="-127.272728" m_ty="-209.327652"/>
  </frame>
  <frame idx="350" w="303" h="388" x="-26.772728" y="-127.327652">
   <element name="beanbag01" layername="beanbag" frame="0" z_index="2" m_a="1.000000" m_b="0.000000" m_c="0.000000" m_d="1.000000" m_tx="-127.272728" m_ty="-209.327652"/>
  </frame>
  <frame idx="375" w="303" h="388" x="-26.772728" y="-127.327652">
   <element name="beanbag01" layername="beanbag" frame="0" z_index="2" m_a="1.000000" m_b="0.000000" m_c="0.000000" m_d="1.000000" m_tx="-127.272728" m_ty="-209.327652"/>
  </frame>
  <frame idx="400" w="303" h="388" x="-26.772728" y="-127.327652">
   <element name="beanbag01" layername="beanbag" frame="0" z_index="2" m_a="1.000000" m_b="0.000000" m_c="0.000000" m_d="1.000000" m_tx="-127.272728" m_ty="-209.327652"/>
  </frame>
  <frame idx="425" w="303" h="388" x="-26.772728" y="-127.327652">
   <element name="beanbag01" layername="beanbag" frame="0" z_index="2" m_a="1.000000" m_b="0.000000" m_c="0.000000" m_d="1.000000" m_tx="-127.272728" m_ty="-209.327652"/>
  </frame>
  <frame idx="450" w="303" h="388" x="-26.772728" y="-127.327652">
   <element name="beanbag01" layername="beanbag" frame="0" z_index="2" m_a="1.000000" m_b="0.000000" m_c="0.000000" m_d="1.000000" m_tx="-127.272728" m_ty="-209.327652"/>
  </frame>
  <frame idx="475" w="303" h="388" x="-26.772728" y="-127.327652">
   <element name="beanbag01" layername="beanbag" frame="0" z_index="2" m_a="1.000000" m_b="0.000000" m_c="0.000000" m_d="1.000000" m_tx="-127.272728" m_ty="-209.327652"/>
  </frame>
  <frame idx="500" w="303" h="388" x="-26.772728" y="-127.327652">
   <element name="beanbag01" layername="beanbag" frame="0" z_index="2" m_a="1.000000" m_b="0.000000" m_c="0.000000" m_d="1.000000" m_tx="-127.272728" m_ty="-209.327652"/>
  </frame>
  <frame idx="525" w="303" h="388" x="-26.772728" y="-127.327652">
   <element name="beanbag01" layername="beanbag" frame="0" z_index="2" m_a="1.000000" m_b="0.000000" m_c="0.000000" m_d="1.000000" m_tx="-127.272728" m_ty="-209.327652"/>
  </frame>
  <frame idx="550" w="303" h="388" x="-26.772728" y="-127.327652">
   <element name="beanbag01" layername="beanbag" frame="0" z_index="2" m_a="1.000000" m_b="0.000000" m_c="0.000000" m_d="1.000000" m_tx="-127.272728" m_ty="-209.327652"/>
  </frame>
  <frame idx="575" w="303" h="388" x="-26.772728" y="-127.327652">
   <element name="beanbag01" layername="beanbag" frame="0" z_index="2" m_a="1.000000" m_b="0.000000" m_c="0.000000" m_d="1.000000" m_tx="-127.272728" m_ty="-209.327652"/>
  </frame>
  <frame idx="600" w="303" h="388" x="-26.772728" y="-127.327652">
   <element name="beanbag01" layername="beanbag" frame="0" z_index="2" m_a="1.000000" m_b="0.000000" m_c="0.000000" m_d="1.000000" m_tx="-127.272728" m_ty="-209.327652"/>
  </frame>
  <frame idx="625" w="303" h="388" x="-26.772728" y="-127.327652">
   <element name="beanbag01" layername="beanbag" frame="0" z_index="2" m_a="1.000000" m_b="0.000000" m_c="0.000000" m_d="1.000000" m_tx="-127.272728" m_ty="-209.327652"/>
  </frame>
  <frame idx="650" w="303" h="388" x="-26.772728" y="-127.327652">
   <element name="beanbag01" layername="beanbag" frame="0" z_index="2" m_a="1.000000" m_b="0.000000" m_c="0.000000" m_d="1.000000" m_tx="-127.272728" m_ty="-209.327652"/>
  </frame>
  <frame idx="675" w="303" h="388" x="-26.772728" y="-127.327652">
   <element name="beanbag01" layername="beanbag" frame="0" z_index="2" m_a="1.000000" m_b="0.000000" m_c="0.000000" m_d="1.000000" m_tx="-127.272728" m_ty="-209.327652"/>
  </frame>
  <frame idx="700" w="303" h="388" x="-26.772728" y="-127.327652">
   <element name="beanbag01" layername="beanbag" frame="0" z_index="2" m_a="1.000000" m_b="0.000000" m_c="0.000000" m_d="1.000000" m_tx="-127.272728" m_ty="-209.327652"/>
  </frame>
  <frame idx="725" w="303" h="388" x="-26.772728" y="-127.327652">
   <element name="beanbag01" layername="beanbag" frame="0" z_index="2" m_a="1.000000" m_b="0.000000" m_c="0.000000" m_d="1.000000" m_tx="-127.272728" m_ty="-209.327652"/>
  </frame>
  <frame idx="750" w="303" h="388" x="-26.772728" y="-127.327652">
   <element name="beanbag01" layername="beanbag" frame="0" z_index="2" m_a="1.000000" m_b="0.000000" m_c="0.000000" m_d="1.000000" m_tx="-127.272728" m_ty="-209.327652"/>
  </frame>
  <frame idx="775" w="303" h="388" x="-26.772728" y="-127.327652">
   <element name="beanbag01" layername="beanbag" frame="0" z_index="2" m_a="1.000000" m_b="0.000000" m_c="0.000000" m_d="1.000000" m_tx="-127.272728" m_ty="-209.327652"/>
  </frame>
  <frame idx="800" w="303" h="388" x="-26.772728" y="-127.327652">
   <element name="beanbag01" layername="beanbag" frame="0" z_index="2" m_a="1.000000" m_b="0.000000" m_c="0.000000" m_d="1.000000" m_tx="-127.272728" m_ty="-209.327652"/>
  </frame>
  <frame idx="825" w="303" h="388" x="-26.772728" y="-127.327652">
   <element name="beanbag01" layername="beanbag" frame="0" z_index="2" m_a="1.000000" m_b="0.000000" m_c="0.000000" m_d="1.000000" m_tx="-127.272728" m_ty="-209.327652"/>
  </frame>
  <frame idx="850" w="303" h="388" x="-26.772728" y="-127.327652">
   <element name="beanbag01" layername="beanbag" frame="0" z_index="2" m_a="1.000000" m_b="0.000000" m_c="0.000000" m_d="1.000000" m_tx="-127.272728" m_ty="-209.327652"/>
  </frame>
  <frame idx="875" w="303" h="388" x="-26.772728" y="-127.327652">
   <element name="beanbag01" layername="beanbag" frame="0" z_index="2" m_a="1.000000" m_b="0.000000" m_c="0.000000" m_d="1.000000" m_tx="-127.272728" m_ty="-209.327652"/>
  </frame>
  <frame idx="900" w="303" h="388" x="-26.772728" y="-127.327652">
   <element name="beanbag01" layername="beanbag" frame="0" z_index="2" m_a="1.000000" m_b="0.000000" m_c="0.000000" m_d="1.000000" m_tx="-127.272728" m_ty="-209.327652"/>
  </frame>
  <frame idx="925" w="303" h="388" x="-26.772728" y="-127.327652">
   <element name="beanbag01" layername="beanbag" frame="0" z_index="2" m_a="1.000000" m_b="0.000000" m_c="0.000000" m_d="1.000000" m_tx="-127.272728" m_ty="-209.327652"/>
  </frame>
  <frame idx="950" w="303" h="388" x="-26.772728" y="-127.327652">
   <element name="beanbag01" layername="beanbag" frame="0" z_index="2" m_a="1.000000" m_b="0.000000" m_c="0.000000" m_d="1.000000" m_tx="-127.272728" m_ty="-209.327652"/>
  </frame>
  <frame idx="975" w="303" h="388" x="-26.772728" y="-127.327652">
   <element name="beanbag01" layername="beanbag" frame="0" z_index="2" m_a="1.000000" m_b="0.000000" m_c="0.000000" m_d="1.000000" m_tx="-127.272728" m_ty="-209.327652"/>
  </frame>
 </anim>
 <anim name="hit" root="beanbag1" numframes="1000" framerate="40">
  <frame idx="0" w="303" h="388" x="-26.772728" y="-127.327652">
   <element name="beanbag01" layername="beanbag" frame="0" z_index="2" m_a="1.000000" m_b="0.000000" m_c="0.000000" m_d="1.000000" m_tx="-127.272728" m_ty="-209.327652"/>
  </frame>
  <frame idx="25" w="312" h="353" x="-27.346642" y="-114.703583">
   <element name="beanbag01" layername="beanbag" frame="0" z_index="2" m_a="1.031636" m_b="0.000000" m_c="0.000000" m_d="0.916313" m_tx="-131.332748" m_ty="-190.121368"/>
  </frame>
  <frame idx="50" w="322" h="318" x="-28.420565" y="-102.079529">
   <element name="beanbag01" layername="beanbag" frame="0" z_index="2" m_a="1.063271" m_b="0.000000" m_c="0.000000" m_d="0.832625" m_tx="-135.392761" m_ty="-170.915085"/>
  </frame>
  <frame idx="75" w="332" h="284" x="-29.494471" y="-89.955475">
   <element name="beanbag01" layername="beanbag" frame="0" z_index="2" m_a="1.094907" m_b="0.000000" m_c="0.000000" m_d="0.748937" m_tx="-139.452774" m_ty="-151.708817"/>
  </frame>
  <frame idx="100" w="340" h="255" x="-30.057430" y="-79.257446">
   <element name="beanbag01" layername="beanbag" frame="0" z_index="2" m_a="1.121855" m_b="0.000000" m_c="0.000000" m_d="0.677650" m_tx="-142.911194" m_ty="-135.348404"/>
  </frame>
  <frame idx="125" w="332" h="284" x="-29.494450" y="-89.958809">
   <element name="beanbag01" layername="beanbag" frame="0" z_index="2" m_a="1.094896" m_b="0.000000" m_c="0.000000" m_d="0.748967" m_tx="-139.451355" m_ty="-151.715485"/>
  </frame>
  <frame idx="150" w="324" h="314" x="-28.431452" y="-100.660194">
   <element name="beanbag01" layername="beanbag" frame="0" z_index="2" m_a="1.067937" m_b="0.000000" m_c="0.000000" m_d="0.820283" m_tx="-135.991516" m_ty="-168.082581"/>
  </frame>
  <frame idx="175" w="316" h="344" x="-27.868469" y="-111.361572">
   <element name="beanbag01" layername="beanbag" frame="0" z_index="2" m_a="1.040978" m_b="0.000000" m_c="0.000000" m_d="0.891599" m_tx="-132.531677" m_ty="-184.449677"/>
  </frame>
  <frame idx="200" w="308" h="372" x="-27.305473" y="-121.562927">
   <element name="beanbag01" layername="beanbag" frame="0" z_index="2" m_a="1.014019" m_b="0.000000" m_c="0.000000" m_d="0.962916" m_tx="-129.071838" m_ty="-200.816757"/>
  </frame>
  <frame idx="225" w="303" h="388" x="-26.772728" y="-127.327652">
   <element name="beanbag01" layername="beanbag" frame="0" z_index="2" m_a="1.000000" m_b="0.000000" m_c="0.000000" m_d="1.000000" m_tx="-127.272728" m_ty="-209.327652"/>
  </frame>
  <frame idx="250" w="303" h="388" x="-26.772728" y="-127.327652">
   <element name="beanbag01" layername="beanbag" frame="0" z_index="2" m_a="1.000000" m_b="0.000000" m_c="0.000000" m_d="1.000000" m_tx="-127.272728" m_ty="-209.327652"/>
  </frame>
  <frame idx="275" w="303" h="388" x="-26.772728" y="-127.327652">
   <element name="beanbag01" layername="beanbag" frame="0" z_index="2" m_a="1.000000" m_b="0.000000" m_c="0.000000" m_d="1.000000" m_tx="-127.272728" m_ty="-209.327652"/>
  </frame>
  <frame idx="300" w="303" h="388" x="-26.772728" y="-127.327652">
   <element name="beanbag01" layername="beanbag" frame="0" z_index="2" m_a="1.000000" m_b="0.000000" m_c="0.000000" m_d="1.000000" m_tx="-127.272728" m_ty="-209.327652"/>
  </frame>
  <frame idx="325" w="303" h="388" x="-26.772728" y="-127.327652">
   <element name="beanbag01" layername="beanbag" frame="0" z_index="2" m_a="1.000000" m_b="0.000000" m_c="0.000000" m_d="1.000000" m_tx="-127.272728" m_ty="-209.327652"/>
  </frame>
  <frame idx="350" w="303" h="388" x="-26.772728" y="-127.327652">
   <element name="beanbag01" layername="beanbag" frame="0" z_index="2" m_a="1.000000" m_b="0.000000" m_c="0.000000" m_d="1.000000" m_tx="-127.272728" m_ty="-209.327652"/>
  </frame>
  <frame idx="375" w="303" h="388" x="-26.772728" y="-127.327652">
   <element name="beanbag01" layername="beanbag" frame="0" z_index="2" m_a="1.000000" m_b="0.000000" m_c="0.000000" m_d="1.000000" m_tx="-127.272728" m_ty="-209.327652"/>
  </frame>
  <frame idx="400" w="303" h="388" x="-26.772728" y="-127.327652">
   <element name="beanbag01" layername="beanbag" frame="0" z_index="2" m_a="1.000000" m_b="0.000000" m_c="0.000000" m_d="1.000000" m_tx="-127.272728" m_ty="-209.327652"/>
  </frame>
  <frame idx="425" w="303" h="388" x="-26.772728" y="-127.327652">
   <element name="beanbag01" layername="beanbag" frame="0" z_index="2" m_a="1.000000" m_b="0.000000" m_c="0.000000" m_d="1.000000" m_tx="-127.272728" m_ty="-209.327652"/>
  </frame>
  <frame idx="450" w="303" h="388" x="-26.772728" y="-127.327652">
   <element name="beanbag01" layername="beanbag" frame="0" z_index="2" m_a="1.000000" m_b="0.000000" m_c="0.000000" m_d="1.000000" m_tx="-127.272728" m_ty="-209.327652"/>
  </frame>
  <frame idx="475" w="303" h="388" x="-26.772728" y="-127.327652">
   <element name="beanbag01" layername="beanbag" frame="0" z_index="2" m_a="1.000000" m_b="0.000000" m_c="0.000000" m_d="1.000000" m_tx="-127.272728" m_ty="-209.327652"/>
  </frame>
  <frame idx="500" w="303" h="388" x="-26.772728" y="-127.327652">
   <element name="beanbag01" layername="beanbag" frame="0" z_index="2" m_a="1.000000" m_b="0.000000" m_c="0.000000" m_d="1.000000" m_tx="-127.272728" m_ty="-209.327652"/>
  </frame>
  <frame idx="525" w="303" h="388" x="-26.772728" y="-127.327652">
   <element name="beanbag01" layername="beanbag" frame="0" z_index="2" m_a="1.000000" m_b="0.000000" m_c="0.000000" m_d="1.000000" m_tx="-127.272728" m_ty="-209.327652"/>
  </frame>
  <frame idx="550" w="303" h="388" x="-26.772728" y="-127.327652">
   <element name="beanbag01" layername="beanbag" frame="0" z_index="2" m_a="1.000000" m_b="0.000000" m_c="0.000000" m_d="1.000000" m_tx="-127.272728" m_ty="-209.327652"/>
  </frame>
  <frame idx="575" w="303" h="388" x="-26.772728" y="-127.327652">
   <element name="beanbag01" layername="beanbag" frame="0" z_index="2" m_a="1.000000" m_b="0.000000" m_c="0.000000" m_d="1.000000" m_tx="-127.272728" m_ty="-209.327652"/>
  </frame>
  <frame idx="600" w="303" h="388" x="-26.772728" y="-127.327652">
   <element name="beanbag01" layername="beanbag" frame="0" z_index="2" m_a="1.000000" m_b="0.000000" m_c="0.000000" m_d="1.000000" m_tx="-127.272728" m_ty="-209.327652"/>
  </frame>
  <frame idx="625" w="303" h="388" x="-26.772728" y="-127.327652">
   <element name="beanbag01" layername="beanbag" frame="0" z_index="2" m_a="1.000000" m_b="0.000000" m_c="0.000000" m_d="1.000000" m_tx="-127.272728" m_ty="-209.327652"/>
  </frame>
  <frame idx="650" w="303" h="388" x="-26.772728" y="-127.327652">
   <element name="beanbag01" layername="beanbag" frame="0" z_index="2" m_a="1.000000" m_b="0.000000" m_c="0.000000" m_d="1.000000" m_tx="-127.272728" m_ty="-209.327652"/>
  </frame>
  <frame idx="675" w="303" h="388" x="-26.772728" y="-127.327652">
   <element name="beanbag01" layername="beanbag" frame="0" z_index="2" m_a="1.000000" m_b="0.000000" m_c="0.000000" m_d="1.000000" m_tx="-127.272728" m_ty="-209.327652"/>
  </frame>
  <frame idx="700" w="303" h="388" x="-26.772728" y="-127.327652">
   <element name="beanbag01" layername="beanbag" frame="0" z_index="2" m_a="1.000000" m_b="0.000000" m_c="0.000000" m_d="1.000000" m_tx="-127.272728" m_ty="-209.327652"/>
  </frame>
  <frame idx="725" w="303" h="388" x="-26.772728" y="-127.327652">
   <element name="beanbag01" layername="beanbag" frame="0" z_index="2" m_a="1.000000" m_b="0.000000" m_c="0.000000" m_d="1.000000" m_tx="-127.272728" m_ty="-209.327652"/>
  </frame>
  <frame idx="750" w="303" h="388" x="-26.772728" y="-127.327652">
   <element name="beanbag01" layername="beanbag" frame="0" z_index="2" m_a="1.000000" m_b="0.000000" m_c="0.000000" m_d="1.000000" m_tx="-127.272728" m_ty="-209.327652"/>
  </frame>
  <frame idx="775" w="303" h="388" x="-26.772728" y="-127.327652">
   <element name="beanbag01" layername="beanbag" frame="0" z_index="2" m_a="1.000000" m_b="0.000000" m_c="0.000000" m_d="1.000000" m_tx="-127.272728" m_ty="-209.327652"/>
  </frame>
  <frame idx="800" w="303" h="388" x="-26.772728" y="-127.327652">
   <element name="beanbag01" layername="beanbag" frame="0" z_index="2" m_a="1.000000" m_b="0.000000" m_c="0.000000" m_d="1.000000" m_tx="-127.272728" m_ty="-209.327652"/>
  </frame>
  <frame idx="825" w="303" h="388" x="-26.772728" y="-127.327652">
   <element name="beanbag01" layername="beanbag" frame="0" z_index="2" m_a="1.000000" m_b="0.000000" m_c="0.000000" m_d="1.000000" m_tx="-127.272728" m_ty="-209.327652"/>
  </frame>
  <frame idx="850" w="303" h="388" x="-26.772728" y="-127.327652">
   <element name="beanbag01" layername="beanbag" frame="0" z_index="2" m_a="1.000000" m_b="0.000000" m_c="0.000000" m_d="1.000000" m_tx="-127.272728" m_ty="-209.327652"/>
  </frame>
  <frame idx="875" w="303" h="388" x="-26.772728" y="-127.327652">
   <element name="beanbag01" layername="beanbag" frame="0" z_index="2" m_a="1.000000" m_b="0.000000" m_c="0.000000" m_d="1.000000" m_tx="-127.272728" m_ty="-209.327652"/>
  </frame>
  <frame idx="900" w="303" h="388" x="-26.772728" y="-127.327652">
   <element name="beanbag01" layername="beanbag" frame="0" z_index="2" m_a="1.000000" m_b="0.000000" m_c="0.000000" m_d="1.000000" m_tx="-127.272728" m_ty="-209.327652"/>
  </frame>
  <frame idx="925" w="303" h="388" x="-26.772728" y="-127.327652">
   <element name="beanbag01" layername="beanbag" frame="0" z_index="2" m_a="1.000000" m_b="0.000000" m_c="0.000000" m_d="1.000000" m_tx="-127.272728" m_ty="-209.327652"/>
  </frame>
  <frame idx="950" w="303" h="388" x="-26.772728" y="-127.327652">
   <element name="beanbag01" layername="beanbag" frame="0" z_index="2" m_a="1.000000" m_b="0.000000" m_c="0.000000" m_d="1.000000" m_tx="-127.272728" m_ty="-209.327652"/>
  </frame>
  <frame idx="975" w="303" h="388" x="-26.772728" y="-127.327652">
   <element name="beanbag01" layername="beanbag" frame="0" z_index="2" m_a="1.000000" m_b="0.000000" m_c="0.000000" m_d="1.000000" m_tx="-127.272728" m_ty="-209.327652"/>
  </frame>
 </anim>
</Anims>
