<Anims>
 <anim name="idle" root="wartable" numframes="1000" framerate="40">
  <frame idx="0" w="561" h="389" x="-66.323532" y="-113.558823">
   <element name="wartable01" layername="wartable" frame="0" z_index="2" m_a="1.000000" m_b="0.000000" m_c="0.000000" m_d="1.000000" m_tx="-252.823532" m_ty="-212.058823"/>
  </frame>
  <frame idx="25" w="561" h="389" x="-66.323532" y="-113.558823">
   <element name="wartable01" layername="wartable" frame="0" z_index="2" m_a="1.000000" m_b="0.000000" m_c="0.000000" m_d="1.000000" m_tx="-252.823532" m_ty="-212.058823"/>
  </frame>
  <frame idx="50" w="561" h="389" x="-66.323532" y="-113.558823">
   <element name="wartable01" layername="wartable" frame="0" z_index="2" m_a="1.000000" m_b="0.000000" m_c="0.000000" m_d="1.000000" m_tx="-252.823532" m_ty="-212.058823"/>
  </frame>
  <frame idx="75" w="561" h="389" x="-66.323532" y="-113.558823">
   <element name="wartable01" layername="wartable" frame="0" z_index="2" m_a="1.000000" m_b="0.000000" m_c="0.000000" m_d="1.000000" m_tx="-252.823532" m_ty="-212.058823"/>
  </frame>
  <frame idx="100" w="561" h="389" x="-66.323532" y="-113.558823">
   <element name="wartable01" layername="wartable" frame="0" z_index="2" m_a="1.000000" m_b="0.000000" m_c="0.000000" m_d="1.000000" m_tx="-252.823532" m_ty="-212.058823"/>
  </frame>
  <frame idx="125" w="561" h="389" x="-66.323532" y="-113.558823">
   <element name="wartable01" layername="wartable" frame="0" z_index="2" m_a="1.000000" m_b="0.000000" m_c="0.000000" m_d="1.000000" m_tx="-252.823532" m_ty="-212.058823"/>
  </frame>
  <frame idx="150" w="561" h="389" x="-66.323532" y="-113.558823">
   <element name="wartable01" layername="wartable" frame="0" z_index="2" m_a="1.000000" m_b="0.000000" m_c="0.000000" m_d="1.000000" m_tx="-252.823532" m_ty="-212.058823"/>
  </frame>
  <frame idx="175" w="561" h="389" x="-66.323532" y="-113.558823">
   <element name="wartable01" layername="wartable" frame="0" z_index="2" m_a="1.000000" m_b="0.000000" m_c="0.000000" m_d="1.000000" m_tx="-252.823532" m_ty="-212.058823"/>
  </frame>
  <frame idx="200" w="561" h="389" x="-66.323532" y="-113.558823">
   <element name="wartable01" layername="wartable" frame="0" z_index="2" m_a="1.000000" m_b="0.000000" m_c="0.000000" m_d="1.000000" m_tx="-252.823532" m_ty="-212.058823"/>
  </frame>
  <frame idx="225" w="561" h="389" x="-66.323532" y="-113.558823">
   <element name="wartable01" layername="wartable" frame="0" z_index="2" m_a="1.000000" m_b="0.000000" m_c="0.000000" m_d="1.000000" m_tx="-252.823532" m_ty="-212.058823"/>
  </frame>
  <frame idx="250" w="561" h="389" x="-66.323532" y="-113.558823">
   <element name="wartable01" layername="wartable" frame="0" z_index="2" m_a="1.000000" m_b="0.000000" m_c="0.000000" m_d="1.000000" m_tx="-252.823532" m_ty="-212.058823"/>
  </frame>
  <frame idx="275" w="561" h="389" x="-66.323532" y="-113.558823">
   <element name="wartable01" layername="wartable" frame="0" z_index="2" m_a="1.000000" m_b="0.000000" m_c="0.000000" m_d="1.000000" m_tx="-252.823532" m_ty="-212.058823"/>
  </frame>
  <frame idx="300" w="561" h="389" x="-66.323532" y="-113.558823">
   <element name="wartable01" layername="wartable" frame="0" z_index="2" m_a="1.000000" m_b="0.000000" m_c="0.000000" m_d="1.000000" m_tx="-252.823532" m_ty="-212.058823"/>
  </frame>
  <frame idx="325" w="561" h="389" x="-66.323532" y="-113.558823">
   <element name="wartable01" layername="wartable" frame="0" z_index="2" m_a="1.000000" m_b="0.000000" m_c="0.000000" m_d="1.000000" m_tx="-252.823532" m_ty="-212.058823"/>
  </frame>
  <frame idx="350" w="561" h="389" x="-66.323532" y="-113.558823">
   <element name="wartable01" layername="wartable" frame="0" z_index="2" m_a="1.000000" m_b="0.000000" m_c="0.000000" m_d="1.000000" m_tx="-252.823532" m_ty="-212.058823"/>
  </frame>
  <frame idx="375" w="561" h="389" x="-66.323532" y="-113.558823">
   <element name="wartable01" layername="wartable" frame="0" z_index="2" m_a="1.000000" m_b="0.000000" m_c="0.000000" m_d="1.000000" m_tx="-252.823532" m_ty="-212.058823"/>
  </frame>
  <frame idx="400" w="561" h="389" x="-66.323532" y="-113.558823">
   <element name="wartable01" layername="wartable" frame="0" z_index="2" m_a="1.000000" m_b="0.000000" m_c="0.000000" m_d="1.000000" m_tx="-252.823532" m_ty="-212.058823"/>
  </frame>
  <frame idx="425" w="561" h="389" x="-66.323532" y="-113.558823">
   <element name="wartable01" layername="wartable" frame="0" z_index="2" m_a="1.000000" m_b="0.000000" m_c="0.000000" m_d="1.000000" m_tx="-252.823532" m_ty="-212.058823"/>
  </frame>
  <frame idx="450" w="561" h="389" x="-66.323532" y="-113.558823">
   <element name="wartable01" layername="wartable" frame="0" z_index="2" m_a="1.000000" m_b="0.000000" m_c="0.000000" m_d="1.000000" m_tx="-252.823532" m_ty="-212.058823"/>
  </frame>
  <frame idx="475" w="561" h="389" x="-66.323532" y="-113.558823">
   <element name="wartable01" layername="wartable" frame="0" z_index="2" m_a="1.000000" m_b="0.000000" m_c="0.000000" m_d="1.000000" m_tx="-252.823532" m_ty="-212.058823"/>
  </frame>
  <frame idx="500" w="561" h="389" x="-66.323532" y="-113.558823">
   <element name="wartable01" layername="wartable" frame="0" z_index="2" m_a="1.000000" m_b="0.000000" m_c="0.000000" m_d="1.000000" m_tx="-252.823532" m_ty="-212.058823"/>
  </frame>
  <frame idx="525" w="561" h="389" x="-66.323532" y="-113.558823">
   <element name="wartable01" layername="wartable" frame="0" z_index="2" m_a="1.000000" m_b="0.000000" m_c="0.000000" m_d="1.000000" m_tx="-252.823532" m_ty="-212.058823"/>
  </frame>
  <frame idx="550" w="561" h="389" x="-66.323532" y="-113.558823">
   <element name="wartable01" layername="wartable" frame="0" z_index="2" m_a="1.000000" m_b="0.000000" m_c="0.000000" m_d="1.000000" m_tx="-252.823532" m_ty="-212.058823"/>
  </frame>
  <frame idx="575" w="561" h="389" x="-66.323532" y="-113.558823">
   <element name="wartable01" layername="wartable" frame="0" z_index="2" m_a="1.000000" m_b="0.000000" m_c="0.000000" m_d="1.000000" m_tx="-252.823532" m_ty="-212.058823"/>
  </frame>
  <frame idx="600" w="561" h="389" x="-66.323532" y="-113.558823">
   <element name="wartable01" layername="wartable" frame="0" z_index="2" m_a="1.000000" m_b="0.000000" m_c="0.000000" m_d="1.000000" m_tx="-252.823532" m_ty="-212.058823"/>
  </frame>
  <frame idx="625" w="561" h="389" x="-66.323532" y="-113.558823">
   <element name="wartable01" layername="wartable" frame="0" z_index="2" m_a="1.000000" m_b="0.000000" m_c="0.000000" m_d="1.000000" m_tx="-252.823532" m_ty="-212.058823"/>
  </frame>
  <frame idx="650" w="561" h="389" x="-66.323532" y="-113.558823">
   <element name="wartable01" layername="wartable" frame="0" z_index="2" m_a="1.000000" m_b="0.000000" m_c="0.000000" m_d="1.000000" m_tx="-252.823532" m_ty="-212.058823"/>
  </frame>
  <frame idx="675" w="561" h="389" x="-66.323532" y="-113.558823">
   <element name="wartable01" layername="wartable" frame="0" z_index="2" m_a="1.000000" m_b="0.000000" m_c="0.000000" m_d="1.000000" m_tx="-252.823532" m_ty="-212.058823"/>
  </frame>
  <frame idx="700" w="561" h="389" x="-66.323532" y="-113.558823">
   <element name="wartable01" layername="wartable" frame="0" z_index="2" m_a="1.000000" m_b="0.000000" m_c="0.000000" m_d="1.000000" m_tx="-252.823532" m_ty="-212.058823"/>
  </frame>
  <frame idx="725" w="561" h="389" x="-66.323532" y="-113.558823">
   <element name="wartable01" layername="wartable" frame="0" z_index="2" m_a="1.000000" m_b="0.000000" m_c="0.000000" m_d="1.000000" m_tx="-252.823532" m_ty="-212.058823"/>
  </frame>
  <frame idx="750" w="561" h="389" x="-66.323532" y="-113.558823">
   <element name="wartable01" layername="wartable" frame="0" z_index="2" m_a="1.000000" m_b="0.000000" m_c="0.000000" m_d="1.000000" m_tx="-252.823532" m_ty="-212.058823"/>
  </frame>
  <frame idx="775" w="561" h="389" x="-66.323532" y="-113.558823">
   <element name="wartable01" layername="wartable" frame="0" z_index="2" m_a="1.000000" m_b="0.000000" m_c="0.000000" m_d="1.000000" m_tx="-252.823532" m_ty="-212.058823"/>
  </frame>
  <frame idx="800" w="561" h="389" x="-66.323532" y="-113.558823">
   <element name="wartable01" layername="wartable" frame="0" z_index="2" m_a="1.000000" m_b="0.000000" m_c="0.000000" m_d="1.000000" m_tx="-252.823532" m_ty="-212.058823"/>
  </frame>
  <frame idx="825" w="561" h="389" x="-66.323532" y="-113.558823">
   <element name="wartable01" layername="wartable" frame="0" z_index="2" m_a="1.000000" m_b="0.000000" m_c="0.000000" m_d="1.000000" m_tx="-252.823532" m_ty="-212.058823"/>
  </frame>
  <frame idx="850" w="561" h="389" x="-66.323532" y="-113.558823">
   <element name="wartable01" layername="wartable" frame="0" z_index="2" m_a="1.000000" m_b="0.000000" m_c="0.000000" m_d="1.000000" m_tx="-252.823532" m_ty="-212.058823"/>
  </frame>
  <frame idx="875" w="561" h="389" x="-66.323532" y="-113.558823">
   <element name="wartable01" layername="wartable" frame="0" z_index="2" m_a="1.000000" m_b="0.000000" m_c="0.000000" m_d="1.000000" m_tx="-252.823532" m_ty="-212.058823"/>
  </frame>
  <frame idx="900" w="561" h="389" x="-66.323532" y="-113.558823">
   <element name="wartable01" layername="wartable" frame="0" z_index="2" m_a="1.000000" m_b="0.000000" m_c="0.000000" m_d="1.000000" m_tx="-252.823532" m_ty="-212.058823"/>
  </frame>
  <frame idx="925" w="561" h="389" x="-66.323532" y="-113.558823">
   <element name="wartable01" layername="wartable" frame="0" z_index="2" m_a="1.000000" m_b="0.000000" m_c="0.000000" m_d="1.000000" m_tx="-252.823532" m_ty="-212.058823"/>
  </frame>
  <frame idx="950" w="561" h="389" x="-66.323532" y="-113.558823">
   <element name="wartable01" layername="wartable" frame="0" z_index="2" m_a="1.000000" m_b="0.000000" m_c="0.000000" m_d="1.000000" m_tx="-252.823532" m_ty="-212.058823"/>
  </frame>
  <frame idx="975" w="561" h="389" x="-66.323532" y="-113.558823">
   <element name="wartable01" layername="wartable" frame="0" z_index="2" m_a="1.000000" m_b="0.000000" m_c="0.000000" m_d="1.000000" m_tx="-252.823532" m_ty="-212.058823"/>
  </frame>
 </anim>
 <anim name="hit" root="wartable" numframes="1000" framerate="40">
  <frame idx="0" w="561" h="389" x="-66.323532" y="-113.558823">
   <element name="wartable01" layername="wartable" frame="0" z_index="2" m_a="1.000000" m_b="0.000000" m_c="0.000000" m_d="1.000000" m_tx="-252.823532" m_ty="-212.058823"/>
  </frame>
  <frame idx="25" w="590" h="340" x="-68.469177" y="-95.714653">
   <element name="wartable01" layername="wartable" frame="0" z_index="2" m_a="1.050101" m_b="0.000000" m_c="0.000000" m_d="0.894721" m_tx="-264.167664" m_ty="-184.423157"/>
  </frame>
  <frame idx="50" w="617" h="291" x="-70.114845" y="-77.870483">
   <element name="wartable01" layername="wartable" frame="0" z_index="2" m_a="1.100201" m_b="0.000000" m_c="0.000000" m_d="0.789443" m_tx="-275.511780" m_ty="-156.787491"/>
  </frame>
  <frame idx="75" w="646" h="242" x="-72.260483" y="-60.026318">
   <element name="wartable01" layername="wartable" frame="0" z_index="2" m_a="1.150302" m_b="0.000000" m_c="0.000000" m_d="0.684164" m_tx="-286.855896" m_ty="-129.151825"/>
  </frame>
  <frame idx="100" w="668" h="203" x="-73.980591" y="-45.592651">
   <element name="wartable01" layername="wartable" frame="0" z_index="2" m_a="1.189869" m_b="0.000000" m_c="0.000000" m_d="0.601019" m_tx="-295.815094" m_ty="-107.326080"/>
  </frame>
  <frame idx="125" w="647" h="239" x="-72.247063" y="-59.002598">
   <element name="wartable01" layername="wartable" frame="0" z_index="2" m_a="1.152197" m_b="0.000000" m_c="0.000000" m_d="0.680182" m_tx="-287.285034" m_ty="-128.106384"/>
  </frame>
  <frame idx="150" w="626" h="276" x="-71.013504" y="-72.412552">
   <element name="wartable01" layername="wartable" frame="0" z_index="2" m_a="1.114524" m_b="0.000000" m_c="0.000000" m_d="0.759345" m_tx="-278.754944" m_ty="-148.886688"/>
  </frame>
  <frame idx="175" w="604" h="314" x="-69.279976" y="-86.322510">
   <element name="wartable01" layername="wartable" frame="0" z_index="2" m_a="1.076852" m_b="0.000000" m_c="0.000000" m_d="0.838508" m_tx="-270.224884" m_ty="-169.666992"/>
  </frame>
  <frame idx="200" w="584" h="351" x="-68.046394" y="-99.732475">
   <element name="wartable01" layername="wartable" frame="0" z_index="2" m_a="1.039179" m_b="0.000000" m_c="0.000000" m_d="0.917670" m_tx="-261.694794" m_ty="-190.447311"/>
  </frame>
  <frame idx="225" w="562" h="388" x="-66.312866" y="-113.142426">
   <element name="wartable01" layername="wartable" frame="0" z_index="2" m_a="1.001507" m_b="0.000000" m_c="0.000000" m_d="0.996834" m_tx="-253.164734" m_ty="-211.227615"/>
  </frame>
  <frame idx="250" w="561" h="389" x="-66.323532" y="-113.558823">
   <element name="wartable01" layername="wartable" frame="0" z_index="2" m_a="1.000000" m_b="0.000000" m_c="0.000000" m_d="1.000000" m_tx="-252.823532" m_ty="-212.058823"/>
  </frame>
  <frame idx="275" w="561" h="389" x="-66.323532" y="-113.558823">
   <element name="wartable01" layername="wartable" frame="0" z_index="2" m_a="1.000000" m_b="0.000000" m_c="0.000000" m_d="1.000000" m_tx="-252.823532" m_ty="-212.058823"/>
  </frame>
  <frame idx="300" w="561" h="389" x="-66.323532" y="-113.558823">
   <element name="wartable01" layername="wartable" frame="0" z_index="2" m_a="1.000000" m_b="0.000000" m_c="0.000000" m_d="1.000000" m_tx="-252.823532" m_ty="-212.058823"/>
  </frame>
  <frame idx="325" w="561" h="389" x="-66.323532" y="-113.558823">
   <element name="wartable01" layername="wartable" frame="0" z_index="2" m_a="1.000000" m_b="0.000000" m_c="0.000000" m_d="1.000000" m_tx="-252.823532" m_ty="-212.058823"/>
  </frame>
  <frame idx="350" w="561" h="389" x="-66.323532" y="-113.558823">
   <element name="wartable01" layername="wartable" frame="0" z_index="2" m_a="1.000000" m_b="0.000000" m_c="0.000000" m_d="1.000000" m_tx="-252.823532" m_ty="-212.058823"/>
  </frame>
  <frame idx="375" w="561" h="389" x="-66.323532" y="-113.558823">
   <element name="wartable01" layername="wartable" frame="0" z_index="2" m_a="1.000000" m_b="0.000000" m_c="0.000000" m_d="1.000000" m_tx="-252.823532" m_ty="-212.058823"/>
  </frame>
  <frame idx="400" w="561" h="389" x="-66.323532" y="-113.558823">
   <element name="wartable01" layername="wartable" frame="0" z_index="2" m_a="1.000000" m_b="0.000000" m_c="0.000000" m_d="1.000000" m_tx="-252.823532" m_ty="-212.058823"/>
  </frame>
  <frame idx="425" w="561" h="389" x="-66.323532" y="-113.558823">
   <element name="wartable01" layername="wartable" frame="0" z_index="2" m_a="1.000000" m_b="0.000000" m_c="0.000000" m_d="1.000000" m_tx="-252.823532" m_ty="-212.058823"/>
  </frame>
  <frame idx="450" w="561" h="389" x="-66.323532" y="-113.558823">
   <element name="wartable01" layername="wartable" frame="0" z_index="2" m_a="1.000000" m_b="0.000000" m_c="0.000000" m_d="1.000000" m_tx="-252.823532" m_ty="-212.058823"/>
  </frame>
  <frame idx="475" w="561" h="389" x="-66.323532" y="-113.558823">
   <element name="wartable01" layername="wartable" frame="0" z_index="2" m_a="1.000000" m_b="0.000000" m_c="0.000000" m_d="1.000000" m_tx="-252.823532" m_ty="-212.058823"/>
  </frame>
  <frame idx="500" w="561" h="389" x="-66.323532" y="-113.558823">
   <element name="wartable01" layername="wartable" frame="0" z_index="2" m_a="1.000000" m_b="0.000000" m_c="0.000000" m_d="1.000000" m_tx="-252.823532" m_ty="-212.058823"/>
  </frame>
  <frame idx="525" w="561" h="389" x="-66.323532" y="-113.558823">
   <element name="wartable01" layername="wartable" frame="0" z_index="2" m_a="1.000000" m_b="0.000000" m_c="0.000000" m_d="1.000000" m_tx="-252.823532" m_ty="-212.058823"/>
  </frame>
  <frame idx="550" w="561" h="389" x="-66.323532" y="-113.558823">
   <element name="wartable01" layername="wartable" frame="0" z_index="2" m_a="1.000000" m_b="0.000000" m_c="0.000000" m_d="1.000000" m_tx="-252.823532" m_ty="-212.058823"/>
  </frame>
  <frame idx="575" w="561" h="389" x="-66.323532" y="-113.558823">
   <element name="wartable01" layername="wartable" frame="0" z_index="2" m_a="1.000000" m_b="0.000000" m_c="0.000000" m_d="1.000000" m_tx="-252.823532" m_ty="-212.058823"/>
  </frame>
  <frame idx="600" w="561" h="389" x="-66.323532" y="-113.558823">
   <element name="wartable01" layername="wartable" frame="0" z_index="2" m_a="1.000000" m_b="0.000000" m_c="0.000000" m_d="1.000000" m_tx="-252.823532" m_ty="-212.058823"/>
  </frame>
  <frame idx="625" w="561" h="389" x="-66.323532" y="-113.558823">
   <element name="wartable01" layername="wartable" frame="0" z_index="2" m_a="1.000000" m_b="0.000000" m_c="0.000000" m_d="1.000000" m_tx="-252.823532" m_ty="-212.058823"/>
  </frame>
  <frame idx="650" w="561" h="389" x="-66.323532" y="-113.558823">
   <element name="wartable01" layername="wartable" frame="0" z_index="2" m_a="1.000000" m_b="0.000000" m_c="0.000000" m_d="1.000000" m_tx="-252.823532" m_ty="-212.058823"/>
  </frame>
  <frame idx="675" w="561" h="389" x="-66.323532" y="-113.558823">
   <element name="wartable01" layername="wartable" frame="0" z_index="2" m_a="1.000000" m_b="0.000000" m_c="0.000000" m_d="1.000000" m_tx="-252.823532" m_ty="-212.058823"/>
  </frame>
  <frame idx="700" w="561" h="389" x="-66.323532" y="-113.558823">
   <element name="wartable01" layername="wartable" frame="0" z_index="2" m_a="1.000000" m_b="0.000000" m_c="0.000000" m_d="1.000000" m_tx="-252.823532" m_ty="-212.058823"/>
  </frame>
  <frame idx="725" w="561" h="389" x="-66.323532" y="-113.558823">
   <element name="wartable01" layername="wartable" frame="0" z_index="2" m_a="1.000000" m_b="0.000000" m_c="0.000000" m_d="1.000000" m_tx="-252.823532" m_ty="-212.058823"/>
  </frame>
  <frame idx="750" w="561" h="389" x="-66.323532" y="-113.558823">
   <element name="wartable01" layername="wartable" frame="0" z_index="2" m_a="1.000000" m_b="0.000000" m_c="0.000000" m_d="1.000000" m_tx="-252.823532" m_ty="-212.058823"/>
  </frame>
  <frame idx="775" w="561" h="389" x="-66.323532" y="-113.558823">
   <element name="wartable01" layername="wartable" frame="0" z_index="2" m_a="1.000000" m_b="0.000000" m_c="0.000000" m_d="1.000000" m_tx="-252.823532" m_ty="-212.058823"/>
  </frame>
  <frame idx="800" w="561" h="389" x="-66.323532" y="-113.558823">
   <element name="wartable01" layername="wartable" frame="0" z_index="2" m_a="1.000000" m_b="0.000000" m_c="0.000000" m_d="1.000000" m_tx="-252.823532" m_ty="-212.058823"/>
  </frame>
  <frame idx="825" w="561" h="389" x="-66.323532" y="-113.558823">
   <element name="wartable01" layername="wartable" frame="0" z_index="2" m_a="1.000000" m_b="0.000000" m_c="0.000000" m_d="1.000000" m_tx="-252.823532" m_ty="-212.058823"/>
  </frame>
  <frame idx="850" w="561" h="389" x="-66.323532" y="-113.558823">
   <element name="wartable01" layername="wartable" frame="0" z_index="2" m_a="1.000000" m_b="0.000000" m_c="0.000000" m_d="1.000000" m_tx="-252.823532" m_ty="-212.058823"/>
  </frame>
  <frame idx="875" w="561" h="389" x="-66.323532" y="-113.558823">
   <element name="wartable01" layername="wartable" frame="0" z_index="2" m_a="1.000000" m_b="0.000000" m_c="0.000000" m_d="1.000000" m_tx="-252.823532" m_ty="-212.058823"/>
  </frame>
  <frame idx="900" w="561" h="389" x="-66.323532" y="-113.558823">
   <element name="wartable01" layername="wartable" frame="0" z_index="2" m_a="1.000000" m_b="0.000000" m_c="0.000000" m_d="1.000000" m_tx="-252.823532" m_ty="-212.058823"/>
  </frame>
  <frame idx="925" w="561" h="389" x="-66.323532" y="-113.558823">
   <element name="wartable01" layername="wartable" frame="0" z_index="2" m_a="1.000000" m_b="0.000000" m_c="0.000000" m_d="1.000000" m_tx="-252.823532" m_ty="-212.058823"/>
  </frame>
  <frame idx="950" w="561" h="389" x="-66.323532" y="-113.558823">
   <element name="wartable01" layername="wartable" frame="0" z_index="2" m_a="1.000000" m_b="0.000000" m_c="0.000000" m_d="1.000000" m_tx="-252.823532" m_ty="-212.058823"/>
  </frame>
  <frame idx="975" w="561" h="389" x="-66.323532" y="-113.558823">
   <element name="wartable01" layername="wartable" frame="0" z_index="2" m_a="1.000000" m_b="0.000000" m_c="0.000000" m_d="1.000000" m_tx="-252.823532" m_ty="-212.058823"/>
  </frame>
 </anim>
</Anims>
