<Anims>
 <anim name="idle" root="gearchair2" numframes="1000" framerate="40">
  <frame idx="0" w="303" h="475" x="-7.047173" y="-128.075470">
   <element name="gearchair02" layername="gearchair" frame="0" z_index="2" m_a="1.000000" m_b="0.000000" m_c="0.000000" m_d="1.000000" m_tx="-107.547173" m_ty="-232.075470"/>
  </frame>
  <frame idx="25" w="303" h="475" x="-7.047173" y="-128.075470">
   <element name="gearchair02" layername="gearchair" frame="0" z_index="2" m_a="1.000000" m_b="0.000000" m_c="0.000000" m_d="1.000000" m_tx="-107.547173" m_ty="-232.075470"/>
  </frame>
  <frame idx="50" w="303" h="475" x="-7.047173" y="-128.075470">
   <element name="gearchair02" layername="gearchair" frame="0" z_index="2" m_a="1.000000" m_b="0.000000" m_c="0.000000" m_d="1.000000" m_tx="-107.547173" m_ty="-232.075470"/>
  </frame>
  <frame idx="75" w="303" h="475" x="-7.047173" y="-128.075470">
   <element name="gearchair02" layername="gearchair" frame="0" z_index="2" m_a="1.000000" m_b="0.000000" m_c="0.000000" m_d="1.000000" m_tx="-107.547173" m_ty="-232.075470"/>
  </frame>
  <frame idx="100" w="303" h="475" x="-7.047173" y="-128.075470">
   <element name="gearchair02" layername="gearchair" frame="0" z_index="2" m_a="1.000000" m_b="0.000000" m_c="0.000000" m_d="1.000000" m_tx="-107.547173" m_ty="-232.075470"/>
  </frame>
  <frame idx="125" w="303" h="475" x="-7.047173" y="-128.075470">
   <element name="gearchair02" layername="gearchair" frame="0" z_index="2" m_a="1.000000" m_b="0.000000" m_c="0.000000" m_d="1.000000" m_tx="-107.547173" m_ty="-232.075470"/>
  </frame>
  <frame idx="150" w="303" h="475" x="-7.047173" y="-128.075470">
   <element name="gearchair02" layername="gearchair" frame="0" z_index="2" m_a="1.000000" m_b="0.000000" m_c="0.000000" m_d="1.000000" m_tx="-107.547173" m_ty="-232.075470"/>
  </frame>
  <frame idx="175" w="303" h="475" x="-7.047173" y="-128.075470">
   <element name="gearchair02" layername="gearchair" frame="0" z_index="2" m_a="1.000000" m_b="0.000000" m_c="0.000000" m_d="1.000000" m_tx="-107.547173" m_ty="-232.075470"/>
  </frame>
  <frame idx="200" w="303" h="475" x="-7.047173" y="-128.075470">
   <element name="gearchair02" layername="gearchair" frame="0" z_index="2" m_a="1.000000" m_b="0.000000" m_c="0.000000" m_d="1.000000" m_tx="-107.547173" m_ty="-232.075470"/>
  </frame>
  <frame idx="225" w="303" h="475" x="-7.047173" y="-128.075470">
   <element name="gearchair02" layername="gearchair" frame="0" z_index="2" m_a="1.000000" m_b="0.000000" m_c="0.000000" m_d="1.000000" m_tx="-107.547173" m_ty="-232.075470"/>
  </frame>
  <frame idx="250" w="303" h="475" x="-7.047173" y="-128.075470">
   <element name="gearchair02" layername="gearchair" frame="0" z_index="2" m_a="1.000000" m_b="0.000000" m_c="0.000000" m_d="1.000000" m_tx="-107.547173" m_ty="-232.075470"/>
  </frame>
  <frame idx="275" w="303" h="475" x="-7.047173" y="-128.075470">
   <element name="gearchair02" layername="gearchair" frame="0" z_index="2" m_a="1.000000" m_b="0.000000" m_c="0.000000" m_d="1.000000" m_tx="-107.547173" m_ty="-232.075470"/>
  </frame>
  <frame idx="300" w="303" h="475" x="-7.047173" y="-128.075470">
   <element name="gearchair02" layername="gearchair" frame="0" z_index="2" m_a="1.000000" m_b="0.000000" m_c="0.000000" m_d="1.000000" m_tx="-107.547173" m_ty="-232.075470"/>
  </frame>
  <frame idx="325" w="303" h="475" x="-7.047173" y="-128.075470">
   <element name="gearchair02" layername="gearchair" frame="0" z_index="2" m_a="1.000000" m_b="0.000000" m_c="0.000000" m_d="1.000000" m_tx="-107.547173" m_ty="-232.075470"/>
  </frame>
  <frame idx="350" w="303" h="475" x="-7.047173" y="-128.075470">
   <element name="gearchair02" layername="gearchair" frame="0" z_index="2" m_a="1.000000" m_b="0.000000" m_c="0.000000" m_d="1.000000" m_tx="-107.547173" m_ty="-232.075470"/>
  </frame>
  <frame idx="375" w="303" h="475" x="-7.047173" y="-128.075470">
   <element name="gearchair02" layername="gearchair" frame="0" z_index="2" m_a="1.000000" m_b="0.000000" m_c="0.000000" m_d="1.000000" m_tx="-107.547173" m_ty="-232.075470"/>
  </frame>
  <frame idx="400" w="303" h="475" x="-7.047173" y="-128.075470">
   <element name="gearchair02" layername="gearchair" frame="0" z_index="2" m_a="1.000000" m_b="0.000000" m_c="0.000000" m_d="1.000000" m_tx="-107.547173" m_ty="-232.075470"/>
  </frame>
  <frame idx="425" w="303" h="475" x="-7.047173" y="-128.075470">
   <element name="gearchair02" layername="gearchair" frame="0" z_index="2" m_a="1.000000" m_b="0.000000" m_c="0.000000" m_d="1.000000" m_tx="-107.547173" m_ty="-232.075470"/>
  </frame>
  <frame idx="450" w="303" h="475" x="-7.047173" y="-128.075470">
   <element name="gearchair02" layername="gearchair" frame="0" z_index="2" m_a="1.000000" m_b="0.000000" m_c="0.000000" m_d="1.000000" m_tx="-107.547173" m_ty="-232.075470"/>
  </frame>
  <frame idx="475" w="303" h="475" x="-7.047173" y="-128.075470">
   <element name="gearchair02" layername="gearchair" frame="0" z_index="2" m_a="1.000000" m_b="0.000000" m_c="0.000000" m_d="1.000000" m_tx="-107.547173" m_ty="-232.075470"/>
  </frame>
  <frame idx="500" w="303" h="475" x="-7.047173" y="-128.075470">
   <element name="gearchair02" layername="gearchair" frame="0" z_index="2" m_a="1.000000" m_b="0.000000" m_c="0.000000" m_d="1.000000" m_tx="-107.547173" m_ty="-232.075470"/>
  </frame>
  <frame idx="525" w="303" h="475" x="-7.047173" y="-128.075470">
   <element name="gearchair02" layername="gearchair" frame="0" z_index="2" m_a="1.000000" m_b="0.000000" m_c="0.000000" m_d="1.000000" m_tx="-107.547173" m_ty="-232.075470"/>
  </frame>
  <frame idx="550" w="303" h="475" x="-7.047173" y="-128.075470">
   <element name="gearchair02" layername="gearchair" frame="0" z_index="2" m_a="1.000000" m_b="0.000000" m_c="0.000000" m_d="1.000000" m_tx="-107.547173" m_ty="-232.075470"/>
  </frame>
  <frame idx="575" w="303" h="475" x="-7.047173" y="-128.075470">
   <element name="gearchair02" layername="gearchair" frame="0" z_index="2" m_a="1.000000" m_b="0.000000" m_c="0.000000" m_d="1.000000" m_tx="-107.547173" m_ty="-232.075470"/>
  </frame>
  <frame idx="600" w="303" h="475" x="-7.047173" y="-128.075470">
   <element name="gearchair02" layername="gearchair" frame="0" z_index="2" m_a="1.000000" m_b="0.000000" m_c="0.000000" m_d="1.000000" m_tx="-107.547173" m_ty="-232.075470"/>
  </frame>
  <frame idx="625" w="303" h="475" x="-7.047173" y="-128.075470">
   <element name="gearchair02" layername="gearchair" frame="0" z_index="2" m_a="1.000000" m_b="0.000000" m_c="0.000000" m_d="1.000000" m_tx="-107.547173" m_ty="-232.075470"/>
  </frame>
  <frame idx="650" w="303" h="475" x="-7.047173" y="-128.075470">
   <element name="gearchair02" layername="gearchair" frame="0" z_index="2" m_a="1.000000" m_b="0.000000" m_c="0.000000" m_d="1.000000" m_tx="-107.547173" m_ty="-232.075470"/>
  </frame>
  <frame idx="675" w="303" h="475" x="-7.047173" y="-128.075470">
   <element name="gearchair02" layername="gearchair" frame="0" z_index="2" m_a="1.000000" m_b="0.000000" m_c="0.000000" m_d="1.000000" m_tx="-107.547173" m_ty="-232.075470"/>
  </frame>
  <frame idx="700" w="303" h="475" x="-7.047173" y="-128.075470">
   <element name="gearchair02" layername="gearchair" frame="0" z_index="2" m_a="1.000000" m_b="0.000000" m_c="0.000000" m_d="1.000000" m_tx="-107.547173" m_ty="-232.075470"/>
  </frame>
  <frame idx="725" w="303" h="475" x="-7.047173" y="-128.075470">
   <element name="gearchair02" layername="gearchair" frame="0" z_index="2" m_a="1.000000" m_b="0.000000" m_c="0.000000" m_d="1.000000" m_tx="-107.547173" m_ty="-232.075470"/>
  </frame>
  <frame idx="750" w="303" h="475" x="-7.047173" y="-128.075470">
   <element name="gearchair02" layername="gearchair" frame="0" z_index="2" m_a="1.000000" m_b="0.000000" m_c="0.000000" m_d="1.000000" m_tx="-107.547173" m_ty="-232.075470"/>
  </frame>
  <frame idx="775" w="303" h="475" x="-7.047173" y="-128.075470">
   <element name="gearchair02" layername="gearchair" frame="0" z_index="2" m_a="1.000000" m_b="0.000000" m_c="0.000000" m_d="1.000000" m_tx="-107.547173" m_ty="-232.075470"/>
  </frame>
  <frame idx="800" w="303" h="475" x="-7.047173" y="-128.075470">
   <element name="gearchair02" layername="gearchair" frame="0" z_index="2" m_a="1.000000" m_b="0.000000" m_c="0.000000" m_d="1.000000" m_tx="-107.547173" m_ty="-232.075470"/>
  </frame>
  <frame idx="825" w="303" h="475" x="-7.047173" y="-128.075470">
   <element name="gearchair02" layername="gearchair" frame="0" z_index="2" m_a="1.000000" m_b="0.000000" m_c="0.000000" m_d="1.000000" m_tx="-107.547173" m_ty="-232.075470"/>
  </frame>
  <frame idx="850" w="303" h="475" x="-7.047173" y="-128.075470">
   <element name="gearchair02" layername="gearchair" frame="0" z_index="2" m_a="1.000000" m_b="0.000000" m_c="0.000000" m_d="1.000000" m_tx="-107.547173" m_ty="-232.075470"/>
  </frame>
  <frame idx="875" w="303" h="475" x="-7.047173" y="-128.075470">
   <element name="gearchair02" layername="gearchair" frame="0" z_index="2" m_a="1.000000" m_b="0.000000" m_c="0.000000" m_d="1.000000" m_tx="-107.547173" m_ty="-232.075470"/>
  </frame>
  <frame idx="900" w="303" h="475" x="-7.047173" y="-128.075470">
   <element name="gearchair02" layername="gearchair" frame="0" z_index="2" m_a="1.000000" m_b="0.000000" m_c="0.000000" m_d="1.000000" m_tx="-107.547173" m_ty="-232.075470"/>
  </frame>
  <frame idx="925" w="303" h="475" x="-7.047173" y="-128.075470">
   <element name="gearchair02" layername="gearchair" frame="0" z_index="2" m_a="1.000000" m_b="0.000000" m_c="0.000000" m_d="1.000000" m_tx="-107.547173" m_ty="-232.075470"/>
  </frame>
  <frame idx="950" w="303" h="475" x="-7.047173" y="-128.075470">
   <element name="gearchair02" layername="gearchair" frame="0" z_index="2" m_a="1.000000" m_b="0.000000" m_c="0.000000" m_d="1.000000" m_tx="-107.547173" m_ty="-232.075470"/>
  </frame>
  <frame idx="975" w="303" h="475" x="-7.047173" y="-128.075470">
   <element name="gearchair02" layername="gearchair" frame="0" z_index="2" m_a="1.000000" m_b="0.000000" m_c="0.000000" m_d="1.000000" m_tx="-107.547173" m_ty="-232.075470"/>
  </frame>
 </anim>
 <anim name="hit" root="gearchair2" numframes="1000" framerate="40">
  <frame idx="0" w="303" h="475" x="-7.047173" y="-128.075470">
   <element name="gearchair02" layername="gearchair" frame="0" z_index="2" m_a="1.000000" m_b="0.000000" m_c="0.000000" m_d="1.000000" m_tx="-107.547173" m_ty="-232.075470"/>
  </frame>
  <frame idx="25" w="321" h="423" x="-9.157042" y="-109.456688">
   <element name="gearchair02" layername="gearchair" frame="0" z_index="2" m_a="1.058211" m_b="0.000000" m_c="0.000000" m_d="0.902292" m_tx="-115.491669" m_ty="-203.886765"/>
  </frame>
  <frame idx="50" w="339" h="371" x="-11.266895" y="-90.837921">
   <element name="gearchair02" layername="gearchair" frame="0" z_index="2" m_a="1.116423" m_b="0.000000" m_c="0.000000" m_d="0.804584" m_tx="-123.436165" m_ty="-175.698059"/>
  </frame>
  <frame idx="75" w="357" h="320" x="-13.376764" y="-72.719116">
   <element name="gearchair02" layername="gearchair" frame="0" z_index="2" m_a="1.174634" m_b="0.000000" m_c="0.000000" m_d="0.706877" m_tx="-131.380661" m_ty="-147.509338"/>
  </frame>
  <frame idx="100" w="372" h="273" x="-14.937592" y="-55.735607">
   <element name="gearchair02" layername="gearchair" frame="0" z_index="2" m_a="1.228165" m_b="0.000000" m_c="0.000000" m_d="0.617025" m_tx="-138.686356" m_ty="-121.587234"/>
  </frame>
  <frame idx="125" w="354" h="324" x="-12.821507" y="-73.998459">
   <element name="gearchair02" layername="gearchair" frame="0" z_index="2" m_a="1.169359" m_b="0.000000" m_c="0.000000" m_d="0.715730" m_tx="-130.660797" m_ty="-150.063583"/>
  </frame>
  <frame idx="150" w="336" h="377" x="-10.705414" y="-92.761307">
   <element name="gearchair02" layername="gearchair" frame="0" z_index="2" m_a="1.110554" m_b="0.000000" m_c="0.000000" m_d="0.814435" m_tx="-122.635231" m_ty="-178.539932"/>
  </frame>
  <frame idx="175" w="320" h="429" x="-9.089329" y="-111.524162">
   <element name="gearchair02" layername="gearchair" frame="0" z_index="2" m_a="1.051749" m_b="0.000000" m_c="0.000000" m_d="0.913140" m_tx="-114.609673" m_ty="-207.016281"/>
  </frame>
  <frame idx="200" w="303" h="475" x="-7.047173" y="-128.075470">
   <element name="gearchair02" layername="gearchair" frame="0" z_index="2" m_a="1.000000" m_b="0.000000" m_c="0.000000" m_d="1.000000" m_tx="-107.547173" m_ty="-232.075470"/>
  </frame>
  <frame idx="225" w="303" h="475" x="-7.047173" y="-128.075470">
   <element name="gearchair02" layername="gearchair" frame="0" z_index="2" m_a="1.000000" m_b="0.000000" m_c="0.000000" m_d="1.000000" m_tx="-107.547173" m_ty="-232.075470"/>
  </frame>
  <frame idx="250" w="303" h="475" x="-7.047173" y="-128.075470">
   <element name="gearchair02" layername="gearchair" frame="0" z_index="2" m_a="1.000000" m_b="0.000000" m_c="0.000000" m_d="1.000000" m_tx="-107.547173" m_ty="-232.075470"/>
  </frame>
  <frame idx="275" w="303" h="475" x="-7.047173" y="-128.075470">
   <element name="gearchair02" layername="gearchair" frame="0" z_index="2" m_a="1.000000" m_b="0.000000" m_c="0.000000" m_d="1.000000" m_tx="-107.547173" m_ty="-232.075470"/>
  </frame>
  <frame idx="300" w="303" h="475" x="-7.047173" y="-128.075470">
   <element name="gearchair02" layername="gearchair" frame="0" z_index="2" m_a="1.000000" m_b="0.000000" m_c="0.000000" m_d="1.000000" m_tx="-107.547173" m_ty="-232.075470"/>
  </frame>
  <frame idx="325" w="303" h="475" x="-7.047173" y="-128.075470">
   <element name="gearchair02" layername="gearchair" frame="0" z_index="2" m_a="1.000000" m_b="0.000000" m_c="0.000000" m_d="1.000000" m_tx="-107.547173" m_ty="-232.075470"/>
  </frame>
  <frame idx="350" w="303" h="475" x="-7.047173" y="-128.075470">
   <element name="gearchair02" layername="gearchair" frame="0" z_index="2" m_a="1.000000" m_b="0.000000" m_c="0.000000" m_d="1.000000" m_tx="-107.547173" m_ty="-232.075470"/>
  </frame>
  <frame idx="375" w="303" h="475" x="-7.047173" y="-128.075470">
   <element name="gearchair02" layername="gearchair" frame="0" z_index="2" m_a="1.000000" m_b="0.000000" m_c="0.000000" m_d="1.000000" m_tx="-107.547173" m_ty="-232.075470"/>
  </frame>
  <frame idx="400" w="303" h="475" x="-7.047173" y="-128.075470">
   <element name="gearchair02" layername="gearchair" frame="0" z_index="2" m_a="1.000000" m_b="0.000000" m_c="0.000000" m_d="1.000000" m_tx="-107.547173" m_ty="-232.075470"/>
  </frame>
  <frame idx="425" w="303" h="475" x="-7.047173" y="-128.075470">
   <element name="gearchair02" layername="gearchair" frame="0" z_index="2" m_a="1.000000" m_b="0.000000" m_c="0.000000" m_d="1.000000" m_tx="-107.547173" m_ty="-232.075470"/>
  </frame>
  <frame idx="450" w="303" h="475" x="-7.047173" y="-128.075470">
   <element name="gearchair02" layername="gearchair" frame="0" z_index="2" m_a="1.000000" m_b="0.000000" m_c="0.000000" m_d="1.000000" m_tx="-107.547173" m_ty="-232.075470"/>
  </frame>
  <frame idx="475" w="303" h="475" x="-7.047173" y="-128.075470">
   <element name="gearchair02" layername="gearchair" frame="0" z_index="2" m_a="1.000000" m_b="0.000000" m_c="0.000000" m_d="1.000000" m_tx="-107.547173" m_ty="-232.075470"/>
  </frame>
  <frame idx="500" w="303" h="475" x="-7.047173" y="-128.075470">
   <element name="gearchair02" layername="gearchair" frame="0" z_index="2" m_a="1.000000" m_b="0.000000" m_c="0.000000" m_d="1.000000" m_tx="-107.547173" m_ty="-232.075470"/>
  </frame>
  <frame idx="525" w="303" h="475" x="-7.047173" y="-128.075470">
   <element name="gearchair02" layername="gearchair" frame="0" z_index="2" m_a="1.000000" m_b="0.000000" m_c="0.000000" m_d="1.000000" m_tx="-107.547173" m_ty="-232.075470"/>
  </frame>
  <frame idx="550" w="303" h="475" x="-7.047173" y="-128.075470">
   <element name="gearchair02" layername="gearchair" frame="0" z_index="2" m_a="1.000000" m_b="0.000000" m_c="0.000000" m_d="1.000000" m_tx="-107.547173" m_ty="-232.075470"/>
  </frame>
  <frame idx="575" w="303" h="475" x="-7.047173" y="-128.075470">
   <element name="gearchair02" layername="gearchair" frame="0" z_index="2" m_a="1.000000" m_b="0.000000" m_c="0.000000" m_d="1.000000" m_tx="-107.547173" m_ty="-232.075470"/>
  </frame>
  <frame idx="600" w="303" h="475" x="-7.047173" y="-128.075470">
   <element name="gearchair02" layername="gearchair" frame="0" z_index="2" m_a="1.000000" m_b="0.000000" m_c="0.000000" m_d="1.000000" m_tx="-107.547173" m_ty="-232.075470"/>
  </frame>
  <frame idx="625" w="303" h="475" x="-7.047173" y="-128.075470">
   <element name="gearchair02" layername="gearchair" frame="0" z_index="2" m_a="1.000000" m_b="0.000000" m_c="0.000000" m_d="1.000000" m_tx="-107.547173" m_ty="-232.075470"/>
  </frame>
  <frame idx="650" w="303" h="475" x="-7.047173" y="-128.075470">
   <element name="gearchair02" layername="gearchair" frame="0" z_index="2" m_a="1.000000" m_b="0.000000" m_c="0.000000" m_d="1.000000" m_tx="-107.547173" m_ty="-232.075470"/>
  </frame>
  <frame idx="675" w="303" h="475" x="-7.047173" y="-128.075470">
   <element name="gearchair02" layername="gearchair" frame="0" z_index="2" m_a="1.000000" m_b="0.000000" m_c="0.000000" m_d="1.000000" m_tx="-107.547173" m_ty="-232.075470"/>
  </frame>
  <frame idx="700" w="303" h="475" x="-7.047173" y="-128.075470">
   <element name="gearchair02" layername="gearchair" frame="0" z_index="2" m_a="1.000000" m_b="0.000000" m_c="0.000000" m_d="1.000000" m_tx="-107.547173" m_ty="-232.075470"/>
  </frame>
  <frame idx="725" w="303" h="475" x="-7.047173" y="-128.075470">
   <element name="gearchair02" layername="gearchair" frame="0" z_index="2" m_a="1.000000" m_b="0.000000" m_c="0.000000" m_d="1.000000" m_tx="-107.547173" m_ty="-232.075470"/>
  </frame>
  <frame idx="750" w="303" h="475" x="-7.047173" y="-128.075470">
   <element name="gearchair02" layername="gearchair" frame="0" z_index="2" m_a="1.000000" m_b="0.000000" m_c="0.000000" m_d="1.000000" m_tx="-107.547173" m_ty="-232.075470"/>
  </frame>
  <frame idx="775" w="303" h="475" x="-7.047173" y="-128.075470">
   <element name="gearchair02" layername="gearchair" frame="0" z_index="2" m_a="1.000000" m_b="0.000000" m_c="0.000000" m_d="1.000000" m_tx="-107.547173" m_ty="-232.075470"/>
  </frame>
  <frame idx="800" w="303" h="475" x="-7.047173" y="-128.075470">
   <element name="gearchair02" layername="gearchair" frame="0" z_index="2" m_a="1.000000" m_b="0.000000" m_c="0.000000" m_d="1.000000" m_tx="-107.547173" m_ty="-232.075470"/>
  </frame>
  <frame idx="825" w="303" h="475" x="-7.047173" y="-128.075470">
   <element name="gearchair02" layername="gearchair" frame="0" z_index="2" m_a="1.000000" m_b="0.000000" m_c="0.000000" m_d="1.000000" m_tx="-107.547173" m_ty="-232.075470"/>
  </frame>
  <frame idx="850" w="303" h="475" x="-7.047173" y="-128.075470">
   <element name="gearchair02" layername="gearchair" frame="0" z_index="2" m_a="1.000000" m_b="0.000000" m_c="0.000000" m_d="1.000000" m_tx="-107.547173" m_ty="-232.075470"/>
  </frame>
  <frame idx="875" w="303" h="475" x="-7.047173" y="-128.075470">
   <element name="gearchair02" layername="gearchair" frame="0" z_index="2" m_a="1.000000" m_b="0.000000" m_c="0.000000" m_d="1.000000" m_tx="-107.547173" m_ty="-232.075470"/>
  </frame>
  <frame idx="900" w="303" h="475" x="-7.047173" y="-128.075470">
   <element name="gearchair02" layername="gearchair" frame="0" z_index="2" m_a="1.000000" m_b="0.000000" m_c="0.000000" m_d="1.000000" m_tx="-107.547173" m_ty="-232.075470"/>
  </frame>
  <frame idx="925" w="303" h="475" x="-7.047173" y="-128.075470">
   <element name="gearchair02" layername="gearchair" frame="0" z_index="2" m_a="1.000000" m_b="0.000000" m_c="0.000000" m_d="1.000000" m_tx="-107.547173" m_ty="-232.075470"/>
  </frame>
  <frame idx="950" w="303" h="475" x="-7.047173" y="-128.075470">
   <element name="gearchair02" layername="gearchair" frame="0" z_index="2" m_a="1.000000" m_b="0.000000" m_c="0.000000" m_d="1.000000" m_tx="-107.547173" m_ty="-232.075470"/>
  </frame>
  <frame idx="975" w="303" h="475" x="-7.047173" y="-128.075470">
   <element name="gearchair02" layername="gearchair" frame="0" z_index="2" m_a="1.000000" m_b="0.000000" m_c="0.000000" m_d="1.000000" m_tx="-107.547173" m_ty="-232.075470"/>
  </frame>
 </anim>
</Anims>
