<Anims>
 <anim name="idle" root="beanbag2" numframes="1000" framerate="40">
  <frame idx="0" w="304" h="397" x="-20.254715" y="-128.433960">
   <element name="beanbag02" layername="beanbag" frame="0" z_index="2" m_a="1.000000" m_b="0.000000" m_c="0.000000" m_d="1.000000" m_tx="-120.754715" m_ty="-209.433960"/>
  </frame>
  <frame idx="25" w="304" h="397" x="-20.254715" y="-128.433960">
   <element name="beanbag02" layername="beanbag" frame="0" z_index="2" m_a="1.000000" m_b="0.000000" m_c="0.000000" m_d="1.000000" m_tx="-120.754715" m_ty="-209.433960"/>
  </frame>
  <frame idx="50" w="304" h="397" x="-20.254715" y="-128.433960">
   <element name="beanbag02" layername="beanbag" frame="0" z_index="2" m_a="1.000000" m_b="0.000000" m_c="0.000000" m_d="1.000000" m_tx="-120.754715" m_ty="-209.433960"/>
  </frame>
  <frame idx="75" w="304" h="397" x="-20.254715" y="-128.433960">
   <element name="beanbag02" layername="beanbag" frame="0" z_index="2" m_a="1.000000" m_b="0.000000" m_c="0.000000" m_d="1.000000" m_tx="-120.754715" m_ty="-209.433960"/>
  </frame>
  <frame idx="100" w="304" h="397" x="-20.254715" y="-128.433960">
   <element name="beanbag02" layername="beanbag" frame="0" z_index="2" m_a="1.000000" m_b="0.000000" m_c="0.000000" m_d="1.000000" m_tx="-120.754715" m_ty="-209.433960"/>
  </frame>
  <frame idx="125" w="304" h="397" x="-20.254715" y="-128.433960">
   <element name="beanbag02" layername="beanbag" frame="0" z_index="2" m_a="1.000000" m_b="0.000000" m_c="0.000000" m_d="1.000000" m_tx="-120.754715" m_ty="-209.433960"/>
  </frame>
  <frame idx="150" w="304" h="397" x="-20.254715" y="-128.433960">
   <element name="beanbag02" layername="beanbag" frame="0" z_index="2" m_a="1.000000" m_b="0.000000" m_c="0.000000" m_d="1.000000" m_tx="-120.754715" m_ty="-209.433960"/>
  </frame>
  <frame idx="175" w="304" h="397" x="-20.254715" y="-128.433960">
   <element name="beanbag02" layername="beanbag" frame="0" z_index="2" m_a="1.000000" m_b="0.000000" m_c="0.000000" m_d="1.000000" m_tx="-120.754715" m_ty="-209.433960"/>
  </frame>
  <frame idx="200" w="304" h="397" x="-20.254715" y="-128.433960">
   <element name="beanbag02" layername="beanbag" frame="0" z_index="2" m_a="1.000000" m_b="0.000000" m_c="0.000000" m_d="1.000000" m_tx="-120.754715" m_ty="-209.433960"/>
  </frame>
  <frame idx="225" w="304" h="397" x="-20.254715" y="-128.433960">
   <element name="beanbag02" layername="beanbag" frame="0" z_index="2" m_a="1.000000" m_b="0.000000" m_c="0.000000" m_d="1.000000" m_tx="-120.754715" m_ty="-209.433960"/>
  </frame>
  <frame idx="250" w="304" h="397" x="-20.254715" y="-128.433960">
   <element name="beanbag02" layername="beanbag" frame="0" z_index="2" m_a="1.000000" m_b="0.000000" m_c="0.000000" m_d="1.000000" m_tx="-120.754715" m_ty="-209.433960"/>
  </frame>
  <frame idx="275" w="304" h="397" x="-20.254715" y="-128.433960">
   <element name="beanbag02" layername="beanbag" frame="0" z_index="2" m_a="1.000000" m_b="0.000000" m_c="0.000000" m_d="1.000000" m_tx="-120.754715" m_ty="-209.433960"/>
  </frame>
  <frame idx="300" w="304" h="397" x="-20.254715" y="-128.433960">
   <element name="beanbag02" layername="beanbag" frame="0" z_index="2" m_a="1.000000" m_b="0.000000" m_c="0.000000" m_d="1.000000" m_tx="-120.754715" m_ty="-209.433960"/>
  </frame>
  <frame idx="325" w="304" h="397" x="-20.254715" y="-128.433960">
   <element name="beanbag02" layername="beanbag" frame="0" z_index="2" m_a="1.000000" m_b="0.000000" m_c="0.000000" m_d="1.000000" m_tx="-120.754715" m_ty="-209.433960"/>
  </frame>
  <frame idx="350" w="304" h="397" x="-20.254715" y="-128.433960">
   <element name="beanbag02" layername="beanbag" frame="0" z_index="2" m_a="1.000000" m_b="0.000000" m_c="0.000000" m_d="1.000000" m_tx="-120.754715" m_ty="-209.433960"/>
  </frame>
  <frame idx="375" w="304" h="397" x="-20.254715" y="-128.433960">
   <element name="beanbag02" layername="beanbag" frame="0" z_index="2" m_a="1.000000" m_b="0.000000" m_c="0.000000" m_d="1.000000" m_tx="-120.754715" m_ty="-209.433960"/>
  </frame>
  <frame idx="400" w="304" h="397" x="-20.254715" y="-128.433960">
   <element name="beanbag02" layername="beanbag" frame="0" z_index="2" m_a="1.000000" m_b="0.000000" m_c="0.000000" m_d="1.000000" m_tx="-120.754715" m_ty="-209.433960"/>
  </frame>
  <frame idx="425" w="304" h="397" x="-20.254715" y="-128.433960">
   <element name="beanbag02" layername="beanbag" frame="0" z_index="2" m_a="1.000000" m_b="0.000000" m_c="0.000000" m_d="1.000000" m_tx="-120.754715" m_ty="-209.433960"/>
  </frame>
  <frame idx="450" w="304" h="397" x="-20.254715" y="-128.433960">
   <element name="beanbag02" layername="beanbag" frame="0" z_index="2" m_a="1.000000" m_b="0.000000" m_c="0.000000" m_d="1.000000" m_tx="-120.754715" m_ty="-209.433960"/>
  </frame>
  <frame idx="475" w="304" h="397" x="-20.254715" y="-128.433960">
   <element name="beanbag02" layername="beanbag" frame="0" z_index="2" m_a="1.000000" m_b="0.000000" m_c="0.000000" m_d="1.000000" m_tx="-120.754715" m_ty="-209.433960"/>
  </frame>
  <frame idx="500" w="304" h="397" x="-20.254715" y="-128.433960">
   <element name="beanbag02" layername="beanbag" frame="0" z_index="2" m_a="1.000000" m_b="0.000000" m_c="0.000000" m_d="1.000000" m_tx="-120.754715" m_ty="-209.433960"/>
  </frame>
  <frame idx="525" w="304" h="397" x="-20.254715" y="-128.433960">
   <element name="beanbag02" layername="beanbag" frame="0" z_index="2" m_a="1.000000" m_b="0.000000" m_c="0.000000" m_d="1.000000" m_tx="-120.754715" m_ty="-209.433960"/>
  </frame>
  <frame idx="550" w="304" h="397" x="-20.254715" y="-128.433960">
   <element name="beanbag02" layername="beanbag" frame="0" z_index="2" m_a="1.000000" m_b="0.000000" m_c="0.000000" m_d="1.000000" m_tx="-120.754715" m_ty="-209.433960"/>
  </frame>
  <frame idx="575" w="304" h="397" x="-20.254715" y="-128.433960">
   <element name="beanbag02" layername="beanbag" frame="0" z_index="2" m_a="1.000000" m_b="0.000000" m_c="0.000000" m_d="1.000000" m_tx="-120.754715" m_ty="-209.433960"/>
  </frame>
  <frame idx="600" w="304" h="397" x="-20.254715" y="-128.433960">
   <element name="beanbag02" layername="beanbag" frame="0" z_index="2" m_a="1.000000" m_b="0.000000" m_c="0.000000" m_d="1.000000" m_tx="-120.754715" m_ty="-209.433960"/>
  </frame>
  <frame idx="625" w="304" h="397" x="-20.254715" y="-128.433960">
   <element name="beanbag02" layername="beanbag" frame="0" z_index="2" m_a="1.000000" m_b="0.000000" m_c="0.000000" m_d="1.000000" m_tx="-120.754715" m_ty="-209.433960"/>
  </frame>
  <frame idx="650" w="304" h="397" x="-20.254715" y="-128.433960">
   <element name="beanbag02" layername="beanbag" frame="0" z_index="2" m_a="1.000000" m_b="0.000000" m_c="0.000000" m_d="1.000000" m_tx="-120.754715" m_ty="-209.433960"/>
  </frame>
  <frame idx="675" w="304" h="397" x="-20.254715" y="-128.433960">
   <element name="beanbag02" layername="beanbag" frame="0" z_index="2" m_a="1.000000" m_b="0.000000" m_c="0.000000" m_d="1.000000" m_tx="-120.754715" m_ty="-209.433960"/>
  </frame>
  <frame idx="700" w="304" h="397" x="-20.254715" y="-128.433960">
   <element name="beanbag02" layername="beanbag" frame="0" z_index="2" m_a="1.000000" m_b="0.000000" m_c="0.000000" m_d="1.000000" m_tx="-120.754715" m_ty="-209.433960"/>
  </frame>
  <frame idx="725" w="304" h="397" x="-20.254715" y="-128.433960">
   <element name="beanbag02" layername="beanbag" frame="0" z_index="2" m_a="1.000000" m_b="0.000000" m_c="0.000000" m_d="1.000000" m_tx="-120.754715" m_ty="-209.433960"/>
  </frame>
  <frame idx="750" w="304" h="397" x="-20.254715" y="-128.433960">
   <element name="beanbag02" layername="beanbag" frame="0" z_index="2" m_a="1.000000" m_b="0.000000" m_c="0.000000" m_d="1.000000" m_tx="-120.754715" m_ty="-209.433960"/>
  </frame>
  <frame idx="775" w="304" h="397" x="-20.254715" y="-128.433960">
   <element name="beanbag02" layername="beanbag" frame="0" z_index="2" m_a="1.000000" m_b="0.000000" m_c="0.000000" m_d="1.000000" m_tx="-120.754715" m_ty="-209.433960"/>
  </frame>
  <frame idx="800" w="304" h="397" x="-20.254715" y="-128.433960">
   <element name="beanbag02" layername="beanbag" frame="0" z_index="2" m_a="1.000000" m_b="0.000000" m_c="0.000000" m_d="1.000000" m_tx="-120.754715" m_ty="-209.433960"/>
  </frame>
  <frame idx="825" w="304" h="397" x="-20.254715" y="-128.433960">
   <element name="beanbag02" layername="beanbag" frame="0" z_index="2" m_a="1.000000" m_b="0.000000" m_c="0.000000" m_d="1.000000" m_tx="-120.754715" m_ty="-209.433960"/>
  </frame>
  <frame idx="850" w="304" h="397" x="-20.254715" y="-128.433960">
   <element name="beanbag02" layername="beanbag" frame="0" z_index="2" m_a="1.000000" m_b="0.000000" m_c="0.000000" m_d="1.000000" m_tx="-120.754715" m_ty="-209.433960"/>
  </frame>
  <frame idx="875" w="304" h="397" x="-20.254715" y="-128.433960">
   <element name="beanbag02" layername="beanbag" frame="0" z_index="2" m_a="1.000000" m_b="0.000000" m_c="0.000000" m_d="1.000000" m_tx="-120.754715" m_ty="-209.433960"/>
  </frame>
  <frame idx="900" w="304" h="397" x="-20.254715" y="-128.433960">
   <element name="beanbag02" layername="beanbag" frame="0" z_index="2" m_a="1.000000" m_b="0.000000" m_c="0.000000" m_d="1.000000" m_tx="-120.754715" m_ty="-209.433960"/>
  </frame>
  <frame idx="925" w="304" h="397" x="-20.254715" y="-128.433960">
   <element name="beanbag02" layername="beanbag" frame="0" z_index="2" m_a="1.000000" m_b="0.000000" m_c="0.000000" m_d="1.000000" m_tx="-120.754715" m_ty="-209.433960"/>
  </frame>
  <frame idx="950" w="304" h="397" x="-20.254715" y="-128.433960">
   <element name="beanbag02" layername="beanbag" frame="0" z_index="2" m_a="1.000000" m_b="0.000000" m_c="0.000000" m_d="1.000000" m_tx="-120.754715" m_ty="-209.433960"/>
  </frame>
  <frame idx="975" w="304" h="397" x="-20.254715" y="-128.433960">
   <element name="beanbag02" layername="beanbag" frame="0" z_index="2" m_a="1.000000" m_b="0.000000" m_c="0.000000" m_d="1.000000" m_tx="-120.754715" m_ty="-209.433960"/>
  </frame>
 </anim>
 <anim name="hit" root="beanbag2" numframes="1000" framerate="40">
  <frame idx="0" w="304" h="397" x="-20.254715" y="-128.433960">
   <element name="beanbag02" layername="beanbag" frame="0" z_index="2" m_a="1.000000" m_b="0.000000" m_c="0.000000" m_d="1.000000" m_tx="-120.754715" m_ty="-209.433960"/>
  </frame>
  <frame idx="25" w="327" h="339" x="-22.897026" y="-107.811478">
   <element name="beanbag02" layername="beanbag" frame="0" z_index="2" m_a="1.077175" m_b="0.000000" m_c="0.000000" m_d="0.864152" m_tx="-131.121078" m_ty="-178.256897"/>
  </frame>
  <frame idx="50" w="350" h="282" x="-25.539368" y="-87.189011">
   <element name="beanbag02" layername="beanbag" frame="0" z_index="2" m_a="1.154350" m_b="0.000000" m_c="0.000000" m_d="0.728304" m_tx="-141.487457" m_ty="-147.079849"/>
  </frame>
  <frame idx="75" w="374" h="226" x="-28.181679" y="-67.066528">
   <element name="beanbag02" layername="beanbag" frame="0" z_index="2" m_a="1.231525" m_b="0.000000" m_c="0.000000" m_d="0.592456" m_tx="-151.853821" m_ty="-115.902786"/>
  </frame>
  <frame idx="100" w="386" h="196" x="-29.510612" y="-56.566452">
   <element name="beanbag02" layername="beanbag" frame="0" z_index="2" m_a="1.271045" m_b="0.000000" m_c="0.000000" m_d="0.522890" m_tx="-157.162323" m_ty="-99.937393"/>
  </frame>
  <frame idx="125" w="362" h="255" x="-26.847115" y="-77.703964">
   <element name="beanbag02" layername="beanbag" frame="0" z_index="2" m_a="1.191326" m_b="0.000000" m_c="0.000000" m_d="0.663217" m_tx="-146.454208" m_ty="-132.142273"/>
  </frame>
  <frame idx="150" w="338" h="314" x="-24.183617" y="-98.841454">
   <element name="beanbag02" layername="beanbag" frame="0" z_index="2" m_a="1.111607" m_b="0.000000" m_c="0.000000" m_d="0.803543" m_tx="-135.746078" m_ty="-164.347137"/>
  </frame>
  <frame idx="175" w="314" h="372" x="-21.520119" y="-119.478966">
   <element name="beanbag02" layername="beanbag" frame="0" z_index="2" m_a="1.031888" m_b="0.000000" m_c="0.000000" m_d="0.943869" m_tx="-125.037964" m_ty="-196.552017"/>
  </frame>
  <frame idx="200" w="304" h="397" x="-20.254715" y="-128.433960">
   <element name="beanbag02" layername="beanbag" frame="0" z_index="2" m_a="1.000000" m_b="0.000000" m_c="0.000000" m_d="1.000000" m_tx="-120.754715" m_ty="-209.433960"/>
  </frame>
  <frame idx="225" w="304" h="397" x="-20.254715" y="-128.433960">
   <element name="beanbag02" layername="beanbag" frame="0" z_index="2" m_a="1.000000" m_b="0.000000" m_c="0.000000" m_d="1.000000" m_tx="-120.754715" m_ty="-209.433960"/>
  </frame>
  <frame idx="250" w="304" h="397" x="-20.254715" y="-128.433960">
   <element name="beanbag02" layername="beanbag" frame="0" z_index="2" m_a="1.000000" m_b="0.000000" m_c="0.000000" m_d="1.000000" m_tx="-120.754715" m_ty="-209.433960"/>
  </frame>
  <frame idx="275" w="304" h="397" x="-20.254715" y="-128.433960">
   <element name="beanbag02" layername="beanbag" frame="0" z_index="2" m_a="1.000000" m_b="0.000000" m_c="0.000000" m_d="1.000000" m_tx="-120.754715" m_ty="-209.433960"/>
  </frame>
  <frame idx="300" w="304" h="397" x="-20.254715" y="-128.433960">
   <element name="beanbag02" layername="beanbag" frame="0" z_index="2" m_a="1.000000" m_b="0.000000" m_c="0.000000" m_d="1.000000" m_tx="-120.754715" m_ty="-209.433960"/>
  </frame>
  <frame idx="325" w="304" h="397" x="-20.254715" y="-128.433960">
   <element name="beanbag02" layername="beanbag" frame="0" z_index="2" m_a="1.000000" m_b="0.000000" m_c="0.000000" m_d="1.000000" m_tx="-120.754715" m_ty="-209.433960"/>
  </frame>
  <frame idx="350" w="304" h="397" x="-20.254715" y="-128.433960">
   <element name="beanbag02" layername="beanbag" frame="0" z_index="2" m_a="1.000000" m_b="0.000000" m_c="0.000000" m_d="1.000000" m_tx="-120.754715" m_ty="-209.433960"/>
  </frame>
  <frame idx="375" w="304" h="397" x="-20.254715" y="-128.433960">
   <element name="beanbag02" layername="beanbag" frame="0" z_index="2" m_a="1.000000" m_b="0.000000" m_c="0.000000" m_d="1.000000" m_tx="-120.754715" m_ty="-209.433960"/>
  </frame>
  <frame idx="400" w="304" h="397" x="-20.254715" y="-128.433960">
   <element name="beanbag02" layername="beanbag" frame="0" z_index="2" m_a="1.000000" m_b="0.000000" m_c="0.000000" m_d="1.000000" m_tx="-120.754715" m_ty="-209.433960"/>
  </frame>
  <frame idx="425" w="304" h="397" x="-20.254715" y="-128.433960">
   <element name="beanbag02" layername="beanbag" frame="0" z_index="2" m_a="1.000000" m_b="0.000000" m_c="0.000000" m_d="1.000000" m_tx="-120.754715" m_ty="-209.433960"/>
  </frame>
  <frame idx="450" w="304" h="397" x="-20.254715" y="-128.433960">
   <element name="beanbag02" layername="beanbag" frame="0" z_index="2" m_a="1.000000" m_b="0.000000" m_c="0.000000" m_d="1.000000" m_tx="-120.754715" m_ty="-209.433960"/>
  </frame>
  <frame idx="475" w="304" h="397" x="-20.254715" y="-128.433960">
   <element name="beanbag02" layername="beanbag" frame="0" z_index="2" m_a="1.000000" m_b="0.000000" m_c="0.000000" m_d="1.000000" m_tx="-120.754715" m_ty="-209.433960"/>
  </frame>
  <frame idx="500" w="304" h="397" x="-20.254715" y="-128.433960">
   <element name="beanbag02" layername="beanbag" frame="0" z_index="2" m_a="1.000000" m_b="0.000000" m_c="0.000000" m_d="1.000000" m_tx="-120.754715" m_ty="-209.433960"/>
  </frame>
  <frame idx="525" w="304" h="397" x="-20.254715" y="-128.433960">
   <element name="beanbag02" layername="beanbag" frame="0" z_index="2" m_a="1.000000" m_b="0.000000" m_c="0.000000" m_d="1.000000" m_tx="-120.754715" m_ty="-209.433960"/>
  </frame>
  <frame idx="550" w="304" h="397" x="-20.254715" y="-128.433960">
   <element name="beanbag02" layername="beanbag" frame="0" z_index="2" m_a="1.000000" m_b="0.000000" m_c="0.000000" m_d="1.000000" m_tx="-120.754715" m_ty="-209.433960"/>
  </frame>
  <frame idx="575" w="304" h="397" x="-20.254715" y="-128.433960">
   <element name="beanbag02" layername="beanbag" frame="0" z_index="2" m_a="1.000000" m_b="0.000000" m_c="0.000000" m_d="1.000000" m_tx="-120.754715" m_ty="-209.433960"/>
  </frame>
  <frame idx="600" w="304" h="397" x="-20.254715" y="-128.433960">
   <element name="beanbag02" layername="beanbag" frame="0" z_index="2" m_a="1.000000" m_b="0.000000" m_c="0.000000" m_d="1.000000" m_tx="-120.754715" m_ty="-209.433960"/>
  </frame>
  <frame idx="625" w="304" h="397" x="-20.254715" y="-128.433960">
   <element name="beanbag02" layername="beanbag" frame="0" z_index="2" m_a="1.000000" m_b="0.000000" m_c="0.000000" m_d="1.000000" m_tx="-120.754715" m_ty="-209.433960"/>
  </frame>
  <frame idx="650" w="304" h="397" x="-20.254715" y="-128.433960">
   <element name="beanbag02" layername="beanbag" frame="0" z_index="2" m_a="1.000000" m_b="0.000000" m_c="0.000000" m_d="1.000000" m_tx="-120.754715" m_ty="-209.433960"/>
  </frame>
  <frame idx="675" w="304" h="397" x="-20.254715" y="-128.433960">
   <element name="beanbag02" layername="beanbag" frame="0" z_index="2" m_a="1.000000" m_b="0.000000" m_c="0.000000" m_d="1.000000" m_tx="-120.754715" m_ty="-209.433960"/>
  </frame>
  <frame idx="700" w="304" h="397" x="-20.254715" y="-128.433960">
   <element name="beanbag02" layername="beanbag" frame="0" z_index="2" m_a="1.000000" m_b="0.000000" m_c="0.000000" m_d="1.000000" m_tx="-120.754715" m_ty="-209.433960"/>
  </frame>
  <frame idx="725" w="304" h="397" x="-20.254715" y="-128.433960">
   <element name="beanbag02" layername="beanbag" frame="0" z_index="2" m_a="1.000000" m_b="0.000000" m_c="0.000000" m_d="1.000000" m_tx="-120.754715" m_ty="-209.433960"/>
  </frame>
  <frame idx="750" w="304" h="397" x="-20.254715" y="-128.433960">
   <element name="beanbag02" layername="beanbag" frame="0" z_index="2" m_a="1.000000" m_b="0.000000" m_c="0.000000" m_d="1.000000" m_tx="-120.754715" m_ty="-209.433960"/>
  </frame>
  <frame idx="775" w="304" h="397" x="-20.254715" y="-128.433960">
   <element name="beanbag02" layername="beanbag" frame="0" z_index="2" m_a="1.000000" m_b="0.000000" m_c="0.000000" m_d="1.000000" m_tx="-120.754715" m_ty="-209.433960"/>
  </frame>
  <frame idx="800" w="304" h="397" x="-20.254715" y="-128.433960">
   <element name="beanbag02" layername="beanbag" frame="0" z_index="2" m_a="1.000000" m_b="0.000000" m_c="0.000000" m_d="1.000000" m_tx="-120.754715" m_ty="-209.433960"/>
  </frame>
  <frame idx="825" w="304" h="397" x="-20.254715" y="-128.433960">
   <element name="beanbag02" layername="beanbag" frame="0" z_index="2" m_a="1.000000" m_b="0.000000" m_c="0.000000" m_d="1.000000" m_tx="-120.754715" m_ty="-209.433960"/>
  </frame>
  <frame idx="850" w="304" h="397" x="-20.254715" y="-128.433960">
   <element name="beanbag02" layername="beanbag" frame="0" z_index="2" m_a="1.000000" m_b="0.000000" m_c="0.000000" m_d="1.000000" m_tx="-120.754715" m_ty="-209.433960"/>
  </frame>
  <frame idx="875" w="304" h="397" x="-20.254715" y="-128.433960">
   <element name="beanbag02" layername="beanbag" frame="0" z_index="2" m_a="1.000000" m_b="0.000000" m_c="0.000000" m_d="1.000000" m_tx="-120.754715" m_ty="-209.433960"/>
  </frame>
  <frame idx="900" w="304" h="397" x="-20.254715" y="-128.433960">
   <element name="beanbag02" layername="beanbag" frame="0" z_index="2" m_a="1.000000" m_b="0.000000" m_c="0.000000" m_d="1.000000" m_tx="-120.754715" m_ty="-209.433960"/>
  </frame>
  <frame idx="925" w="304" h="397" x="-20.254715" y="-128.433960">
   <element name="beanbag02" layername="beanbag" frame="0" z_index="2" m_a="1.000000" m_b="0.000000" m_c="0.000000" m_d="1.000000" m_tx="-120.754715" m_ty="-209.433960"/>
  </frame>
  <frame idx="950" w="304" h="397" x="-20.254715" y="-128.433960">
   <element name="beanbag02" layername="beanbag" frame="0" z_index="2" m_a="1.000000" m_b="0.000000" m_c="0.000000" m_d="1.000000" m_tx="-120.754715" m_ty="-209.433960"/>
  </frame>
  <frame idx="975" w="304" h="397" x="-20.254715" y="-128.433960">
   <element name="beanbag02" layername="beanbag" frame="0" z_index="2" m_a="1.000000" m_b="0.000000" m_c="0.000000" m_d="1.000000" m_tx="-120.754715" m_ty="-209.433960"/>
  </frame>
 </anim>
</Anims>
