<Anims>
 <anim name="idle" root="authorchair2" numframes="300" framerate="40">
  <frame idx="0" w="303" h="488" x="-18.367928" y="-151.716980">
   <element name="achair02" layername="authorchair" frame="0" z_index="2" m_a="1.000000" m_b="0.000000" m_c="0.000000" m_d="1.000000" m_tx="-118.867928" m_ty="-254.716980"/>
  </frame>
  <frame idx="25" w="303" h="488" x="-18.367928" y="-151.716980">
   <element name="achair02" layername="authorchair" frame="0" z_index="2" m_a="1.000000" m_b="0.000000" m_c="0.000000" m_d="1.000000" m_tx="-118.867928" m_ty="-254.716980"/>
  </frame>
  <frame idx="50" w="303" h="488" x="-18.367928" y="-151.716980">
   <element name="achair02" layername="authorchair" frame="0" z_index="2" m_a="1.000000" m_b="0.000000" m_c="0.000000" m_d="1.000000" m_tx="-118.867928" m_ty="-254.716980"/>
  </frame>
  <frame idx="75" w="303" h="488" x="-18.367928" y="-151.716980">
   <element name="achair02" layername="authorchair" frame="0" z_index="2" m_a="1.000000" m_b="0.000000" m_c="0.000000" m_d="1.000000" m_tx="-118.867928" m_ty="-254.716980"/>
  </frame>
  <frame idx="100" w="303" h="488" x="-18.367928" y="-151.716980">
   <element name="achair02" layername="authorchair" frame="0" z_index="2" m_a="1.000000" m_b="0.000000" m_c="0.000000" m_d="1.000000" m_tx="-118.867928" m_ty="-254.716980"/>
  </frame>
  <frame idx="125" w="303" h="488" x="-18.367928" y="-151.716980">
   <element name="achair02" layername="authorchair" frame="0" z_index="2" m_a="1.000000" m_b="0.000000" m_c="0.000000" m_d="1.000000" m_tx="-118.867928" m_ty="-254.716980"/>
  </frame>
  <frame idx="150" w="303" h="488" x="-18.367928" y="-151.716980">
   <element name="achair02" layername="authorchair" frame="0" z_index="2" m_a="1.000000" m_b="0.000000" m_c="0.000000" m_d="1.000000" m_tx="-118.867928" m_ty="-254.716980"/>
  </frame>
  <frame idx="175" w="303" h="488" x="-18.367928" y="-151.716980">
   <element name="achair02" layername="authorchair" frame="0" z_index="2" m_a="1.000000" m_b="0.000000" m_c="0.000000" m_d="1.000000" m_tx="-118.867928" m_ty="-254.716980"/>
  </frame>
  <frame idx="200" w="303" h="488" x="-18.367928" y="-151.716980">
   <element name="achair02" layername="authorchair" frame="0" z_index="2" m_a="1.000000" m_b="0.000000" m_c="0.000000" m_d="1.000000" m_tx="-118.867928" m_ty="-254.716980"/>
  </frame>
  <frame idx="225" w="303" h="488" x="-18.367928" y="-151.716980">
   <element name="achair02" layername="authorchair" frame="0" z_index="2" m_a="1.000000" m_b="0.000000" m_c="0.000000" m_d="1.000000" m_tx="-118.867928" m_ty="-254.716980"/>
  </frame>
  <frame idx="250" w="303" h="488" x="-18.367928" y="-151.716980">
   <element name="achair02" layername="authorchair" frame="0" z_index="2" m_a="1.000000" m_b="0.000000" m_c="0.000000" m_d="1.000000" m_tx="-118.867928" m_ty="-254.716980"/>
  </frame>
  <frame idx="275" w="303" h="488" x="-18.367928" y="-151.716980">
   <element name="achair02" layername="authorchair" frame="0" z_index="2" m_a="1.000000" m_b="0.000000" m_c="0.000000" m_d="1.000000" m_tx="-118.867928" m_ty="-254.716980"/>
  </frame>
 </anim>
 <anim name="hit" root="authorchair2" numframes="300" framerate="40">
  <frame idx="0" w="303" h="488" x="-18.367928" y="-151.716980">
   <element name="achair02" layername="authorchair" frame="0" z_index="2" m_a="1.000000" m_b="0.000000" m_c="0.000000" m_d="1.000000" m_tx="-118.867928" m_ty="-254.716980"/>
  </frame>
  <frame idx="25" w="328" h="387" x="-21.529045" y="-115.429840">
   <element name="achair02" layername="authorchair" frame="0" z_index="2" m_a="1.082142" m_b="0.000000" m_c="0.000000" m_d="0.807702" m_tx="-130.378922" m_ty="-199.238922"/>
  </frame>
  <frame idx="50" w="353" h="286" x="-24.690186" y="-79.142731">
   <element name="achair02" layername="authorchair" frame="0" z_index="2" m_a="1.164284" m_b="0.000000" m_c="0.000000" m_d="0.615404" m_tx="-141.889923" m_ty="-143.760880"/>
  </frame>
  <frame idx="75" w="334" h="364" x="-22.291147" y="-107.157898">
   <element name="achair02" layername="authorchair" frame="0" z_index="2" m_a="1.100682" m_b="0.000000" m_c="0.000000" m_d="0.764297" m_tx="-132.977127" m_ty="-186.716736"/>
  </frame>
  <frame idx="100" w="311" h="458" x="-19.212948" y="-140.960236">
   <element name="achair02" layername="authorchair" frame="0" z_index="2" m_a="1.024408" m_b="0.000000" m_c="0.000000" m_d="0.942860" m_tx="-122.288338" m_ty="-238.232071"/>
  </frame>
  <frame idx="125" w="303" h="488" x="-18.367928" y="-151.716980">
   <element name="achair02" layername="authorchair" frame="0" z_index="2" m_a="1.000000" m_b="0.000000" m_c="0.000000" m_d="1.000000" m_tx="-118.867928" m_ty="-254.716980"/>
  </frame>
  <frame idx="150" w="303" h="488" x="-18.367928" y="-151.716980">
   <element name="achair02" layername="authorchair" frame="0" z_index="2" m_a="1.000000" m_b="0.000000" m_c="0.000000" m_d="1.000000" m_tx="-118.867928" m_ty="-254.716980"/>
  </frame>
  <frame idx="175" w="303" h="488" x="-18.367928" y="-151.716980">
   <element name="achair02" layername="authorchair" frame="0" z_index="2" m_a="1.000000" m_b="0.000000" m_c="0.000000" m_d="1.000000" m_tx="-118.867928" m_ty="-254.716980"/>
  </frame>
  <frame idx="200" w="303" h="488" x="-18.367928" y="-151.716980">
   <element name="achair02" layername="authorchair" frame="0" z_index="2" m_a="1.000000" m_b="0.000000" m_c="0.000000" m_d="1.000000" m_tx="-118.867928" m_ty="-254.716980"/>
  </frame>
  <frame idx="225" w="303" h="488" x="-18.367928" y="-151.716980">
   <element name="achair02" layername="authorchair" frame="0" z_index="2" m_a="1.000000" m_b="0.000000" m_c="0.000000" m_d="1.000000" m_tx="-118.867928" m_ty="-254.716980"/>
  </frame>
  <frame idx="250" w="303" h="488" x="-18.367928" y="-151.716980">
   <element name="achair02" layername="authorchair" frame="0" z_index="2" m_a="1.000000" m_b="0.000000" m_c="0.000000" m_d="1.000000" m_tx="-118.867928" m_ty="-254.716980"/>
  </frame>
  <frame idx="275" w="303" h="488" x="-18.367928" y="-151.716980">
   <element name="achair02" layername="authorchair" frame="0" z_index="2" m_a="1.000000" m_b="0.000000" m_c="0.000000" m_d="1.000000" m_tx="-118.867928" m_ty="-254.716980"/>
  </frame>
 </anim>
</Anims>
