<Anims>
 <anim name="idle" root="spiderchair2" numframes="1000" framerate="40">
  <frame idx="0" w="353" h="431" x="-30.500000" y="-130.000000">
   <element name="spiderchair02" layername="spiderchair" frame="0" z_index="2" m_a="1.000000" m_b="0.000000" m_c="0.000000" m_d="1.000000" m_tx="-148.000000" m_ty="-227.000000"/>
  </frame>
  <frame idx="25" w="353" h="431" x="-30.500000" y="-130.000000">
   <element name="spiderchair02" layername="spiderchair" frame="0" z_index="2" m_a="1.000000" m_b="0.000000" m_c="0.000000" m_d="1.000000" m_tx="-148.000000" m_ty="-227.000000"/>
  </frame>
  <frame idx="50" w="353" h="431" x="-30.500000" y="-130.000000">
   <element name="spiderchair02" layername="spiderchair" frame="0" z_index="2" m_a="1.000000" m_b="0.000000" m_c="0.000000" m_d="1.000000" m_tx="-148.000000" m_ty="-227.000000"/>
  </frame>
  <frame idx="75" w="353" h="431" x="-30.500000" y="-130.000000">
   <element name="spiderchair02" layername="spiderchair" frame="0" z_index="2" m_a="1.000000" m_b="0.000000" m_c="0.000000" m_d="1.000000" m_tx="-148.000000" m_ty="-227.000000"/>
  </frame>
  <frame idx="100" w="353" h="431" x="-30.500000" y="-130.000000">
   <element name="spiderchair02" layername="spiderchair" frame="0" z_index="2" m_a="1.000000" m_b="0.000000" m_c="0.000000" m_d="1.000000" m_tx="-148.000000" m_ty="-227.000000"/>
  </frame>
  <frame idx="125" w="353" h="431" x="-30.500000" y="-130.000000">
   <element name="spiderchair02" layername="spiderchair" frame="0" z_index="2" m_a="1.000000" m_b="0.000000" m_c="0.000000" m_d="1.000000" m_tx="-148.000000" m_ty="-227.000000"/>
  </frame>
  <frame idx="150" w="353" h="431" x="-30.500000" y="-130.000000">
   <element name="spiderchair02" layername="spiderchair" frame="0" z_index="2" m_a="1.000000" m_b="0.000000" m_c="0.000000" m_d="1.000000" m_tx="-148.000000" m_ty="-227.000000"/>
  </frame>
  <frame idx="175" w="353" h="431" x="-30.500000" y="-130.000000">
   <element name="spiderchair02" layername="spiderchair" frame="0" z_index="2" m_a="1.000000" m_b="0.000000" m_c="0.000000" m_d="1.000000" m_tx="-148.000000" m_ty="-227.000000"/>
  </frame>
  <frame idx="200" w="353" h="431" x="-30.500000" y="-130.000000">
   <element name="spiderchair02" layername="spiderchair" frame="0" z_index="2" m_a="1.000000" m_b="0.000000" m_c="0.000000" m_d="1.000000" m_tx="-148.000000" m_ty="-227.000000"/>
  </frame>
  <frame idx="225" w="353" h="431" x="-30.500000" y="-130.000000">
   <element name="spiderchair02" layername="spiderchair" frame="0" z_index="2" m_a="1.000000" m_b="0.000000" m_c="0.000000" m_d="1.000000" m_tx="-148.000000" m_ty="-227.000000"/>
  </frame>
  <frame idx="250" w="353" h="431" x="-30.500000" y="-130.000000">
   <element name="spiderchair02" layername="spiderchair" frame="0" z_index="2" m_a="1.000000" m_b="0.000000" m_c="0.000000" m_d="1.000000" m_tx="-148.000000" m_ty="-227.000000"/>
  </frame>
  <frame idx="275" w="353" h="431" x="-30.500000" y="-130.000000">
   <element name="spiderchair02" layername="spiderchair" frame="0" z_index="2" m_a="1.000000" m_b="0.000000" m_c="0.000000" m_d="1.000000" m_tx="-148.000000" m_ty="-227.000000"/>
  </frame>
  <frame idx="300" w="353" h="431" x="-30.500000" y="-130.000000">
   <element name="spiderchair02" layername="spiderchair" frame="0" z_index="2" m_a="1.000000" m_b="0.000000" m_c="0.000000" m_d="1.000000" m_tx="-148.000000" m_ty="-227.000000"/>
  </frame>
  <frame idx="325" w="353" h="431" x="-30.500000" y="-130.000000">
   <element name="spiderchair02" layername="spiderchair" frame="0" z_index="2" m_a="1.000000" m_b="0.000000" m_c="0.000000" m_d="1.000000" m_tx="-148.000000" m_ty="-227.000000"/>
  </frame>
  <frame idx="350" w="353" h="431" x="-30.500000" y="-130.000000">
   <element name="spiderchair02" layername="spiderchair" frame="0" z_index="2" m_a="1.000000" m_b="0.000000" m_c="0.000000" m_d="1.000000" m_tx="-148.000000" m_ty="-227.000000"/>
  </frame>
  <frame idx="375" w="353" h="431" x="-30.500000" y="-130.000000">
   <element name="spiderchair02" layername="spiderchair" frame="0" z_index="2" m_a="1.000000" m_b="0.000000" m_c="0.000000" m_d="1.000000" m_tx="-148.000000" m_ty="-227.000000"/>
  </frame>
  <frame idx="400" w="353" h="431" x="-30.500000" y="-130.000000">
   <element name="spiderchair02" layername="spiderchair" frame="0" z_index="2" m_a="1.000000" m_b="0.000000" m_c="0.000000" m_d="1.000000" m_tx="-148.000000" m_ty="-227.000000"/>
  </frame>
  <frame idx="425" w="353" h="431" x="-30.500000" y="-130.000000">
   <element name="spiderchair02" layername="spiderchair" frame="0" z_index="2" m_a="1.000000" m_b="0.000000" m_c="0.000000" m_d="1.000000" m_tx="-148.000000" m_ty="-227.000000"/>
  </frame>
  <frame idx="450" w="353" h="431" x="-30.500000" y="-130.000000">
   <element name="spiderchair02" layername="spiderchair" frame="0" z_index="2" m_a="1.000000" m_b="0.000000" m_c="0.000000" m_d="1.000000" m_tx="-148.000000" m_ty="-227.000000"/>
  </frame>
  <frame idx="475" w="353" h="431" x="-30.500000" y="-130.000000">
   <element name="spiderchair02" layername="spiderchair" frame="0" z_index="2" m_a="1.000000" m_b="0.000000" m_c="0.000000" m_d="1.000000" m_tx="-148.000000" m_ty="-227.000000"/>
  </frame>
  <frame idx="500" w="353" h="431" x="-30.500000" y="-130.000000">
   <element name="spiderchair02" layername="spiderchair" frame="0" z_index="2" m_a="1.000000" m_b="0.000000" m_c="0.000000" m_d="1.000000" m_tx="-148.000000" m_ty="-227.000000"/>
  </frame>
  <frame idx="525" w="353" h="431" x="-30.500000" y="-130.000000">
   <element name="spiderchair02" layername="spiderchair" frame="0" z_index="2" m_a="1.000000" m_b="0.000000" m_c="0.000000" m_d="1.000000" m_tx="-148.000000" m_ty="-227.000000"/>
  </frame>
  <frame idx="550" w="353" h="431" x="-30.500000" y="-130.000000">
   <element name="spiderchair02" layername="spiderchair" frame="0" z_index="2" m_a="1.000000" m_b="0.000000" m_c="0.000000" m_d="1.000000" m_tx="-148.000000" m_ty="-227.000000"/>
  </frame>
  <frame idx="575" w="353" h="431" x="-30.500000" y="-130.000000">
   <element name="spiderchair02" layername="spiderchair" frame="0" z_index="2" m_a="1.000000" m_b="0.000000" m_c="0.000000" m_d="1.000000" m_tx="-148.000000" m_ty="-227.000000"/>
  </frame>
  <frame idx="600" w="353" h="431" x="-30.500000" y="-130.000000">
   <element name="spiderchair02" layername="spiderchair" frame="0" z_index="2" m_a="1.000000" m_b="0.000000" m_c="0.000000" m_d="1.000000" m_tx="-148.000000" m_ty="-227.000000"/>
  </frame>
  <frame idx="625" w="353" h="431" x="-30.500000" y="-130.000000">
   <element name="spiderchair02" layername="spiderchair" frame="0" z_index="2" m_a="1.000000" m_b="0.000000" m_c="0.000000" m_d="1.000000" m_tx="-148.000000" m_ty="-227.000000"/>
  </frame>
  <frame idx="650" w="353" h="431" x="-30.500000" y="-130.000000">
   <element name="spiderchair02" layername="spiderchair" frame="0" z_index="2" m_a="1.000000" m_b="0.000000" m_c="0.000000" m_d="1.000000" m_tx="-148.000000" m_ty="-227.000000"/>
  </frame>
  <frame idx="675" w="353" h="431" x="-30.500000" y="-130.000000">
   <element name="spiderchair02" layername="spiderchair" frame="0" z_index="2" m_a="1.000000" m_b="0.000000" m_c="0.000000" m_d="1.000000" m_tx="-148.000000" m_ty="-227.000000"/>
  </frame>
  <frame idx="700" w="353" h="431" x="-30.500000" y="-130.000000">
   <element name="spiderchair02" layername="spiderchair" frame="0" z_index="2" m_a="1.000000" m_b="0.000000" m_c="0.000000" m_d="1.000000" m_tx="-148.000000" m_ty="-227.000000"/>
  </frame>
  <frame idx="725" w="353" h="431" x="-30.500000" y="-130.000000">
   <element name="spiderchair02" layername="spiderchair" frame="0" z_index="2" m_a="1.000000" m_b="0.000000" m_c="0.000000" m_d="1.000000" m_tx="-148.000000" m_ty="-227.000000"/>
  </frame>
  <frame idx="750" w="353" h="431" x="-30.500000" y="-130.000000">
   <element name="spiderchair02" layername="spiderchair" frame="0" z_index="2" m_a="1.000000" m_b="0.000000" m_c="0.000000" m_d="1.000000" m_tx="-148.000000" m_ty="-227.000000"/>
  </frame>
  <frame idx="775" w="353" h="431" x="-30.500000" y="-130.000000">
   <element name="spiderchair02" layername="spiderchair" frame="0" z_index="2" m_a="1.000000" m_b="0.000000" m_c="0.000000" m_d="1.000000" m_tx="-148.000000" m_ty="-227.000000"/>
  </frame>
  <frame idx="800" w="353" h="431" x="-30.500000" y="-130.000000">
   <element name="spiderchair02" layername="spiderchair" frame="0" z_index="2" m_a="1.000000" m_b="0.000000" m_c="0.000000" m_d="1.000000" m_tx="-148.000000" m_ty="-227.000000"/>
  </frame>
  <frame idx="825" w="353" h="431" x="-30.500000" y="-130.000000">
   <element name="spiderchair02" layername="spiderchair" frame="0" z_index="2" m_a="1.000000" m_b="0.000000" m_c="0.000000" m_d="1.000000" m_tx="-148.000000" m_ty="-227.000000"/>
  </frame>
  <frame idx="850" w="353" h="431" x="-30.500000" y="-130.000000">
   <element name="spiderchair02" layername="spiderchair" frame="0" z_index="2" m_a="1.000000" m_b="0.000000" m_c="0.000000" m_d="1.000000" m_tx="-148.000000" m_ty="-227.000000"/>
  </frame>
  <frame idx="875" w="353" h="431" x="-30.500000" y="-130.000000">
   <element name="spiderchair02" layername="spiderchair" frame="0" z_index="2" m_a="1.000000" m_b="0.000000" m_c="0.000000" m_d="1.000000" m_tx="-148.000000" m_ty="-227.000000"/>
  </frame>
  <frame idx="900" w="353" h="431" x="-30.500000" y="-130.000000">
   <element name="spiderchair02" layername="spiderchair" frame="0" z_index="2" m_a="1.000000" m_b="0.000000" m_c="0.000000" m_d="1.000000" m_tx="-148.000000" m_ty="-227.000000"/>
  </frame>
  <frame idx="925" w="353" h="431" x="-30.500000" y="-130.000000">
   <element name="spiderchair02" layername="spiderchair" frame="0" z_index="2" m_a="1.000000" m_b="0.000000" m_c="0.000000" m_d="1.000000" m_tx="-148.000000" m_ty="-227.000000"/>
  </frame>
  <frame idx="950" w="353" h="431" x="-30.500000" y="-130.000000">
   <element name="spiderchair02" layername="spiderchair" frame="0" z_index="2" m_a="1.000000" m_b="0.000000" m_c="0.000000" m_d="1.000000" m_tx="-148.000000" m_ty="-227.000000"/>
  </frame>
  <frame idx="975" w="353" h="431" x="-30.500000" y="-130.000000">
   <element name="spiderchair02" layername="spiderchair" frame="0" z_index="2" m_a="1.000000" m_b="0.000000" m_c="0.000000" m_d="1.000000" m_tx="-148.000000" m_ty="-227.000000"/>
  </frame>
 </anim>
 <anim name="hit" root="spiderchair2" numframes="300" framerate="40">
  <frame idx="0" w="353" h="431" x="-30.500000" y="-130.000000">
   <element name="spiderchair02" layername="spiderchair" frame="0" z_index="2" m_a="1.000000" m_b="0.000000" m_c="0.000000" m_d="1.000000" m_tx="-148.000000" m_ty="-227.000000"/>
  </frame>
  <frame idx="25" w="372" h="384" x="-32.714275" y="-112.917709">
   <element name="spiderchair02" layername="spiderchair" frame="0" z_index="2" m_a="1.054216" m_b="0.000000" m_c="0.000000" m_d="0.902005" m_tx="-156.684067" m_ty="-200.884399"/>
  </frame>
  <frame idx="50" w="392" h="336" x="-35.428551" y="-95.835411">
   <element name="spiderchair02" layername="spiderchair" frame="0" z_index="2" m_a="1.108433" m_b="0.000000" m_c="0.000000" m_d="0.804010" m_tx="-165.368149" m_ty="-174.768799"/>
  </frame>
  <frame idx="75" w="411" h="288" x="-37.642826" y="-78.753113">
   <element name="spiderchair02" layername="spiderchair" frame="0" z_index="2" m_a="1.162649" m_b="0.000000" m_c="0.000000" m_d="0.706016" m_tx="-174.052216" m_ty="-148.653198"/>
  </frame>
  <frame idx="100" w="430" h="241" x="-39.857101" y="-62.170834">
   <element name="spiderchair02" layername="spiderchair" frame="0" z_index="2" m_a="1.216865" m_b="0.000000" m_c="0.000000" m_d="0.608021" m_tx="-182.736282" m_ty="-122.537613"/>
  </frame>
  <frame idx="125" w="434" h="231" x="-40.497452" y="-58.600269">
   <element name="spiderchair02" layername="spiderchair" frame="0" z_index="2" m_a="1.227518" m_b="0.000000" m_c="0.000000" m_d="0.588766" m_tx="-184.442627" m_ty="-117.406120"/>
  </frame>
  <frame idx="150" w="415" h="279" x="-38.276905" y="-75.797325">
   <element name="spiderchair02" layername="spiderchair" frame="0" z_index="2" m_a="1.172826" m_b="0.000000" m_c="0.000000" m_d="0.687620" m_tx="-175.682388" m_ty="-143.750809"/>
  </frame>
  <frame idx="175" w="395" h="328" x="-35.556362" y="-92.994377">
   <element name="spiderchair02" layername="spiderchair" frame="0" z_index="2" m_a="1.118134" m_b="0.000000" m_c="0.000000" m_d="0.786475" m_tx="-166.922134" m_ty="-170.095490"/>
  </frame>
  <frame idx="200" w="376" h="376" x="-33.335819" y="-110.191422">
   <element name="spiderchair02" layername="spiderchair" frame="0" z_index="2" m_a="1.063443" m_b="0.000000" m_c="0.000000" m_d="0.885329" m_tx="-158.161880" m_ty="-196.440170"/>
  </frame>
  <frame idx="225" w="357" h="424" x="-31.115292" y="-127.388474">
   <element name="spiderchair02" layername="spiderchair" frame="0" z_index="2" m_a="1.008751" m_b="0.000000" m_c="0.000000" m_d="0.984183" m_tx="-149.401642" m_ty="-222.784851"/>
  </frame>
  <frame idx="250" w="353" h="431" x="-30.500000" y="-130.000000">
   <element name="spiderchair02" layername="spiderchair" frame="0" z_index="2" m_a="1.000000" m_b="0.000000" m_c="0.000000" m_d="1.000000" m_tx="-148.000000" m_ty="-227.000000"/>
  </frame>
  <frame idx="275" w="353" h="431" x="-30.500000" y="-130.000000">
   <element name="spiderchair02" layername="spiderchair" frame="0" z_index="2" m_a="1.000000" m_b="0.000000" m_c="0.000000" m_d="1.000000" m_tx="-148.000000" m_ty="-227.000000"/>
  </frame>
 </anim>
</Anims>
