<Anims>
 <anim name="idle" root="whirlygismo" numframes="1000" framerate="40">
  <frame idx="0" w="327" h="327" x="-60.673763" y="-114.249184">
   <element name="wgismo01" layername="wgismo" frame="0" z_index="2" m_a="1.379430" m_b="0.000000" m_c="0.000000" m_d="1.399503" m_tx="-169.047623" m_ty="-195.910416"/>
  </frame>
  <frame idx="25" w="327" h="327" x="-60.673763" y="-114.249184">
   <element name="wgismo01" layername="wgismo" frame="0" z_index="2" m_a="1.379430" m_b="0.000000" m_c="0.000000" m_d="1.399503" m_tx="-169.047623" m_ty="-195.910416"/>
  </frame>
  <frame idx="50" w="327" h="327" x="-60.673763" y="-114.249184">
   <element name="wgismo01" layername="wgismo" frame="0" z_index="2" m_a="1.379430" m_b="0.000000" m_c="0.000000" m_d="1.399503" m_tx="-169.047623" m_ty="-195.910416"/>
  </frame>
  <frame idx="75" w="327" h="327" x="-60.673763" y="-114.249184">
   <element name="wgismo01" layername="wgismo" frame="0" z_index="2" m_a="1.379430" m_b="0.000000" m_c="0.000000" m_d="1.399503" m_tx="-169.047623" m_ty="-195.910416"/>
  </frame>
  <frame idx="100" w="327" h="327" x="-60.673763" y="-114.249184">
   <element name="wgismo01" layername="wgismo" frame="0" z_index="2" m_a="1.379430" m_b="0.000000" m_c="0.000000" m_d="1.399503" m_tx="-169.047623" m_ty="-195.910416"/>
  </frame>
  <frame idx="125" w="327" h="327" x="-60.673763" y="-114.249184">
   <element name="wgismo01" layername="wgismo" frame="0" z_index="2" m_a="1.379430" m_b="0.000000" m_c="0.000000" m_d="1.399503" m_tx="-169.047623" m_ty="-195.910416"/>
  </frame>
  <frame idx="150" w="327" h="327" x="-60.673763" y="-114.249184">
   <element name="wgismo01" layername="wgismo" frame="0" z_index="2" m_a="1.379430" m_b="0.000000" m_c="0.000000" m_d="1.399503" m_tx="-169.047623" m_ty="-195.910416"/>
  </frame>
  <frame idx="175" w="327" h="327" x="-60.673763" y="-114.249184">
   <element name="wgismo01" layername="wgismo" frame="0" z_index="2" m_a="1.379430" m_b="0.000000" m_c="0.000000" m_d="1.399503" m_tx="-169.047623" m_ty="-195.910416"/>
  </frame>
  <frame idx="200" w="327" h="327" x="-60.673763" y="-114.249184">
   <element name="wgismo01" layername="wgismo" frame="0" z_index="2" m_a="1.379430" m_b="0.000000" m_c="0.000000" m_d="1.399503" m_tx="-169.047623" m_ty="-195.910416"/>
  </frame>
  <frame idx="225" w="327" h="327" x="-60.673763" y="-114.249184">
   <element name="wgismo01" layername="wgismo" frame="0" z_index="2" m_a="1.379430" m_b="0.000000" m_c="0.000000" m_d="1.399503" m_tx="-169.047623" m_ty="-195.910416"/>
  </frame>
  <frame idx="250" w="327" h="327" x="-60.673763" y="-114.249184">
   <element name="wgismo01" layername="wgismo" frame="0" z_index="2" m_a="1.379430" m_b="0.000000" m_c="0.000000" m_d="1.399503" m_tx="-169.047623" m_ty="-195.910416"/>
  </frame>
  <frame idx="275" w="327" h="327" x="-60.673763" y="-114.249184">
   <element name="wgismo01" layername="wgismo" frame="0" z_index="2" m_a="1.379430" m_b="0.000000" m_c="0.000000" m_d="1.399503" m_tx="-169.047623" m_ty="-195.910416"/>
  </frame>
  <frame idx="300" w="327" h="327" x="-60.673763" y="-114.249184">
   <element name="wgismo01" layername="wgismo" frame="0" z_index="2" m_a="1.379430" m_b="0.000000" m_c="0.000000" m_d="1.399503" m_tx="-169.047623" m_ty="-195.910416"/>
  </frame>
  <frame idx="325" w="327" h="327" x="-60.673763" y="-114.249184">
   <element name="wgismo01" layername="wgismo" frame="0" z_index="2" m_a="1.379430" m_b="0.000000" m_c="0.000000" m_d="1.399503" m_tx="-169.047623" m_ty="-195.910416"/>
  </frame>
  <frame idx="350" w="327" h="327" x="-60.673763" y="-114.249184">
   <element name="wgismo01" layername="wgismo" frame="0" z_index="2" m_a="1.379430" m_b="0.000000" m_c="0.000000" m_d="1.399503" m_tx="-169.047623" m_ty="-195.910416"/>
  </frame>
  <frame idx="375" w="327" h="327" x="-60.673763" y="-114.249184">
   <element name="wgismo01" layername="wgismo" frame="0" z_index="2" m_a="1.379430" m_b="0.000000" m_c="0.000000" m_d="1.399503" m_tx="-169.047623" m_ty="-195.910416"/>
  </frame>
  <frame idx="400" w="327" h="327" x="-60.673763" y="-114.249184">
   <element name="wgismo01" layername="wgismo" frame="0" z_index="2" m_a="1.379430" m_b="0.000000" m_c="0.000000" m_d="1.399503" m_tx="-169.047623" m_ty="-195.910416"/>
  </frame>
  <frame idx="425" w="327" h="327" x="-60.673763" y="-114.249184">
   <element name="wgismo01" layername="wgismo" frame="0" z_index="2" m_a="1.379430" m_b="0.000000" m_c="0.000000" m_d="1.399503" m_tx="-169.047623" m_ty="-195.910416"/>
  </frame>
  <frame idx="450" w="327" h="327" x="-60.673763" y="-114.249184">
   <element name="wgismo01" layername="wgismo" frame="0" z_index="2" m_a="1.379430" m_b="0.000000" m_c="0.000000" m_d="1.399503" m_tx="-169.047623" m_ty="-195.910416"/>
  </frame>
  <frame idx="475" w="327" h="327" x="-60.673763" y="-114.249184">
   <element name="wgismo01" layername="wgismo" frame="0" z_index="2" m_a="1.379430" m_b="0.000000" m_c="0.000000" m_d="1.399503" m_tx="-169.047623" m_ty="-195.910416"/>
  </frame>
  <frame idx="500" w="327" h="327" x="-60.673763" y="-114.249184">
   <element name="wgismo01" layername="wgismo" frame="0" z_index="2" m_a="1.379430" m_b="0.000000" m_c="0.000000" m_d="1.399503" m_tx="-169.047623" m_ty="-195.910416"/>
  </frame>
  <frame idx="525" w="327" h="327" x="-60.673763" y="-114.249184">
   <element name="wgismo01" layername="wgismo" frame="0" z_index="2" m_a="1.379430" m_b="0.000000" m_c="0.000000" m_d="1.399503" m_tx="-169.047623" m_ty="-195.910416"/>
  </frame>
  <frame idx="550" w="327" h="327" x="-60.673763" y="-114.249184">
   <element name="wgismo01" layername="wgismo" frame="0" z_index="2" m_a="1.379430" m_b="0.000000" m_c="0.000000" m_d="1.399503" m_tx="-169.047623" m_ty="-195.910416"/>
  </frame>
  <frame idx="575" w="327" h="327" x="-60.673763" y="-114.249184">
   <element name="wgismo01" layername="wgismo" frame="0" z_index="2" m_a="1.379430" m_b="0.000000" m_c="0.000000" m_d="1.399503" m_tx="-169.047623" m_ty="-195.910416"/>
  </frame>
  <frame idx="600" w="327" h="327" x="-60.673763" y="-114.249184">
   <element name="wgismo01" layername="wgismo" frame="0" z_index="2" m_a="1.379430" m_b="0.000000" m_c="0.000000" m_d="1.399503" m_tx="-169.047623" m_ty="-195.910416"/>
  </frame>
  <frame idx="625" w="327" h="327" x="-60.673763" y="-114.249184">
   <element name="wgismo01" layername="wgismo" frame="0" z_index="2" m_a="1.379430" m_b="0.000000" m_c="0.000000" m_d="1.399503" m_tx="-169.047623" m_ty="-195.910416"/>
  </frame>
  <frame idx="650" w="327" h="327" x="-60.673763" y="-114.249184">
   <element name="wgismo01" layername="wgismo" frame="0" z_index="2" m_a="1.379430" m_b="0.000000" m_c="0.000000" m_d="1.399503" m_tx="-169.047623" m_ty="-195.910416"/>
  </frame>
  <frame idx="675" w="327" h="327" x="-60.673763" y="-114.249184">
   <element name="wgismo01" layername="wgismo" frame="0" z_index="2" m_a="1.379430" m_b="0.000000" m_c="0.000000" m_d="1.399503" m_tx="-169.047623" m_ty="-195.910416"/>
  </frame>
  <frame idx="700" w="327" h="327" x="-60.673763" y="-114.249184">
   <element name="wgismo01" layername="wgismo" frame="0" z_index="2" m_a="1.379430" m_b="0.000000" m_c="0.000000" m_d="1.399503" m_tx="-169.047623" m_ty="-195.910416"/>
  </frame>
  <frame idx="725" w="327" h="327" x="-60.673763" y="-114.249184">
   <element name="wgismo01" layername="wgismo" frame="0" z_index="2" m_a="1.379430" m_b="0.000000" m_c="0.000000" m_d="1.399503" m_tx="-169.047623" m_ty="-195.910416"/>
  </frame>
  <frame idx="750" w="327" h="327" x="-60.673763" y="-114.249184">
   <element name="wgismo01" layername="wgismo" frame="0" z_index="2" m_a="1.379430" m_b="0.000000" m_c="0.000000" m_d="1.399503" m_tx="-169.047623" m_ty="-195.910416"/>
  </frame>
  <frame idx="775" w="327" h="327" x="-60.673763" y="-114.249184">
   <element name="wgismo01" layername="wgismo" frame="0" z_index="2" m_a="1.379430" m_b="0.000000" m_c="0.000000" m_d="1.399503" m_tx="-169.047623" m_ty="-195.910416"/>
  </frame>
  <frame idx="800" w="327" h="327" x="-60.673763" y="-114.249184">
   <element name="wgismo01" layername="wgismo" frame="0" z_index="2" m_a="1.379430" m_b="0.000000" m_c="0.000000" m_d="1.399503" m_tx="-169.047623" m_ty="-195.910416"/>
  </frame>
  <frame idx="825" w="327" h="327" x="-60.673763" y="-114.249184">
   <element name="wgismo01" layername="wgismo" frame="0" z_index="2" m_a="1.379430" m_b="0.000000" m_c="0.000000" m_d="1.399503" m_tx="-169.047623" m_ty="-195.910416"/>
  </frame>
  <frame idx="850" w="327" h="327" x="-60.673763" y="-114.249184">
   <element name="wgismo01" layername="wgismo" frame="0" z_index="2" m_a="1.379430" m_b="0.000000" m_c="0.000000" m_d="1.399503" m_tx="-169.047623" m_ty="-195.910416"/>
  </frame>
  <frame idx="875" w="327" h="327" x="-60.673763" y="-114.249184">
   <element name="wgismo01" layername="wgismo" frame="0" z_index="2" m_a="1.379430" m_b="0.000000" m_c="0.000000" m_d="1.399503" m_tx="-169.047623" m_ty="-195.910416"/>
  </frame>
  <frame idx="900" w="327" h="327" x="-60.673763" y="-114.249184">
   <element name="wgismo01" layername="wgismo" frame="0" z_index="2" m_a="1.379430" m_b="0.000000" m_c="0.000000" m_d="1.399503" m_tx="-169.047623" m_ty="-195.910416"/>
  </frame>
  <frame idx="925" w="327" h="327" x="-60.673763" y="-114.249184">
   <element name="wgismo01" layername="wgismo" frame="0" z_index="2" m_a="1.379430" m_b="0.000000" m_c="0.000000" m_d="1.399503" m_tx="-169.047623" m_ty="-195.910416"/>
  </frame>
  <frame idx="950" w="327" h="327" x="-60.673763" y="-114.249184">
   <element name="wgismo01" layername="wgismo" frame="0" z_index="2" m_a="1.379430" m_b="0.000000" m_c="0.000000" m_d="1.399503" m_tx="-169.047623" m_ty="-195.910416"/>
  </frame>
  <frame idx="975" w="327" h="327" x="-60.673763" y="-114.249184">
   <element name="wgismo01" layername="wgismo" frame="0" z_index="2" m_a="1.379430" m_b="0.000000" m_c="0.000000" m_d="1.399503" m_tx="-169.047623" m_ty="-195.910416"/>
  </frame>
 </anim>
 <anim name="hit" root="whirlygismo" numframes="1000" framerate="40">
  <frame idx="0" w="327" h="327" x="-60.673763" y="-114.249184">
   <element name="wgismo01" layername="wgismo" frame="0" z_index="2" m_a="1.379430" m_b="0.000000" m_c="0.000000" m_d="1.399503" m_tx="-169.047623" m_ty="-195.910416"/>
  </frame>
  <frame idx="25" w="336" h="282" x="-60.551231" y="-97.479271">
   <element name="wgismo01" layername="wgismo" frame="0" z_index="2" m_a="1.420047" m_b="0.000000" m_c="0.000000" m_d="1.236829" m_tx="-172.425842" m_ty="-170.451935"/>
  </frame>
  <frame idx="50" w="346" h="237" x="-60.928688" y="-81.209358">
   <element name="wgismo01" layername="wgismo" frame="0" z_index="2" m_a="1.460664" m_b="0.000000" m_c="0.000000" m_d="1.074155" m_tx="-175.804047" m_ty="-144.993454"/>
  </frame>
  <frame idx="75" w="354" h="199" x="-60.896347" y="-67.289658">
   <element name="wgismo01" layername="wgismo" frame="0" z_index="2" m_a="1.495395" m_b="0.000000" m_c="0.000000" m_d="0.935051" m_tx="-178.692795" m_ty="-123.223618"/>
  </frame>
  <frame idx="100" w="347" h="236" x="-60.901283" y="-80.647476">
   <element name="wgismo01" layername="wgismo" frame="0" z_index="2" m_a="1.462451" m_b="0.000000" m_c="0.000000" m_d="1.066997" m_tx="-175.952682" m_ty="-143.873276"/>
  </frame>
  <frame idx="125" w="339" h="272" x="-60.906239" y="-94.005295">
   <element name="wgismo01" layername="wgismo" frame="0" z_index="2" m_a="1.429506" m_b="0.000000" m_c="0.000000" m_d="1.198944" m_tx="-173.212585" m_ty="-164.522934"/>
  </frame>
  <frame idx="150" w="332" h="309" x="-60.911190" y="-107.363121">
   <element name="wgismo01" layername="wgismo" frame="0" z_index="2" m_a="1.396561" m_b="0.000000" m_c="0.000000" m_d="1.330891" m_tx="-170.472473" m_ty="-185.172592"/>
  </frame>
  <frame idx="175" w="327" h="327" x="-60.673763" y="-114.249184">
   <element name="wgismo01" layername="wgismo" frame="0" z_index="2" m_a="1.379430" m_b="0.000000" m_c="0.000000" m_d="1.399503" m_tx="-169.047623" m_ty="-195.910416"/>
  </frame>
  <frame idx="200" w="327" h="327" x="-60.673763" y="-114.249184">
   <element name="wgismo01" layername="wgismo" frame="0" z_index="2" m_a="1.379430" m_b="0.000000" m_c="0.000000" m_d="1.399503" m_tx="-169.047623" m_ty="-195.910416"/>
  </frame>
  <frame idx="225" w="327" h="327" x="-60.673763" y="-114.249184">
   <element name="wgismo01" layername="wgismo" frame="0" z_index="2" m_a="1.379430" m_b="0.000000" m_c="0.000000" m_d="1.399503" m_tx="-169.047623" m_ty="-195.910416"/>
  </frame>
  <frame idx="250" w="327" h="327" x="-60.673763" y="-114.249184">
   <element name="wgismo01" layername="wgismo" frame="0" z_index="2" m_a="1.379430" m_b="0.000000" m_c="0.000000" m_d="1.399503" m_tx="-169.047623" m_ty="-195.910416"/>
  </frame>
  <frame idx="275" w="327" h="327" x="-60.673763" y="-114.249184">
   <element name="wgismo01" layername="wgismo" frame="0" z_index="2" m_a="1.379430" m_b="0.000000" m_c="0.000000" m_d="1.399503" m_tx="-169.047623" m_ty="-195.910416"/>
  </frame>
  <frame idx="300" w="327" h="327" x="-60.673763" y="-114.249184">
   <element name="wgismo01" layername="wgismo" frame="0" z_index="2" m_a="1.379430" m_b="0.000000" m_c="0.000000" m_d="1.399503" m_tx="-169.047623" m_ty="-195.910416"/>
  </frame>
  <frame idx="325" w="327" h="327" x="-60.673763" y="-114.249184">
   <element name="wgismo01" layername="wgismo" frame="0" z_index="2" m_a="1.379430" m_b="0.000000" m_c="0.000000" m_d="1.399503" m_tx="-169.047623" m_ty="-195.910416"/>
  </frame>
  <frame idx="350" w="327" h="327" x="-60.673763" y="-114.249184">
   <element name="wgismo01" layername="wgismo" frame="0" z_index="2" m_a="1.379430" m_b="0.000000" m_c="0.000000" m_d="1.399503" m_tx="-169.047623" m_ty="-195.910416"/>
  </frame>
  <frame idx="375" w="327" h="327" x="-60.673763" y="-114.249184">
   <element name="wgismo01" layername="wgismo" frame="0" z_index="2" m_a="1.379430" m_b="0.000000" m_c="0.000000" m_d="1.399503" m_tx="-169.047623" m_ty="-195.910416"/>
  </frame>
  <frame idx="400" w="327" h="327" x="-60.673763" y="-114.249184">
   <element name="wgismo01" layername="wgismo" frame="0" z_index="2" m_a="1.379430" m_b="0.000000" m_c="0.000000" m_d="1.399503" m_tx="-169.047623" m_ty="-195.910416"/>
  </frame>
  <frame idx="425" w="327" h="327" x="-60.673763" y="-114.249184">
   <element name="wgismo01" layername="wgismo" frame="0" z_index="2" m_a="1.379430" m_b="0.000000" m_c="0.000000" m_d="1.399503" m_tx="-169.047623" m_ty="-195.910416"/>
  </frame>
  <frame idx="450" w="327" h="327" x="-60.673763" y="-114.249184">
   <element name="wgismo01" layername="wgismo" frame="0" z_index="2" m_a="1.379430" m_b="0.000000" m_c="0.000000" m_d="1.399503" m_tx="-169.047623" m_ty="-195.910416"/>
  </frame>
  <frame idx="475" w="327" h="327" x="-60.673763" y="-114.249184">
   <element name="wgismo01" layername="wgismo" frame="0" z_index="2" m_a="1.379430" m_b="0.000000" m_c="0.000000" m_d="1.399503" m_tx="-169.047623" m_ty="-195.910416"/>
  </frame>
  <frame idx="500" w="327" h="327" x="-60.673763" y="-114.249184">
   <element name="wgismo01" layername="wgismo" frame="0" z_index="2" m_a="1.379430" m_b="0.000000" m_c="0.000000" m_d="1.399503" m_tx="-169.047623" m_ty="-195.910416"/>
  </frame>
  <frame idx="525" w="327" h="327" x="-60.673763" y="-114.249184">
   <element name="wgismo01" layername="wgismo" frame="0" z_index="2" m_a="1.379430" m_b="0.000000" m_c="0.000000" m_d="1.399503" m_tx="-169.047623" m_ty="-195.910416"/>
  </frame>
  <frame idx="550" w="327" h="327" x="-60.673763" y="-114.249184">
   <element name="wgismo01" layername="wgismo" frame="0" z_index="2" m_a="1.379430" m_b="0.000000" m_c="0.000000" m_d="1.399503" m_tx="-169.047623" m_ty="-195.910416"/>
  </frame>
  <frame idx="575" w="327" h="327" x="-60.673763" y="-114.249184">
   <element name="wgismo01" layername="wgismo" frame="0" z_index="2" m_a="1.379430" m_b="0.000000" m_c="0.000000" m_d="1.399503" m_tx="-169.047623" m_ty="-195.910416"/>
  </frame>
  <frame idx="600" w="327" h="327" x="-60.673763" y="-114.249184">
   <element name="wgismo01" layername="wgismo" frame="0" z_index="2" m_a="1.379430" m_b="0.000000" m_c="0.000000" m_d="1.399503" m_tx="-169.047623" m_ty="-195.910416"/>
  </frame>
  <frame idx="625" w="327" h="327" x="-60.673763" y="-114.249184">
   <element name="wgismo01" layername="wgismo" frame="0" z_index="2" m_a="1.379430" m_b="0.000000" m_c="0.000000" m_d="1.399503" m_tx="-169.047623" m_ty="-195.910416"/>
  </frame>
  <frame idx="650" w="327" h="327" x="-60.673763" y="-114.249184">
   <element name="wgismo01" layername="wgismo" frame="0" z_index="2" m_a="1.379430" m_b="0.000000" m_c="0.000000" m_d="1.399503" m_tx="-169.047623" m_ty="-195.910416"/>
  </frame>
  <frame idx="675" w="327" h="327" x="-60.673763" y="-114.249184">
   <element name="wgismo01" layername="wgismo" frame="0" z_index="2" m_a="1.379430" m_b="0.000000" m_c="0.000000" m_d="1.399503" m_tx="-169.047623" m_ty="-195.910416"/>
  </frame>
  <frame idx="700" w="327" h="327" x="-60.673763" y="-114.249184">
   <element name="wgismo01" layername="wgismo" frame="0" z_index="2" m_a="1.379430" m_b="0.000000" m_c="0.000000" m_d="1.399503" m_tx="-169.047623" m_ty="-195.910416"/>
  </frame>
  <frame idx="725" w="327" h="327" x="-60.673763" y="-114.249184">
   <element name="wgismo01" layername="wgismo" frame="0" z_index="2" m_a="1.379430" m_b="0.000000" m_c="0.000000" m_d="1.399503" m_tx="-169.047623" m_ty="-195.910416"/>
  </frame>
  <frame idx="750" w="327" h="327" x="-60.673763" y="-114.249184">
   <element name="wgismo01" layername="wgismo" frame="0" z_index="2" m_a="1.379430" m_b="0.000000" m_c="0.000000" m_d="1.399503" m_tx="-169.047623" m_ty="-195.910416"/>
  </frame>
  <frame idx="775" w="327" h="327" x="-60.673763" y="-114.249184">
   <element name="wgismo01" layername="wgismo" frame="0" z_index="2" m_a="1.379430" m_b="0.000000" m_c="0.000000" m_d="1.399503" m_tx="-169.047623" m_ty="-195.910416"/>
  </frame>
  <frame idx="800" w="327" h="327" x="-60.673763" y="-114.249184">
   <element name="wgismo01" layername="wgismo" frame="0" z_index="2" m_a="1.379430" m_b="0.000000" m_c="0.000000" m_d="1.399503" m_tx="-169.047623" m_ty="-195.910416"/>
  </frame>
  <frame idx="825" w="327" h="327" x="-60.673763" y="-114.249184">
   <element name="wgismo01" layername="wgismo" frame="0" z_index="2" m_a="1.379430" m_b="0.000000" m_c="0.000000" m_d="1.399503" m_tx="-169.047623" m_ty="-195.910416"/>
  </frame>
  <frame idx="850" w="327" h="327" x="-60.673763" y="-114.249184">
   <element name="wgismo01" layername="wgismo" frame="0" z_index="2" m_a="1.379430" m_b="0.000000" m_c="0.000000" m_d="1.399503" m_tx="-169.047623" m_ty="-195.910416"/>
  </frame>
  <frame idx="875" w="327" h="327" x="-60.673763" y="-114.249184">
   <element name="wgismo01" layername="wgismo" frame="0" z_index="2" m_a="1.379430" m_b="0.000000" m_c="0.000000" m_d="1.399503" m_tx="-169.047623" m_ty="-195.910416"/>
  </frame>
  <frame idx="900" w="327" h="327" x="-60.673763" y="-114.249184">
   <element name="wgismo01" layername="wgismo" frame="0" z_index="2" m_a="1.379430" m_b="0.000000" m_c="0.000000" m_d="1.399503" m_tx="-169.047623" m_ty="-195.910416"/>
  </frame>
  <frame idx="925" w="327" h="327" x="-60.673763" y="-114.249184">
   <element name="wgismo01" layername="wgismo" frame="0" z_index="2" m_a="1.379430" m_b="0.000000" m_c="0.000000" m_d="1.399503" m_tx="-169.047623" m_ty="-195.910416"/>
  </frame>
  <frame idx="950" w="327" h="327" x="-60.673763" y="-114.249184">
   <element name="wgismo01" layername="wgismo" frame="0" z_index="2" m_a="1.379430" m_b="0.000000" m_c="0.000000" m_d="1.399503" m_tx="-169.047623" m_ty="-195.910416"/>
  </frame>
  <frame idx="975" w="327" h="327" x="-60.673763" y="-114.249184">
   <element name="wgismo01" layername="wgismo" frame="0" z_index="2" m_a="1.379430" m_b="0.000000" m_c="0.000000" m_d="1.399503" m_tx="-169.047623" m_ty="-195.910416"/>
  </frame>
 </anim>
</Anims>
