<Anims>
 <anim name="idle" root="authordesk" numframes="300" framerate="40">
  <frame idx="0" w="584" h="719" x="-44.974594" y="-226.490021">
   <element name="desk01" layername="tabl" frame="0" z_index="2" m_a="1.000000" m_b="0.000000" m_c="0.000000" m_d="1.000000" m_tx="-238.974594" m_ty="-380.490021"/>
  </frame>
  <frame idx="25" w="584" h="719" x="-44.974594" y="-226.490021">
   <element name="desk01" layername="tabl" frame="0" z_index="2" m_a="1.000000" m_b="0.000000" m_c="0.000000" m_d="1.000000" m_tx="-238.974594" m_ty="-380.490021"/>
  </frame>
  <frame idx="50" w="584" h="719" x="-44.974594" y="-226.490021">
   <element name="desk01" layername="tabl" frame="0" z_index="2" m_a="1.000000" m_b="0.000000" m_c="0.000000" m_d="1.000000" m_tx="-238.974594" m_ty="-380.490021"/>
  </frame>
  <frame idx="75" w="584" h="719" x="-44.974594" y="-226.490021">
   <element name="desk01" layername="tabl" frame="0" z_index="2" m_a="1.000000" m_b="0.000000" m_c="0.000000" m_d="1.000000" m_tx="-238.974594" m_ty="-380.490021"/>
  </frame>
  <frame idx="100" w="584" h="719" x="-44.974594" y="-226.490021">
   <element name="desk01" layername="tabl" frame="0" z_index="2" m_a="1.000000" m_b="0.000000" m_c="0.000000" m_d="1.000000" m_tx="-238.974594" m_ty="-380.490021"/>
  </frame>
  <frame idx="125" w="584" h="719" x="-44.974594" y="-226.490021">
   <element name="desk01" layername="tabl" frame="0" z_index="2" m_a="1.000000" m_b="0.000000" m_c="0.000000" m_d="1.000000" m_tx="-238.974594" m_ty="-380.490021"/>
  </frame>
  <frame idx="150" w="584" h="719" x="-44.974594" y="-226.490021">
   <element name="desk01" layername="tabl" frame="0" z_index="2" m_a="1.000000" m_b="0.000000" m_c="0.000000" m_d="1.000000" m_tx="-238.974594" m_ty="-380.490021"/>
  </frame>
  <frame idx="175" w="584" h="719" x="-44.974594" y="-226.490021">
   <element name="desk01" layername="tabl" frame="0" z_index="2" m_a="1.000000" m_b="0.000000" m_c="0.000000" m_d="1.000000" m_tx="-238.974594" m_ty="-380.490021"/>
  </frame>
  <frame idx="200" w="584" h="719" x="-44.974594" y="-226.490021">
   <element name="desk01" layername="tabl" frame="0" z_index="2" m_a="1.000000" m_b="0.000000" m_c="0.000000" m_d="1.000000" m_tx="-238.974594" m_ty="-380.490021"/>
  </frame>
  <frame idx="225" w="584" h="719" x="-44.974594" y="-226.490021">
   <element name="desk01" layername="tabl" frame="0" z_index="2" m_a="1.000000" m_b="0.000000" m_c="0.000000" m_d="1.000000" m_tx="-238.974594" m_ty="-380.490021"/>
  </frame>
  <frame idx="250" w="584" h="719" x="-44.974594" y="-226.490021">
   <element name="desk01" layername="tabl" frame="0" z_index="2" m_a="1.000000" m_b="0.000000" m_c="0.000000" m_d="1.000000" m_tx="-238.974594" m_ty="-380.490021"/>
  </frame>
  <frame idx="275" w="584" h="719" x="-44.974594" y="-226.490021">
   <element name="desk01" layername="tabl" frame="0" z_index="2" m_a="1.000000" m_b="0.000000" m_c="0.000000" m_d="1.000000" m_tx="-238.974594" m_ty="-380.490021"/>
  </frame>
 </anim>
 <anim name="hit" root="authordesk" numframes="300" framerate="40">
  <frame idx="0" w="584" h="719" x="-44.974594" y="-226.490021">
   <element name="desk01" layername="tabl" frame="0" z_index="2" m_a="1.000000" m_b="0.000000" m_c="0.000000" m_d="1.000000" m_tx="-238.974594" m_ty="-380.490021"/>
  </frame>
  <frame idx="25" w="605" h="648" x="-46.664436" y="-200.930618">
   <element name="desk01" layername="tabl" frame="0" z_index="2" m_a="1.036731" m_b="0.000000" m_c="0.000000" m_d="0.908814" m_tx="-248.090042" m_ty="-341.416840"/>
  </frame>
  <frame idx="50" w="627" h="578" x="-48.854237" y="-175.871231">
   <element name="desk01" layername="tabl" frame="0" z_index="2" m_a="1.073462" m_b="0.000000" m_c="0.000000" m_d="0.817628" m_tx="-257.205475" m_ty="-302.343689"/>
  </frame>
  <frame idx="75" w="648" h="508" x="-50.544079" y="-150.311829">
   <element name="desk01" layername="tabl" frame="0" z_index="2" m_a="1.110193" m_b="0.000000" m_c="0.000000" m_d="0.726442" m_tx="-266.320923" m_ty="-263.270508"/>
  </frame>
  <frame idx="100" w="634" h="556" x="-49.413158" y="-167.799988">
   <element name="desk01" layername="tabl" frame="0" z_index="2" m_a="1.084863" m_b="0.000000" m_c="0.000000" m_d="0.789324" m_tx="-260.034912" m_ty="-290.215363"/>
  </frame>
  <frame idx="125" w="617" h="610" x="-47.768913" y="-187.165131">
   <element name="desk01" layername="tabl" frame="0" z_index="2" m_a="1.056948" m_b="0.000000" m_c="0.000000" m_d="0.858625" m_tx="-253.107178" m_ty="-319.910980"/>
  </frame>
  <frame idx="150" w="602" h="664" x="-46.624641" y="-206.530273">
   <element name="desk01" layername="tabl" frame="0" z_index="2" m_a="1.029032" m_b="0.000000" m_c="0.000000" m_d="0.927927" m_tx="-246.179443" m_ty="-349.606598"/>
  </frame>
  <frame idx="175" w="585" h="717" x="-44.980366" y="-225.895401">
   <element name="desk01" layername="tabl" frame="0" z_index="2" m_a="1.001117" m_b="0.000000" m_c="0.000000" m_d="0.997228" m_tx="-239.251709" m_ty="-379.302185"/>
  </frame>
  <frame idx="200" w="584" h="719" x="-44.974594" y="-226.490021">
   <element name="desk01" layername="tabl" frame="0" z_index="2" m_a="1.000000" m_b="0.000000" m_c="0.000000" m_d="1.000000" m_tx="-238.974594" m_ty="-380.490021"/>
  </frame>
  <frame idx="225" w="584" h="719" x="-44.974594" y="-226.490021">
   <element name="desk01" layername="tabl" frame="0" z_index="2" m_a="1.000000" m_b="0.000000" m_c="0.000000" m_d="1.000000" m_tx="-238.974594" m_ty="-380.490021"/>
  </frame>
  <frame idx="250" w="584" h="719" x="-44.974594" y="-226.490021">
   <element name="desk01" layername="tabl" frame="0" z_index="2" m_a="1.000000" m_b="0.000000" m_c="0.000000" m_d="1.000000" m_tx="-238.974594" m_ty="-380.490021"/>
  </frame>
  <frame idx="275" w="584" h="719" x="-44.974594" y="-226.490021">
   <element name="desk01" layername="tabl" frame="0" z_index="2" m_a="1.000000" m_b="0.000000" m_c="0.000000" m_d="1.000000" m_tx="-238.974594" m_ty="-380.490021"/>
  </frame>
 </anim>
</Anims>
