<Anims>
 <anim name="idle" root="bookcase" numframes="300" framerate="40">
  <frame idx="0" w="460" h="836" x="-38.409870" y="-286.010620">
   <element name="bookcase01" layername="bookcase" frame="0" z_index="2" m_a="1.175702" m_b="0.000000" m_c="0.000000" m_d="1.201637" m_tx="-190.961441" m_ty="-455.737213"/>
  </frame>
  <frame idx="25" w="460" h="836" x="-38.409870" y="-286.010620">
   <element name="bookcase01" layername="bookcase" frame="0" z_index="2" m_a="1.175702" m_b="0.000000" m_c="0.000000" m_d="1.201637" m_tx="-190.961441" m_ty="-455.737213"/>
  </frame>
  <frame idx="50" w="460" h="836" x="-38.409870" y="-286.010620">
   <element name="bookcase01" layername="bookcase" frame="0" z_index="2" m_a="1.175702" m_b="0.000000" m_c="0.000000" m_d="1.201637" m_tx="-190.961441" m_ty="-455.737213"/>
  </frame>
  <frame idx="75" w="460" h="836" x="-38.409870" y="-286.010620">
   <element name="bookcase01" layername="bookcase" frame="0" z_index="2" m_a="1.175702" m_b="0.000000" m_c="0.000000" m_d="1.201637" m_tx="-190.961441" m_ty="-455.737213"/>
  </frame>
  <frame idx="100" w="460" h="836" x="-38.409870" y="-286.010620">
   <element name="bookcase01" layername="bookcase" frame="0" z_index="2" m_a="1.175702" m_b="0.000000" m_c="0.000000" m_d="1.201637" m_tx="-190.961441" m_ty="-455.737213"/>
  </frame>
  <frame idx="125" w="460" h="836" x="-38.409870" y="-286.010620">
   <element name="bookcase01" layername="bookcase" frame="0" z_index="2" m_a="1.175702" m_b="0.000000" m_c="0.000000" m_d="1.201637" m_tx="-190.961441" m_ty="-455.737213"/>
  </frame>
  <frame idx="150" w="460" h="836" x="-38.409870" y="-286.010620">
   <element name="bookcase01" layername="bookcase" frame="0" z_index="2" m_a="1.175702" m_b="0.000000" m_c="0.000000" m_d="1.201637" m_tx="-190.961441" m_ty="-455.737213"/>
  </frame>
  <frame idx="175" w="460" h="836" x="-38.409870" y="-286.010620">
   <element name="bookcase01" layername="bookcase" frame="0" z_index="2" m_a="1.175702" m_b="0.000000" m_c="0.000000" m_d="1.201637" m_tx="-190.961441" m_ty="-455.737213"/>
  </frame>
  <frame idx="200" w="460" h="836" x="-38.409870" y="-286.010620">
   <element name="bookcase01" layername="bookcase" frame="0" z_index="2" m_a="1.175702" m_b="0.000000" m_c="0.000000" m_d="1.201637" m_tx="-190.961441" m_ty="-455.737213"/>
  </frame>
  <frame idx="225" w="460" h="836" x="-38.409870" y="-286.010620">
   <element name="bookcase01" layername="bookcase" frame="0" z_index="2" m_a="1.175702" m_b="0.000000" m_c="0.000000" m_d="1.201637" m_tx="-190.961441" m_ty="-455.737213"/>
  </frame>
  <frame idx="250" w="460" h="836" x="-38.409870" y="-286.010620">
   <element name="bookcase01" layername="bookcase" frame="0" z_index="2" m_a="1.175702" m_b="0.000000" m_c="0.000000" m_d="1.201637" m_tx="-190.961441" m_ty="-455.737213"/>
  </frame>
  <frame idx="275" w="460" h="836" x="-38.409870" y="-286.010620">
   <element name="bookcase01" layername="bookcase" frame="0" z_index="2" m_a="1.175702" m_b="0.000000" m_c="0.000000" m_d="1.201637" m_tx="-190.961441" m_ty="-455.737213"/>
  </frame>
 </anim>
 <anim name="hit" root="bookcase" numframes="300" framerate="40">
  <frame idx="0" w="460" h="836" x="-38.409870" y="-286.010620">
   <element name="bookcase01" layername="bookcase" frame="0" z_index="2" m_a="1.175702" m_b="0.000000" m_c="0.000000" m_d="1.201637" m_tx="-190.961441" m_ty="-455.737213"/>
  </frame>
  <frame idx="25" w="489" h="767" x="-40.439072" y="-260.895905">
   <element name="bookcase01" layername="bookcase" frame="0" z_index="2" m_a="1.249568" m_b="0.000000" m_c="0.000000" m_d="1.106064" m_tx="-202.493927" m_ty="-417.555634"/>
  </frame>
  <frame idx="50" w="518" h="699" x="-42.468254" y="-236.281158">
   <element name="bookcase01" layername="bookcase" frame="0" z_index="2" m_a="1.323435" m_b="0.000000" m_c="0.000000" m_d="1.010491" m_tx="-214.026413" m_ty="-379.374023"/>
  </frame>
  <frame idx="75" w="536" h="657" x="-43.673985" y="-220.834473">
   <element name="bookcase01" layername="bookcase" frame="0" z_index="2" m_a="1.369601" m_b="0.000000" m_c="0.000000" m_d="0.950757" m_tx="-221.234207" m_ty="-355.510559"/>
  </frame>
  <frame idx="100" w="511" h="717" x="-42.085941" y="-242.559845">
   <element name="bookcase01" layername="bookcase" frame="0" z_index="2" m_a="1.304968" m_b="0.000000" m_c="0.000000" m_d="1.034384" m_tx="-211.143280" m_ty="-388.919434"/>
  </frame>
  <frame idx="125" w="485" h="776" x="-39.997913" y="-264.285217">
   <element name="bookcase01" layername="bookcase" frame="0" z_index="2" m_a="1.240335" m_b="0.000000" m_c="0.000000" m_d="1.118011" m_tx="-201.052368" m_ty="-422.328308"/>
  </frame>
  <frame idx="150" w="460" h="836" x="-38.409870" y="-286.010620">
   <element name="bookcase01" layername="bookcase" frame="0" z_index="2" m_a="1.175702" m_b="0.000000" m_c="0.000000" m_d="1.201637" m_tx="-190.961441" m_ty="-455.737213"/>
  </frame>
  <frame idx="175" w="460" h="836" x="-38.409870" y="-286.010620">
   <element name="bookcase01" layername="bookcase" frame="0" z_index="2" m_a="1.175702" m_b="0.000000" m_c="0.000000" m_d="1.201637" m_tx="-190.961441" m_ty="-455.737213"/>
  </frame>
  <frame idx="200" w="460" h="836" x="-38.409870" y="-286.010620">
   <element name="bookcase01" layername="bookcase" frame="0" z_index="2" m_a="1.175702" m_b="0.000000" m_c="0.000000" m_d="1.201637" m_tx="-190.961441" m_ty="-455.737213"/>
  </frame>
  <frame idx="225" w="460" h="836" x="-38.409870" y="-286.010620">
   <element name="bookcase01" layername="bookcase" frame="0" z_index="2" m_a="1.175702" m_b="0.000000" m_c="0.000000" m_d="1.201637" m_tx="-190.961441" m_ty="-455.737213"/>
  </frame>
  <frame idx="250" w="460" h="836" x="-38.409870" y="-286.010620">
   <element name="bookcase01" layername="bookcase" frame="0" z_index="2" m_a="1.175702" m_b="0.000000" m_c="0.000000" m_d="1.201637" m_tx="-190.961441" m_ty="-455.737213"/>
  </frame>
  <frame idx="275" w="460" h="836" x="-38.409870" y="-286.010620">
   <element name="bookcase01" layername="bookcase" frame="0" z_index="2" m_a="1.175702" m_b="0.000000" m_c="0.000000" m_d="1.201637" m_tx="-190.961441" m_ty="-455.737213"/>
  </frame>
 </anim>
</Anims>
