<Anims>
 <anim name="idle" root="metaldoohicky" numframes="1000" framerate="40">
  <frame idx="0" w="311" h="347" x="-19.850708" y="-107.831482">
   <element name="mdoohicky01" layername="mdoohick" frame="0" z_index="2" m_a="1.311900" m_b="0.000000" m_c="0.000000" m_d="1.306044" m_tx="-123.072861" m_ty="-180.702911"/>
  </frame>
  <frame idx="25" w="311" h="347" x="-19.850708" y="-107.831482">
   <element name="mdoohicky01" layername="mdoohick" frame="0" z_index="2" m_a="1.311900" m_b="0.000000" m_c="0.000000" m_d="1.306044" m_tx="-123.072861" m_ty="-180.702911"/>
  </frame>
  <frame idx="50" w="311" h="347" x="-19.850708" y="-107.831482">
   <element name="mdoohicky01" layername="mdoohick" frame="0" z_index="2" m_a="1.311900" m_b="0.000000" m_c="0.000000" m_d="1.306044" m_tx="-123.072861" m_ty="-180.702911"/>
  </frame>
  <frame idx="75" w="311" h="347" x="-19.850708" y="-107.831482">
   <element name="mdoohicky01" layername="mdoohick" frame="0" z_index="2" m_a="1.311900" m_b="0.000000" m_c="0.000000" m_d="1.306044" m_tx="-123.072861" m_ty="-180.702911"/>
  </frame>
  <frame idx="100" w="311" h="347" x="-19.850708" y="-107.831482">
   <element name="mdoohicky01" layername="mdoohick" frame="0" z_index="2" m_a="1.311900" m_b="0.000000" m_c="0.000000" m_d="1.306044" m_tx="-123.072861" m_ty="-180.702911"/>
  </frame>
  <frame idx="125" w="311" h="347" x="-19.850708" y="-107.831482">
   <element name="mdoohicky01" layername="mdoohick" frame="0" z_index="2" m_a="1.311900" m_b="0.000000" m_c="0.000000" m_d="1.306044" m_tx="-123.072861" m_ty="-180.702911"/>
  </frame>
  <frame idx="150" w="311" h="347" x="-19.850708" y="-107.831482">
   <element name="mdoohicky01" layername="mdoohick" frame="0" z_index="2" m_a="1.311900" m_b="0.000000" m_c="0.000000" m_d="1.306044" m_tx="-123.072861" m_ty="-180.702911"/>
  </frame>
  <frame idx="175" w="311" h="347" x="-19.850708" y="-107.831482">
   <element name="mdoohicky01" layername="mdoohick" frame="0" z_index="2" m_a="1.311900" m_b="0.000000" m_c="0.000000" m_d="1.306044" m_tx="-123.072861" m_ty="-180.702911"/>
  </frame>
  <frame idx="200" w="311" h="347" x="-19.850708" y="-107.831482">
   <element name="mdoohicky01" layername="mdoohick" frame="0" z_index="2" m_a="1.311900" m_b="0.000000" m_c="0.000000" m_d="1.306044" m_tx="-123.072861" m_ty="-180.702911"/>
  </frame>
  <frame idx="225" w="311" h="347" x="-19.850708" y="-107.831482">
   <element name="mdoohicky01" layername="mdoohick" frame="0" z_index="2" m_a="1.311900" m_b="0.000000" m_c="0.000000" m_d="1.306044" m_tx="-123.072861" m_ty="-180.702911"/>
  </frame>
  <frame idx="250" w="311" h="347" x="-19.850708" y="-107.831482">
   <element name="mdoohicky01" layername="mdoohick" frame="0" z_index="2" m_a="1.311900" m_b="0.000000" m_c="0.000000" m_d="1.306044" m_tx="-123.072861" m_ty="-180.702911"/>
  </frame>
  <frame idx="275" w="311" h="347" x="-19.850708" y="-107.831482">
   <element name="mdoohicky01" layername="mdoohick" frame="0" z_index="2" m_a="1.311900" m_b="0.000000" m_c="0.000000" m_d="1.306044" m_tx="-123.072861" m_ty="-180.702911"/>
  </frame>
  <frame idx="300" w="311" h="347" x="-19.850708" y="-107.831482">
   <element name="mdoohicky01" layername="mdoohick" frame="0" z_index="2" m_a="1.311900" m_b="0.000000" m_c="0.000000" m_d="1.306044" m_tx="-123.072861" m_ty="-180.702911"/>
  </frame>
  <frame idx="325" w="311" h="347" x="-19.850708" y="-107.831482">
   <element name="mdoohicky01" layername="mdoohick" frame="0" z_index="2" m_a="1.311900" m_b="0.000000" m_c="0.000000" m_d="1.306044" m_tx="-123.072861" m_ty="-180.702911"/>
  </frame>
  <frame idx="350" w="311" h="347" x="-19.850708" y="-107.831482">
   <element name="mdoohicky01" layername="mdoohick" frame="0" z_index="2" m_a="1.311900" m_b="0.000000" m_c="0.000000" m_d="1.306044" m_tx="-123.072861" m_ty="-180.702911"/>
  </frame>
  <frame idx="375" w="311" h="347" x="-19.850708" y="-107.831482">
   <element name="mdoohicky01" layername="mdoohick" frame="0" z_index="2" m_a="1.311900" m_b="0.000000" m_c="0.000000" m_d="1.306044" m_tx="-123.072861" m_ty="-180.702911"/>
  </frame>
  <frame idx="400" w="311" h="347" x="-19.850708" y="-107.831482">
   <element name="mdoohicky01" layername="mdoohick" frame="0" z_index="2" m_a="1.311900" m_b="0.000000" m_c="0.000000" m_d="1.306044" m_tx="-123.072861" m_ty="-180.702911"/>
  </frame>
  <frame idx="425" w="311" h="347" x="-19.850708" y="-107.831482">
   <element name="mdoohicky01" layername="mdoohick" frame="0" z_index="2" m_a="1.311900" m_b="0.000000" m_c="0.000000" m_d="1.306044" m_tx="-123.072861" m_ty="-180.702911"/>
  </frame>
  <frame idx="450" w="311" h="347" x="-19.850708" y="-107.831482">
   <element name="mdoohicky01" layername="mdoohick" frame="0" z_index="2" m_a="1.311900" m_b="0.000000" m_c="0.000000" m_d="1.306044" m_tx="-123.072861" m_ty="-180.702911"/>
  </frame>
  <frame idx="475" w="311" h="347" x="-19.850708" y="-107.831482">
   <element name="mdoohicky01" layername="mdoohick" frame="0" z_index="2" m_a="1.311900" m_b="0.000000" m_c="0.000000" m_d="1.306044" m_tx="-123.072861" m_ty="-180.702911"/>
  </frame>
  <frame idx="500" w="311" h="347" x="-19.850708" y="-107.831482">
   <element name="mdoohicky01" layername="mdoohick" frame="0" z_index="2" m_a="1.311900" m_b="0.000000" m_c="0.000000" m_d="1.306044" m_tx="-123.072861" m_ty="-180.702911"/>
  </frame>
  <frame idx="525" w="311" h="347" x="-19.850708" y="-107.831482">
   <element name="mdoohicky01" layername="mdoohick" frame="0" z_index="2" m_a="1.311900" m_b="0.000000" m_c="0.000000" m_d="1.306044" m_tx="-123.072861" m_ty="-180.702911"/>
  </frame>
  <frame idx="550" w="311" h="347" x="-19.850708" y="-107.831482">
   <element name="mdoohicky01" layername="mdoohick" frame="0" z_index="2" m_a="1.311900" m_b="0.000000" m_c="0.000000" m_d="1.306044" m_tx="-123.072861" m_ty="-180.702911"/>
  </frame>
  <frame idx="575" w="311" h="347" x="-19.850708" y="-107.831482">
   <element name="mdoohicky01" layername="mdoohick" frame="0" z_index="2" m_a="1.311900" m_b="0.000000" m_c="0.000000" m_d="1.306044" m_tx="-123.072861" m_ty="-180.702911"/>
  </frame>
  <frame idx="600" w="311" h="347" x="-19.850708" y="-107.831482">
   <element name="mdoohicky01" layername="mdoohick" frame="0" z_index="2" m_a="1.311900" m_b="0.000000" m_c="0.000000" m_d="1.306044" m_tx="-123.072861" m_ty="-180.702911"/>
  </frame>
  <frame idx="625" w="311" h="347" x="-19.850708" y="-107.831482">
   <element name="mdoohicky01" layername="mdoohick" frame="0" z_index="2" m_a="1.311900" m_b="0.000000" m_c="0.000000" m_d="1.306044" m_tx="-123.072861" m_ty="-180.702911"/>
  </frame>
  <frame idx="650" w="311" h="347" x="-19.850708" y="-107.831482">
   <element name="mdoohicky01" layername="mdoohick" frame="0" z_index="2" m_a="1.311900" m_b="0.000000" m_c="0.000000" m_d="1.306044" m_tx="-123.072861" m_ty="-180.702911"/>
  </frame>
  <frame idx="675" w="311" h="347" x="-19.850708" y="-107.831482">
   <element name="mdoohicky01" layername="mdoohick" frame="0" z_index="2" m_a="1.311900" m_b="0.000000" m_c="0.000000" m_d="1.306044" m_tx="-123.072861" m_ty="-180.702911"/>
  </frame>
  <frame idx="700" w="311" h="347" x="-19.850708" y="-107.831482">
   <element name="mdoohicky01" layername="mdoohick" frame="0" z_index="2" m_a="1.311900" m_b="0.000000" m_c="0.000000" m_d="1.306044" m_tx="-123.072861" m_ty="-180.702911"/>
  </frame>
  <frame idx="725" w="311" h="347" x="-19.850708" y="-107.831482">
   <element name="mdoohicky01" layername="mdoohick" frame="0" z_index="2" m_a="1.311900" m_b="0.000000" m_c="0.000000" m_d="1.306044" m_tx="-123.072861" m_ty="-180.702911"/>
  </frame>
  <frame idx="750" w="311" h="347" x="-19.850708" y="-107.831482">
   <element name="mdoohicky01" layername="mdoohick" frame="0" z_index="2" m_a="1.311900" m_b="0.000000" m_c="0.000000" m_d="1.306044" m_tx="-123.072861" m_ty="-180.702911"/>
  </frame>
  <frame idx="775" w="311" h="347" x="-19.850708" y="-107.831482">
   <element name="mdoohicky01" layername="mdoohick" frame="0" z_index="2" m_a="1.311900" m_b="0.000000" m_c="0.000000" m_d="1.306044" m_tx="-123.072861" m_ty="-180.702911"/>
  </frame>
  <frame idx="800" w="311" h="347" x="-19.850708" y="-107.831482">
   <element name="mdoohicky01" layername="mdoohick" frame="0" z_index="2" m_a="1.311900" m_b="0.000000" m_c="0.000000" m_d="1.306044" m_tx="-123.072861" m_ty="-180.702911"/>
  </frame>
  <frame idx="825" w="311" h="347" x="-19.850708" y="-107.831482">
   <element name="mdoohicky01" layername="mdoohick" frame="0" z_index="2" m_a="1.311900" m_b="0.000000" m_c="0.000000" m_d="1.306044" m_tx="-123.072861" m_ty="-180.702911"/>
  </frame>
  <frame idx="850" w="311" h="347" x="-19.850708" y="-107.831482">
   <element name="mdoohicky01" layername="mdoohick" frame="0" z_index="2" m_a="1.311900" m_b="0.000000" m_c="0.000000" m_d="1.306044" m_tx="-123.072861" m_ty="-180.702911"/>
  </frame>
  <frame idx="875" w="311" h="347" x="-19.850708" y="-107.831482">
   <element name="mdoohicky01" layername="mdoohick" frame="0" z_index="2" m_a="1.311900" m_b="0.000000" m_c="0.000000" m_d="1.306044" m_tx="-123.072861" m_ty="-180.702911"/>
  </frame>
  <frame idx="900" w="311" h="347" x="-19.850708" y="-107.831482">
   <element name="mdoohicky01" layername="mdoohick" frame="0" z_index="2" m_a="1.311900" m_b="0.000000" m_c="0.000000" m_d="1.306044" m_tx="-123.072861" m_ty="-180.702911"/>
  </frame>
  <frame idx="925" w="311" h="347" x="-19.850708" y="-107.831482">
   <element name="mdoohicky01" layername="mdoohick" frame="0" z_index="2" m_a="1.311900" m_b="0.000000" m_c="0.000000" m_d="1.306044" m_tx="-123.072861" m_ty="-180.702911"/>
  </frame>
  <frame idx="950" w="311" h="347" x="-19.850708" y="-107.831482">
   <element name="mdoohicky01" layername="mdoohick" frame="0" z_index="2" m_a="1.311900" m_b="0.000000" m_c="0.000000" m_d="1.306044" m_tx="-123.072861" m_ty="-180.702911"/>
  </frame>
  <frame idx="975" w="311" h="347" x="-19.850708" y="-107.831482">
   <element name="mdoohicky01" layername="mdoohick" frame="0" z_index="2" m_a="1.311900" m_b="0.000000" m_c="0.000000" m_d="1.306044" m_tx="-123.072861" m_ty="-180.702911"/>
  </frame>
 </anim>
 <anim name="hit" root="metaldoohicky" numframes="1000" framerate="40">
  <frame idx="0" w="311" h="347" x="-19.850708" y="-107.831482">
   <element name="mdoohicky01" layername="mdoohick" frame="0" z_index="2" m_a="1.311900" m_b="0.000000" m_c="0.000000" m_d="1.306044" m_tx="-123.072861" m_ty="-180.702911"/>
  </frame>
  <frame idx="25" w="324" h="308" x="-19.473923" y="-93.222481">
   <element name="mdoohicky01" layername="mdoohick" frame="0" z_index="2" m_a="1.366849" m_b="0.000000" m_c="0.000000" m_d="1.158158" m_tx="-127.108543" m_ty="-157.558838"/>
  </frame>
  <frame idx="50" w="338" h="268" x="-19.597120" y="-78.113495">
   <element name="mdoohicky01" layername="mdoohick" frame="0" z_index="2" m_a="1.421798" m_b="0.000000" m_c="0.000000" m_d="1.010273" m_tx="-131.144211" m_ty="-134.414764"/>
  </frame>
  <frame idx="75" w="348" h="233" x="-18.917881" y="-65.170135">
   <element name="mdoohicky01" layername="mdoohick" frame="0" z_index="2" m_a="1.468863" m_b="0.000000" m_c="0.000000" m_d="0.883605" m_tx="-134.600876" m_ty="-114.591362"/>
  </frame>
  <frame idx="100" w="338" h="266" x="-19.510334" y="-77.381622">
   <element name="mdoohicky01" layername="mdoohick" frame="0" z_index="2" m_a="1.425262" m_b="0.000000" m_c="0.000000" m_d="1.000950" m_tx="-131.398651" m_ty="-132.955688"/>
  </frame>
  <frame idx="125" w="328" h="297" x="-19.602789" y="-89.093094">
   <element name="mdoohicky01" layername="mdoohick" frame="0" z_index="2" m_a="1.381661" m_b="0.000000" m_c="0.000000" m_d="1.118294" m_tx="-128.196426" m_ty="-151.319992"/>
  </frame>
  <frame idx="150" w="317" h="328" x="-19.695234" y="-100.804581">
   <element name="mdoohicky01" layername="mdoohick" frame="0" z_index="2" m_a="1.338060" m_b="0.000000" m_c="0.000000" m_d="1.235638" m_tx="-124.994194" m_ty="-169.684311"/>
  </frame>
  <frame idx="175" w="311" h="347" x="-19.850708" y="-107.831482">
   <element name="mdoohicky01" layername="mdoohick" frame="0" z_index="2" m_a="1.311900" m_b="0.000000" m_c="0.000000" m_d="1.306044" m_tx="-123.072861" m_ty="-180.702911"/>
  </frame>
  <frame idx="200" w="311" h="347" x="-19.850708" y="-107.831482">
   <element name="mdoohicky01" layername="mdoohick" frame="0" z_index="2" m_a="1.311900" m_b="0.000000" m_c="0.000000" m_d="1.306044" m_tx="-123.072861" m_ty="-180.702911"/>
  </frame>
  <frame idx="225" w="311" h="347" x="-19.850708" y="-107.831482">
   <element name="mdoohicky01" layername="mdoohick" frame="0" z_index="2" m_a="1.311900" m_b="0.000000" m_c="0.000000" m_d="1.306044" m_tx="-123.072861" m_ty="-180.702911"/>
  </frame>
  <frame idx="250" w="311" h="347" x="-19.850708" y="-107.831482">
   <element name="mdoohicky01" layername="mdoohick" frame="0" z_index="2" m_a="1.311900" m_b="0.000000" m_c="0.000000" m_d="1.306044" m_tx="-123.072861" m_ty="-180.702911"/>
  </frame>
  <frame idx="275" w="311" h="347" x="-19.850708" y="-107.831482">
   <element name="mdoohicky01" layername="mdoohick" frame="0" z_index="2" m_a="1.311900" m_b="0.000000" m_c="0.000000" m_d="1.306044" m_tx="-123.072861" m_ty="-180.702911"/>
  </frame>
  <frame idx="300" w="311" h="347" x="-19.850708" y="-107.831482">
   <element name="mdoohicky01" layername="mdoohick" frame="0" z_index="2" m_a="1.311900" m_b="0.000000" m_c="0.000000" m_d="1.306044" m_tx="-123.072861" m_ty="-180.702911"/>
  </frame>
  <frame idx="325" w="311" h="347" x="-19.850708" y="-107.831482">
   <element name="mdoohicky01" layername="mdoohick" frame="0" z_index="2" m_a="1.311900" m_b="0.000000" m_c="0.000000" m_d="1.306044" m_tx="-123.072861" m_ty="-180.702911"/>
  </frame>
  <frame idx="350" w="311" h="347" x="-19.850708" y="-107.831482">
   <element name="mdoohicky01" layername="mdoohick" frame="0" z_index="2" m_a="1.311900" m_b="0.000000" m_c="0.000000" m_d="1.306044" m_tx="-123.072861" m_ty="-180.702911"/>
  </frame>
  <frame idx="375" w="311" h="347" x="-19.850708" y="-107.831482">
   <element name="mdoohicky01" layername="mdoohick" frame="0" z_index="2" m_a="1.311900" m_b="0.000000" m_c="0.000000" m_d="1.306044" m_tx="-123.072861" m_ty="-180.702911"/>
  </frame>
  <frame idx="400" w="311" h="347" x="-19.850708" y="-107.831482">
   <element name="mdoohicky01" layername="mdoohick" frame="0" z_index="2" m_a="1.311900" m_b="0.000000" m_c="0.000000" m_d="1.306044" m_tx="-123.072861" m_ty="-180.702911"/>
  </frame>
  <frame idx="425" w="311" h="347" x="-19.850708" y="-107.831482">
   <element name="mdoohicky01" layername="mdoohick" frame="0" z_index="2" m_a="1.311900" m_b="0.000000" m_c="0.000000" m_d="1.306044" m_tx="-123.072861" m_ty="-180.702911"/>
  </frame>
  <frame idx="450" w="311" h="347" x="-19.850708" y="-107.831482">
   <element name="mdoohicky01" layername="mdoohick" frame="0" z_index="2" m_a="1.311900" m_b="0.000000" m_c="0.000000" m_d="1.306044" m_tx="-123.072861" m_ty="-180.702911"/>
  </frame>
  <frame idx="475" w="311" h="347" x="-19.850708" y="-107.831482">
   <element name="mdoohicky01" layername="mdoohick" frame="0" z_index="2" m_a="1.311900" m_b="0.000000" m_c="0.000000" m_d="1.306044" m_tx="-123.072861" m_ty="-180.702911"/>
  </frame>
  <frame idx="500" w="311" h="347" x="-19.850708" y="-107.831482">
   <element name="mdoohicky01" layername="mdoohick" frame="0" z_index="2" m_a="1.311900" m_b="0.000000" m_c="0.000000" m_d="1.306044" m_tx="-123.072861" m_ty="-180.702911"/>
  </frame>
  <frame idx="525" w="311" h="347" x="-19.850708" y="-107.831482">
   <element name="mdoohicky01" layername="mdoohick" frame="0" z_index="2" m_a="1.311900" m_b="0.000000" m_c="0.000000" m_d="1.306044" m_tx="-123.072861" m_ty="-180.702911"/>
  </frame>
  <frame idx="550" w="311" h="347" x="-19.850708" y="-107.831482">
   <element name="mdoohicky01" layername="mdoohick" frame="0" z_index="2" m_a="1.311900" m_b="0.000000" m_c="0.000000" m_d="1.306044" m_tx="-123.072861" m_ty="-180.702911"/>
  </frame>
  <frame idx="575" w="311" h="347" x="-19.850708" y="-107.831482">
   <element name="mdoohicky01" layername="mdoohick" frame="0" z_index="2" m_a="1.311900" m_b="0.000000" m_c="0.000000" m_d="1.306044" m_tx="-123.072861" m_ty="-180.702911"/>
  </frame>
  <frame idx="600" w="311" h="347" x="-19.850708" y="-107.831482">
   <element name="mdoohicky01" layername="mdoohick" frame="0" z_index="2" m_a="1.311900" m_b="0.000000" m_c="0.000000" m_d="1.306044" m_tx="-123.072861" m_ty="-180.702911"/>
  </frame>
  <frame idx="625" w="311" h="347" x="-19.850708" y="-107.831482">
   <element name="mdoohicky01" layername="mdoohick" frame="0" z_index="2" m_a="1.311900" m_b="0.000000" m_c="0.000000" m_d="1.306044" m_tx="-123.072861" m_ty="-180.702911"/>
  </frame>
  <frame idx="650" w="311" h="347" x="-19.850708" y="-107.831482">
   <element name="mdoohicky01" layername="mdoohick" frame="0" z_index="2" m_a="1.311900" m_b="0.000000" m_c="0.000000" m_d="1.306044" m_tx="-123.072861" m_ty="-180.702911"/>
  </frame>
  <frame idx="675" w="311" h="347" x="-19.850708" y="-107.831482">
   <element name="mdoohicky01" layername="mdoohick" frame="0" z_index="2" m_a="1.311900" m_b="0.000000" m_c="0.000000" m_d="1.306044" m_tx="-123.072861" m_ty="-180.702911"/>
  </frame>
  <frame idx="700" w="311" h="347" x="-19.850708" y="-107.831482">
   <element name="mdoohicky01" layername="mdoohick" frame="0" z_index="2" m_a="1.311900" m_b="0.000000" m_c="0.000000" m_d="1.306044" m_tx="-123.072861" m_ty="-180.702911"/>
  </frame>
  <frame idx="725" w="311" h="347" x="-19.850708" y="-107.831482">
   <element name="mdoohicky01" layername="mdoohick" frame="0" z_index="2" m_a="1.311900" m_b="0.000000" m_c="0.000000" m_d="1.306044" m_tx="-123.072861" m_ty="-180.702911"/>
  </frame>
  <frame idx="750" w="311" h="347" x="-19.850708" y="-107.831482">
   <element name="mdoohicky01" layername="mdoohick" frame="0" z_index="2" m_a="1.311900" m_b="0.000000" m_c="0.000000" m_d="1.306044" m_tx="-123.072861" m_ty="-180.702911"/>
  </frame>
  <frame idx="775" w="311" h="347" x="-19.850708" y="-107.831482">
   <element name="mdoohicky01" layername="mdoohick" frame="0" z_index="2" m_a="1.311900" m_b="0.000000" m_c="0.000000" m_d="1.306044" m_tx="-123.072861" m_ty="-180.702911"/>
  </frame>
  <frame idx="800" w="311" h="347" x="-19.850708" y="-107.831482">
   <element name="mdoohicky01" layername="mdoohick" frame="0" z_index="2" m_a="1.311900" m_b="0.000000" m_c="0.000000" m_d="1.306044" m_tx="-123.072861" m_ty="-180.702911"/>
  </frame>
  <frame idx="825" w="311" h="347" x="-19.850708" y="-107.831482">
   <element name="mdoohicky01" layername="mdoohick" frame="0" z_index="2" m_a="1.311900" m_b="0.000000" m_c="0.000000" m_d="1.306044" m_tx="-123.072861" m_ty="-180.702911"/>
  </frame>
  <frame idx="850" w="311" h="347" x="-19.850708" y="-107.831482">
   <element name="mdoohicky01" layername="mdoohick" frame="0" z_index="2" m_a="1.311900" m_b="0.000000" m_c="0.000000" m_d="1.306044" m_tx="-123.072861" m_ty="-180.702911"/>
  </frame>
  <frame idx="875" w="311" h="347" x="-19.850708" y="-107.831482">
   <element name="mdoohicky01" layername="mdoohick" frame="0" z_index="2" m_a="1.311900" m_b="0.000000" m_c="0.000000" m_d="1.306044" m_tx="-123.072861" m_ty="-180.702911"/>
  </frame>
  <frame idx="900" w="311" h="347" x="-19.850708" y="-107.831482">
   <element name="mdoohicky01" layername="mdoohick" frame="0" z_index="2" m_a="1.311900" m_b="0.000000" m_c="0.000000" m_d="1.306044" m_tx="-123.072861" m_ty="-180.702911"/>
  </frame>
  <frame idx="925" w="311" h="347" x="-19.850708" y="-107.831482">
   <element name="mdoohicky01" layername="mdoohick" frame="0" z_index="2" m_a="1.311900" m_b="0.000000" m_c="0.000000" m_d="1.306044" m_tx="-123.072861" m_ty="-180.702911"/>
  </frame>
  <frame idx="950" w="311" h="347" x="-19.850708" y="-107.831482">
   <element name="mdoohicky01" layername="mdoohick" frame="0" z_index="2" m_a="1.311900" m_b="0.000000" m_c="0.000000" m_d="1.306044" m_tx="-123.072861" m_ty="-180.702911"/>
  </frame>
  <frame idx="975" w="311" h="347" x="-19.850708" y="-107.831482">
   <element name="mdoohicky01" layername="mdoohick" frame="0" z_index="2" m_a="1.311900" m_b="0.000000" m_c="0.000000" m_d="1.306044" m_tx="-123.072861" m_ty="-180.702911"/>
  </frame>
 </anim>
</Anims>
