<Anims>
 <anim name="idle" root="cabinchair2" numframes="300" framerate="40">
  <frame idx="0" w="303" h="483" x="-8.590912" y="-137.409088">
   <element name="chair02" layername="cabinchair" frame="0" z_index="2" m_a="1.000000" m_b="0.000000" m_c="0.000000" m_d="1.000000" m_tx="-109.090912" m_ty="-240.909088"/>
  </frame>
  <frame idx="25" w="303" h="483" x="-8.590912" y="-137.409088">
   <element name="chair02" layername="cabinchair" frame="0" z_index="2" m_a="1.000000" m_b="0.000000" m_c="0.000000" m_d="1.000000" m_tx="-109.090912" m_ty="-240.909088"/>
  </frame>
  <frame idx="50" w="303" h="483" x="-8.590912" y="-137.409088">
   <element name="chair02" layername="cabinchair" frame="0" z_index="2" m_a="1.000000" m_b="0.000000" m_c="0.000000" m_d="1.000000" m_tx="-109.090912" m_ty="-240.909088"/>
  </frame>
  <frame idx="75" w="303" h="483" x="-8.590912" y="-137.409088">
   <element name="chair02" layername="cabinchair" frame="0" z_index="2" m_a="1.000000" m_b="0.000000" m_c="0.000000" m_d="1.000000" m_tx="-109.090912" m_ty="-240.909088"/>
  </frame>
  <frame idx="100" w="303" h="483" x="-8.590912" y="-137.409088">
   <element name="chair02" layername="cabinchair" frame="0" z_index="2" m_a="1.000000" m_b="0.000000" m_c="0.000000" m_d="1.000000" m_tx="-109.090912" m_ty="-240.909088"/>
  </frame>
  <frame idx="125" w="303" h="483" x="-8.590912" y="-137.409088">
   <element name="chair02" layername="cabinchair" frame="0" z_index="2" m_a="1.000000" m_b="0.000000" m_c="0.000000" m_d="1.000000" m_tx="-109.090912" m_ty="-240.909088"/>
  </frame>
  <frame idx="150" w="303" h="483" x="-8.590912" y="-137.409088">
   <element name="chair02" layername="cabinchair" frame="0" z_index="2" m_a="1.000000" m_b="0.000000" m_c="0.000000" m_d="1.000000" m_tx="-109.090912" m_ty="-240.909088"/>
  </frame>
  <frame idx="175" w="303" h="483" x="-8.590912" y="-137.409088">
   <element name="chair02" layername="cabinchair" frame="0" z_index="2" m_a="1.000000" m_b="0.000000" m_c="0.000000" m_d="1.000000" m_tx="-109.090912" m_ty="-240.909088"/>
  </frame>
  <frame idx="200" w="303" h="483" x="-8.590912" y="-137.409088">
   <element name="chair02" layername="cabinchair" frame="0" z_index="2" m_a="1.000000" m_b="0.000000" m_c="0.000000" m_d="1.000000" m_tx="-109.090912" m_ty="-240.909088"/>
  </frame>
  <frame idx="225" w="303" h="483" x="-8.590912" y="-137.409088">
   <element name="chair02" layername="cabinchair" frame="0" z_index="2" m_a="1.000000" m_b="0.000000" m_c="0.000000" m_d="1.000000" m_tx="-109.090912" m_ty="-240.909088"/>
  </frame>
  <frame idx="250" w="303" h="483" x="-8.590912" y="-137.409088">
   <element name="chair02" layername="cabinchair" frame="0" z_index="2" m_a="1.000000" m_b="0.000000" m_c="0.000000" m_d="1.000000" m_tx="-109.090912" m_ty="-240.909088"/>
  </frame>
  <frame idx="275" w="303" h="483" x="-8.590912" y="-137.409088">
   <element name="chair02" layername="cabinchair" frame="0" z_index="2" m_a="1.000000" m_b="0.000000" m_c="0.000000" m_d="1.000000" m_tx="-109.090912" m_ty="-240.909088"/>
  </frame>
 </anim>
 <anim name="hit" root="cabinchair2" numframes="300" framerate="40">
  <frame idx="0" w="303" h="483" x="-8.590912" y="-137.409088">
   <element name="chair02" layername="cabinchair" frame="0" z_index="2" m_a="1.000000" m_b="0.000000" m_c="0.000000" m_d="1.000000" m_tx="-109.090912" m_ty="-240.909088"/>
  </frame>
  <frame idx="25" w="326" h="405" x="-13.374985" y="-109.971603">
   <element name="chair02" layername="cabinchair" frame="0" z_index="2" m_a="1.073662" m_b="0.000000" m_c="0.000000" m_d="0.855104" m_tx="-121.156357" m_ty="-199.106537"/>
  </frame>
  <frame idx="50" w="348" h="326" x="-17.659073" y="-82.534111">
   <element name="chair02" layername="cabinchair" frame="0" z_index="2" m_a="1.147323" m_b="0.000000" m_c="0.000000" m_d="0.710207" m_tx="-133.221802" m_ty="-157.303986"/>
  </frame>
  <frame idx="75" w="346" h="332" x="-17.453911" y="-84.576874">
   <element name="chair02" layername="cabinchair" frame="0" z_index="2" m_a="1.141896" m_b="0.000000" m_c="0.000000" m_d="0.720884" m_tx="-132.332764" m_ty="-160.384171"/>
  </frame>
  <frame idx="100" w="329" h="394" x="-13.755961" y="-106.106468">
   <element name="chair02" layername="cabinchair" frame="0" z_index="2" m_a="1.083742" m_b="0.000000" m_c="0.000000" m_d="0.835276" m_tx="-122.807411" m_ty="-193.386185"/>
  </frame>
  <frame idx="125" w="311" h="457" x="-10.058019" y="-128.136063">
   <element name="chair02" layername="cabinchair" frame="0" z_index="2" m_a="1.025588" m_b="0.000000" m_c="0.000000" m_d="0.949668" m_tx="-113.282066" m_ty="-226.388199"/>
  </frame>
  <frame idx="150" w="303" h="483" x="-8.590912" y="-137.409088">
   <element name="chair02" layername="cabinchair" frame="0" z_index="2" m_a="1.000000" m_b="0.000000" m_c="0.000000" m_d="1.000000" m_tx="-109.090912" m_ty="-240.909088"/>
  </frame>
  <frame idx="175" w="303" h="483" x="-8.590912" y="-137.409088">
   <element name="chair02" layername="cabinchair" frame="0" z_index="2" m_a="1.000000" m_b="0.000000" m_c="0.000000" m_d="1.000000" m_tx="-109.090912" m_ty="-240.909088"/>
  </frame>
  <frame idx="200" w="303" h="483" x="-8.590912" y="-137.409088">
   <element name="chair02" layername="cabinchair" frame="0" z_index="2" m_a="1.000000" m_b="0.000000" m_c="0.000000" m_d="1.000000" m_tx="-109.090912" m_ty="-240.909088"/>
  </frame>
  <frame idx="225" w="303" h="483" x="-8.590912" y="-137.409088">
   <element name="chair02" layername="cabinchair" frame="0" z_index="2" m_a="1.000000" m_b="0.000000" m_c="0.000000" m_d="1.000000" m_tx="-109.090912" m_ty="-240.909088"/>
  </frame>
  <frame idx="250" w="303" h="483" x="-8.590912" y="-137.409088">
   <element name="chair02" layername="cabinchair" frame="0" z_index="2" m_a="1.000000" m_b="0.000000" m_c="0.000000" m_d="1.000000" m_tx="-109.090912" m_ty="-240.909088"/>
  </frame>
  <frame idx="275" w="303" h="483" x="-8.590912" y="-137.409088">
   <element name="chair02" layername="cabinchair" frame="0" z_index="2" m_a="1.000000" m_b="0.000000" m_c="0.000000" m_d="1.000000" m_tx="-109.090912" m_ty="-240.909088"/>
  </frame>
 </anim>
</Anims>
