<Anims>
 <anim name="idle" root="workbench" numframes="1000" framerate="40">
  <frame idx="0" w="584" h="889" x="-47.287872" y="-284.553040">
   <element name="invtable01" layername="invtable" frame="0" z_index="2" m_a="1.000000" m_b="0.000000" m_c="0.000000" m_d="1.000000" m_tx="-241.287872" m_ty="-474.053040"/>
  </frame>
  <frame idx="25" w="584" h="889" x="-47.287872" y="-284.553040">
   <element name="invtable01" layername="invtable" frame="0" z_index="2" m_a="1.000000" m_b="0.000000" m_c="0.000000" m_d="1.000000" m_tx="-241.287872" m_ty="-474.053040"/>
  </frame>
  <frame idx="50" w="584" h="889" x="-47.287872" y="-284.553040">
   <element name="invtable01" layername="invtable" frame="0" z_index="2" m_a="1.000000" m_b="0.000000" m_c="0.000000" m_d="1.000000" m_tx="-241.287872" m_ty="-474.053040"/>
  </frame>
  <frame idx="75" w="584" h="889" x="-47.287872" y="-284.553040">
   <element name="invtable01" layername="invtable" frame="0" z_index="2" m_a="1.000000" m_b="0.000000" m_c="0.000000" m_d="1.000000" m_tx="-241.287872" m_ty="-474.053040"/>
  </frame>
  <frame idx="100" w="584" h="889" x="-47.287872" y="-284.553040">
   <element name="invtable01" layername="invtable" frame="0" z_index="2" m_a="1.000000" m_b="0.000000" m_c="0.000000" m_d="1.000000" m_tx="-241.287872" m_ty="-474.053040"/>
  </frame>
  <frame idx="125" w="584" h="889" x="-47.287872" y="-284.553040">
   <element name="invtable01" layername="invtable" frame="0" z_index="2" m_a="1.000000" m_b="0.000000" m_c="0.000000" m_d="1.000000" m_tx="-241.287872" m_ty="-474.053040"/>
  </frame>
  <frame idx="150" w="584" h="889" x="-47.287872" y="-284.553040">
   <element name="invtable01" layername="invtable" frame="0" z_index="2" m_a="1.000000" m_b="0.000000" m_c="0.000000" m_d="1.000000" m_tx="-241.287872" m_ty="-474.053040"/>
  </frame>
  <frame idx="175" w="584" h="889" x="-47.287872" y="-284.553040">
   <element name="invtable01" layername="invtable" frame="0" z_index="2" m_a="1.000000" m_b="0.000000" m_c="0.000000" m_d="1.000000" m_tx="-241.287872" m_ty="-474.053040"/>
  </frame>
  <frame idx="200" w="584" h="889" x="-47.287872" y="-284.553040">
   <element name="invtable01" layername="invtable" frame="0" z_index="2" m_a="1.000000" m_b="0.000000" m_c="0.000000" m_d="1.000000" m_tx="-241.287872" m_ty="-474.053040"/>
  </frame>
  <frame idx="225" w="584" h="889" x="-47.287872" y="-284.553040">
   <element name="invtable01" layername="invtable" frame="0" z_index="2" m_a="1.000000" m_b="0.000000" m_c="0.000000" m_d="1.000000" m_tx="-241.287872" m_ty="-474.053040"/>
  </frame>
  <frame idx="250" w="584" h="889" x="-47.287872" y="-284.553040">
   <element name="invtable01" layername="invtable" frame="0" z_index="2" m_a="1.000000" m_b="0.000000" m_c="0.000000" m_d="1.000000" m_tx="-241.287872" m_ty="-474.053040"/>
  </frame>
  <frame idx="275" w="584" h="889" x="-47.287872" y="-284.553040">
   <element name="invtable01" layername="invtable" frame="0" z_index="2" m_a="1.000000" m_b="0.000000" m_c="0.000000" m_d="1.000000" m_tx="-241.287872" m_ty="-474.053040"/>
  </frame>
  <frame idx="300" w="584" h="889" x="-47.287872" y="-284.553040">
   <element name="invtable01" layername="invtable" frame="0" z_index="2" m_a="1.000000" m_b="0.000000" m_c="0.000000" m_d="1.000000" m_tx="-241.287872" m_ty="-474.053040"/>
  </frame>
  <frame idx="325" w="584" h="889" x="-47.287872" y="-284.553040">
   <element name="invtable01" layername="invtable" frame="0" z_index="2" m_a="1.000000" m_b="0.000000" m_c="0.000000" m_d="1.000000" m_tx="-241.287872" m_ty="-474.053040"/>
  </frame>
  <frame idx="350" w="584" h="889" x="-47.287872" y="-284.553040">
   <element name="invtable01" layername="invtable" frame="0" z_index="2" m_a="1.000000" m_b="0.000000" m_c="0.000000" m_d="1.000000" m_tx="-241.287872" m_ty="-474.053040"/>
  </frame>
  <frame idx="375" w="584" h="889" x="-47.287872" y="-284.553040">
   <element name="invtable01" layername="invtable" frame="0" z_index="2" m_a="1.000000" m_b="0.000000" m_c="0.000000" m_d="1.000000" m_tx="-241.287872" m_ty="-474.053040"/>
  </frame>
  <frame idx="400" w="584" h="889" x="-47.287872" y="-284.553040">
   <element name="invtable01" layername="invtable" frame="0" z_index="2" m_a="1.000000" m_b="0.000000" m_c="0.000000" m_d="1.000000" m_tx="-241.287872" m_ty="-474.053040"/>
  </frame>
  <frame idx="425" w="584" h="889" x="-47.287872" y="-284.553040">
   <element name="invtable01" layername="invtable" frame="0" z_index="2" m_a="1.000000" m_b="0.000000" m_c="0.000000" m_d="1.000000" m_tx="-241.287872" m_ty="-474.053040"/>
  </frame>
  <frame idx="450" w="584" h="889" x="-47.287872" y="-284.553040">
   <element name="invtable01" layername="invtable" frame="0" z_index="2" m_a="1.000000" m_b="0.000000" m_c="0.000000" m_d="1.000000" m_tx="-241.287872" m_ty="-474.053040"/>
  </frame>
  <frame idx="475" w="584" h="889" x="-47.287872" y="-284.553040">
   <element name="invtable01" layername="invtable" frame="0" z_index="2" m_a="1.000000" m_b="0.000000" m_c="0.000000" m_d="1.000000" m_tx="-241.287872" m_ty="-474.053040"/>
  </frame>
  <frame idx="500" w="584" h="889" x="-47.287872" y="-284.553040">
   <element name="invtable01" layername="invtable" frame="0" z_index="2" m_a="1.000000" m_b="0.000000" m_c="0.000000" m_d="1.000000" m_tx="-241.287872" m_ty="-474.053040"/>
  </frame>
  <frame idx="525" w="584" h="889" x="-47.287872" y="-284.553040">
   <element name="invtable01" layername="invtable" frame="0" z_index="2" m_a="1.000000" m_b="0.000000" m_c="0.000000" m_d="1.000000" m_tx="-241.287872" m_ty="-474.053040"/>
  </frame>
  <frame idx="550" w="584" h="889" x="-47.287872" y="-284.553040">
   <element name="invtable01" layername="invtable" frame="0" z_index="2" m_a="1.000000" m_b="0.000000" m_c="0.000000" m_d="1.000000" m_tx="-241.287872" m_ty="-474.053040"/>
  </frame>
  <frame idx="575" w="584" h="889" x="-47.287872" y="-284.553040">
   <element name="invtable01" layername="invtable" frame="0" z_index="2" m_a="1.000000" m_b="0.000000" m_c="0.000000" m_d="1.000000" m_tx="-241.287872" m_ty="-474.053040"/>
  </frame>
  <frame idx="600" w="584" h="889" x="-47.287872" y="-284.553040">
   <element name="invtable01" layername="invtable" frame="0" z_index="2" m_a="1.000000" m_b="0.000000" m_c="0.000000" m_d="1.000000" m_tx="-241.287872" m_ty="-474.053040"/>
  </frame>
  <frame idx="625" w="584" h="889" x="-47.287872" y="-284.553040">
   <element name="invtable01" layername="invtable" frame="0" z_index="2" m_a="1.000000" m_b="0.000000" m_c="0.000000" m_d="1.000000" m_tx="-241.287872" m_ty="-474.053040"/>
  </frame>
  <frame idx="650" w="584" h="889" x="-47.287872" y="-284.553040">
   <element name="invtable01" layername="invtable" frame="0" z_index="2" m_a="1.000000" m_b="0.000000" m_c="0.000000" m_d="1.000000" m_tx="-241.287872" m_ty="-474.053040"/>
  </frame>
  <frame idx="675" w="584" h="889" x="-47.287872" y="-284.553040">
   <element name="invtable01" layername="invtable" frame="0" z_index="2" m_a="1.000000" m_b="0.000000" m_c="0.000000" m_d="1.000000" m_tx="-241.287872" m_ty="-474.053040"/>
  </frame>
  <frame idx="700" w="584" h="889" x="-47.287872" y="-284.553040">
   <element name="invtable01" layername="invtable" frame="0" z_index="2" m_a="1.000000" m_b="0.000000" m_c="0.000000" m_d="1.000000" m_tx="-241.287872" m_ty="-474.053040"/>
  </frame>
  <frame idx="725" w="584" h="889" x="-47.287872" y="-284.553040">
   <element name="invtable01" layername="invtable" frame="0" z_index="2" m_a="1.000000" m_b="0.000000" m_c="0.000000" m_d="1.000000" m_tx="-241.287872" m_ty="-474.053040"/>
  </frame>
  <frame idx="750" w="584" h="889" x="-47.287872" y="-284.553040">
   <element name="invtable01" layername="invtable" frame="0" z_index="2" m_a="1.000000" m_b="0.000000" m_c="0.000000" m_d="1.000000" m_tx="-241.287872" m_ty="-474.053040"/>
  </frame>
  <frame idx="775" w="584" h="889" x="-47.287872" y="-284.553040">
   <element name="invtable01" layername="invtable" frame="0" z_index="2" m_a="1.000000" m_b="0.000000" m_c="0.000000" m_d="1.000000" m_tx="-241.287872" m_ty="-474.053040"/>
  </frame>
  <frame idx="800" w="584" h="889" x="-47.287872" y="-284.553040">
   <element name="invtable01" layername="invtable" frame="0" z_index="2" m_a="1.000000" m_b="0.000000" m_c="0.000000" m_d="1.000000" m_tx="-241.287872" m_ty="-474.053040"/>
  </frame>
  <frame idx="825" w="584" h="889" x="-47.287872" y="-284.553040">
   <element name="invtable01" layername="invtable" frame="0" z_index="2" m_a="1.000000" m_b="0.000000" m_c="0.000000" m_d="1.000000" m_tx="-241.287872" m_ty="-474.053040"/>
  </frame>
  <frame idx="850" w="584" h="889" x="-47.287872" y="-284.553040">
   <element name="invtable01" layername="invtable" frame="0" z_index="2" m_a="1.000000" m_b="0.000000" m_c="0.000000" m_d="1.000000" m_tx="-241.287872" m_ty="-474.053040"/>
  </frame>
  <frame idx="875" w="584" h="889" x="-47.287872" y="-284.553040">
   <element name="invtable01" layername="invtable" frame="0" z_index="2" m_a="1.000000" m_b="0.000000" m_c="0.000000" m_d="1.000000" m_tx="-241.287872" m_ty="-474.053040"/>
  </frame>
  <frame idx="900" w="584" h="889" x="-47.287872" y="-284.553040">
   <element name="invtable01" layername="invtable" frame="0" z_index="2" m_a="1.000000" m_b="0.000000" m_c="0.000000" m_d="1.000000" m_tx="-241.287872" m_ty="-474.053040"/>
  </frame>
  <frame idx="925" w="584" h="889" x="-47.287872" y="-284.553040">
   <element name="invtable01" layername="invtable" frame="0" z_index="2" m_a="1.000000" m_b="0.000000" m_c="0.000000" m_d="1.000000" m_tx="-241.287872" m_ty="-474.053040"/>
  </frame>
  <frame idx="950" w="584" h="889" x="-47.287872" y="-284.553040">
   <element name="invtable01" layername="invtable" frame="0" z_index="2" m_a="1.000000" m_b="0.000000" m_c="0.000000" m_d="1.000000" m_tx="-241.287872" m_ty="-474.053040"/>
  </frame>
  <frame idx="975" w="584" h="889" x="-47.287872" y="-284.553040">
   <element name="invtable01" layername="invtable" frame="0" z_index="2" m_a="1.000000" m_b="0.000000" m_c="0.000000" m_d="1.000000" m_tx="-241.287872" m_ty="-474.053040"/>
  </frame>
 </anim>
 <anim name="hit" root="workbench" numframes="800" framerate="40">
  <frame idx="0" w="584" h="889" x="-47.287872" y="-284.553040">
   <element name="invtable01" layername="invtable" frame="0" z_index="2" m_a="1.000000" m_b="0.000000" m_c="0.000000" m_d="1.000000" m_tx="-241.287872" m_ty="-474.053040"/>
  </frame>
  <frame idx="25" w="596" h="820" x="-47.931091" y="-259.407013">
   <element name="invtable01" layername="invtable" frame="0" z_index="2" m_a="1.018624" m_b="0.000000" m_c="0.000000" m_d="0.927614" m_tx="-245.456711" m_ty="-435.797211"/>
  </frame>
  <frame idx="50" w="606" h="752" x="-48.074265" y="-234.761017">
   <element name="invtable01" layername="invtable" frame="0" z_index="2" m_a="1.037248" m_b="0.000000" m_c="0.000000" m_d="0.855229" m_tx="-249.625534" m_ty="-397.541412"/>
  </frame>
  <frame idx="75" w="617" h="683" x="-48.717484" y="-209.614990">
   <element name="invtable01" layername="invtable" frame="0" z_index="2" m_a="1.055872" m_b="0.000000" m_c="0.000000" m_d="0.782843" m_tx="-253.794373" m_ty="-359.285583"/>
  </frame>
  <frame idx="100" w="627" h="621" x="-49.389832" y="-187.032898">
   <element name="invtable01" layername="invtable" frame="0" z_index="2" m_a="1.072975" m_b="0.000000" m_c="0.000000" m_d="0.716370" m_tx="-257.622681" m_ty="-324.154663"/>
  </frame>
  <frame idx="125" w="616" h="692" x="-48.761658" y="-212.985062">
   <element name="invtable01" layername="invtable" frame="0" z_index="2" m_a="1.053566" m_b="0.000000" m_c="0.000000" m_d="0.791804" m_tx="-253.278305" m_ty="-364.021240"/>
  </frame>
  <frame idx="150" w="604" h="764" x="-48.133465" y="-238.937241">
   <element name="invtable01" layername="invtable" frame="0" z_index="2" m_a="1.034158" m_b="0.000000" m_c="0.000000" m_d="0.867237" m_tx="-248.933945" m_ty="-403.887848"/>
  </frame>
  <frame idx="175" w="593" h="835" x="-47.505276" y="-264.889404">
   <element name="invtable01" layername="invtable" frame="0" z_index="2" m_a="1.014750" m_b="0.000000" m_c="0.000000" m_d="0.942671" m_tx="-244.589584" m_ty="-443.754425"/>
  </frame>
  <frame idx="200" w="584" h="889" x="-47.287872" y="-284.553040">
   <element name="invtable01" layername="invtable" frame="0" z_index="2" m_a="1.000000" m_b="0.000000" m_c="0.000000" m_d="1.000000" m_tx="-241.287872" m_ty="-474.053040"/>
  </frame>
  <frame idx="225" w="584" h="889" x="-47.287872" y="-284.553040">
   <element name="invtable01" layername="invtable" frame="0" z_index="2" m_a="1.000000" m_b="0.000000" m_c="0.000000" m_d="1.000000" m_tx="-241.287872" m_ty="-474.053040"/>
  </frame>
  <frame idx="250" w="584" h="889" x="-47.287872" y="-284.553040">
   <element name="invtable01" layername="invtable" frame="0" z_index="2" m_a="1.000000" m_b="0.000000" m_c="0.000000" m_d="1.000000" m_tx="-241.287872" m_ty="-474.053040"/>
  </frame>
  <frame idx="275" w="584" h="889" x="-47.287872" y="-284.553040">
   <element name="invtable01" layername="invtable" frame="0" z_index="2" m_a="1.000000" m_b="0.000000" m_c="0.000000" m_d="1.000000" m_tx="-241.287872" m_ty="-474.053040"/>
  </frame>
  <frame idx="300" w="584" h="889" x="-47.287872" y="-284.553040">
   <element name="invtable01" layername="invtable" frame="0" z_index="2" m_a="1.000000" m_b="0.000000" m_c="0.000000" m_d="1.000000" m_tx="-241.287872" m_ty="-474.053040"/>
  </frame>
  <frame idx="325" w="584" h="889" x="-47.287872" y="-284.553040">
   <element name="invtable01" layername="invtable" frame="0" z_index="2" m_a="1.000000" m_b="0.000000" m_c="0.000000" m_d="1.000000" m_tx="-241.287872" m_ty="-474.053040"/>
  </frame>
  <frame idx="350" w="584" h="889" x="-47.287872" y="-284.553040">
   <element name="invtable01" layername="invtable" frame="0" z_index="2" m_a="1.000000" m_b="0.000000" m_c="0.000000" m_d="1.000000" m_tx="-241.287872" m_ty="-474.053040"/>
  </frame>
  <frame idx="375" w="584" h="889" x="-47.287872" y="-284.553040">
   <element name="invtable01" layername="invtable" frame="0" z_index="2" m_a="1.000000" m_b="0.000000" m_c="0.000000" m_d="1.000000" m_tx="-241.287872" m_ty="-474.053040"/>
  </frame>
  <frame idx="400" w="584" h="889" x="-47.287872" y="-284.553040">
   <element name="invtable01" layername="invtable" frame="0" z_index="2" m_a="1.000000" m_b="0.000000" m_c="0.000000" m_d="1.000000" m_tx="-241.287872" m_ty="-474.053040"/>
  </frame>
  <frame idx="425" w="584" h="889" x="-47.287872" y="-284.553040">
   <element name="invtable01" layername="invtable" frame="0" z_index="2" m_a="1.000000" m_b="0.000000" m_c="0.000000" m_d="1.000000" m_tx="-241.287872" m_ty="-474.053040"/>
  </frame>
  <frame idx="450" w="584" h="889" x="-47.287872" y="-284.553040">
   <element name="invtable01" layername="invtable" frame="0" z_index="2" m_a="1.000000" m_b="0.000000" m_c="0.000000" m_d="1.000000" m_tx="-241.287872" m_ty="-474.053040"/>
  </frame>
  <frame idx="475" w="584" h="889" x="-47.287872" y="-284.553040">
   <element name="invtable01" layername="invtable" frame="0" z_index="2" m_a="1.000000" m_b="0.000000" m_c="0.000000" m_d="1.000000" m_tx="-241.287872" m_ty="-474.053040"/>
  </frame>
  <frame idx="500" w="584" h="889" x="-47.287872" y="-284.553040">
   <element name="invtable01" layername="invtable" frame="0" z_index="2" m_a="1.000000" m_b="0.000000" m_c="0.000000" m_d="1.000000" m_tx="-241.287872" m_ty="-474.053040"/>
  </frame>
  <frame idx="525" w="584" h="889" x="-47.287872" y="-284.553040">
   <element name="invtable01" layername="invtable" frame="0" z_index="2" m_a="1.000000" m_b="0.000000" m_c="0.000000" m_d="1.000000" m_tx="-241.287872" m_ty="-474.053040"/>
  </frame>
  <frame idx="550" w="584" h="889" x="-47.287872" y="-284.553040">
   <element name="invtable01" layername="invtable" frame="0" z_index="2" m_a="1.000000" m_b="0.000000" m_c="0.000000" m_d="1.000000" m_tx="-241.287872" m_ty="-474.053040"/>
  </frame>
  <frame idx="575" w="584" h="889" x="-47.287872" y="-284.553040">
   <element name="invtable01" layername="invtable" frame="0" z_index="2" m_a="1.000000" m_b="0.000000" m_c="0.000000" m_d="1.000000" m_tx="-241.287872" m_ty="-474.053040"/>
  </frame>
  <frame idx="600" w="584" h="889" x="-47.287872" y="-284.553040">
   <element name="invtable01" layername="invtable" frame="0" z_index="2" m_a="1.000000" m_b="0.000000" m_c="0.000000" m_d="1.000000" m_tx="-241.287872" m_ty="-474.053040"/>
  </frame>
  <frame idx="625" w="584" h="889" x="-47.287872" y="-284.553040">
   <element name="invtable01" layername="invtable" frame="0" z_index="2" m_a="1.000000" m_b="0.000000" m_c="0.000000" m_d="1.000000" m_tx="-241.287872" m_ty="-474.053040"/>
  </frame>
  <frame idx="650" w="584" h="889" x="-47.287872" y="-284.553040">
   <element name="invtable01" layername="invtable" frame="0" z_index="2" m_a="1.000000" m_b="0.000000" m_c="0.000000" m_d="1.000000" m_tx="-241.287872" m_ty="-474.053040"/>
  </frame>
  <frame idx="675" w="584" h="889" x="-47.287872" y="-284.553040">
   <element name="invtable01" layername="invtable" frame="0" z_index="2" m_a="1.000000" m_b="0.000000" m_c="0.000000" m_d="1.000000" m_tx="-241.287872" m_ty="-474.053040"/>
  </frame>
  <frame idx="700" w="584" h="889" x="-47.287872" y="-284.553040">
   <element name="invtable01" layername="invtable" frame="0" z_index="2" m_a="1.000000" m_b="0.000000" m_c="0.000000" m_d="1.000000" m_tx="-241.287872" m_ty="-474.053040"/>
  </frame>
  <frame idx="725" w="584" h="889" x="-47.287872" y="-284.553040">
   <element name="invtable01" layername="invtable" frame="0" z_index="2" m_a="1.000000" m_b="0.000000" m_c="0.000000" m_d="1.000000" m_tx="-241.287872" m_ty="-474.053040"/>
  </frame>
  <frame idx="750" w="584" h="889" x="-47.287872" y="-284.553040">
   <element name="invtable01" layername="invtable" frame="0" z_index="2" m_a="1.000000" m_b="0.000000" m_c="0.000000" m_d="1.000000" m_tx="-241.287872" m_ty="-474.053040"/>
  </frame>
  <frame idx="775" w="584" h="889" x="-47.287872" y="-284.553040">
   <element name="invtable01" layername="invtable" frame="0" z_index="2" m_a="1.000000" m_b="0.000000" m_c="0.000000" m_d="1.000000" m_tx="-241.287872" m_ty="-474.053040"/>
  </frame>
 </anim>
</Anims>
