<Anims>
 <anim name="idle" root="dollhouse" numframes="1000" framerate="40">
  <frame idx="0" w="323" h="333" x="-27.152227" y="-98.259285">
   <element name="dollhouse01" layername="dollhouse" frame="0" z_index="2" m_a="1.363644" m_b="0.000000" m_c="0.000000" m_d="1.324626" m_tx="-134.471161" m_ty="-173.580109"/>
  </frame>
  <frame idx="25" w="323" h="333" x="-27.152227" y="-98.259285">
   <element name="dollhouse01" layername="dollhouse" frame="0" z_index="2" m_a="1.363644" m_b="0.000000" m_c="0.000000" m_d="1.324626" m_tx="-134.471161" m_ty="-173.580109"/>
  </frame>
  <frame idx="50" w="323" h="333" x="-27.152227" y="-98.259285">
   <element name="dollhouse01" layername="dollhouse" frame="0" z_index="2" m_a="1.363644" m_b="0.000000" m_c="0.000000" m_d="1.324626" m_tx="-134.471161" m_ty="-173.580109"/>
  </frame>
  <frame idx="75" w="323" h="333" x="-27.152227" y="-98.259285">
   <element name="dollhouse01" layername="dollhouse" frame="0" z_index="2" m_a="1.363644" m_b="0.000000" m_c="0.000000" m_d="1.324626" m_tx="-134.471161" m_ty="-173.580109"/>
  </frame>
  <frame idx="100" w="323" h="333" x="-27.152227" y="-98.259285">
   <element name="dollhouse01" layername="dollhouse" frame="0" z_index="2" m_a="1.363644" m_b="0.000000" m_c="0.000000" m_d="1.324626" m_tx="-134.471161" m_ty="-173.580109"/>
  </frame>
  <frame idx="125" w="323" h="333" x="-27.152227" y="-98.259285">
   <element name="dollhouse01" layername="dollhouse" frame="0" z_index="2" m_a="1.363644" m_b="0.000000" m_c="0.000000" m_d="1.324626" m_tx="-134.471161" m_ty="-173.580109"/>
  </frame>
  <frame idx="150" w="323" h="333" x="-27.152227" y="-98.259285">
   <element name="dollhouse01" layername="dollhouse" frame="0" z_index="2" m_a="1.363644" m_b="0.000000" m_c="0.000000" m_d="1.324626" m_tx="-134.471161" m_ty="-173.580109"/>
  </frame>
  <frame idx="175" w="323" h="333" x="-27.152227" y="-98.259285">
   <element name="dollhouse01" layername="dollhouse" frame="0" z_index="2" m_a="1.363644" m_b="0.000000" m_c="0.000000" m_d="1.324626" m_tx="-134.471161" m_ty="-173.580109"/>
  </frame>
  <frame idx="200" w="323" h="333" x="-27.152227" y="-98.259285">
   <element name="dollhouse01" layername="dollhouse" frame="0" z_index="2" m_a="1.363644" m_b="0.000000" m_c="0.000000" m_d="1.324626" m_tx="-134.471161" m_ty="-173.580109"/>
  </frame>
  <frame idx="225" w="323" h="333" x="-27.152227" y="-98.259285">
   <element name="dollhouse01" layername="dollhouse" frame="0" z_index="2" m_a="1.363644" m_b="0.000000" m_c="0.000000" m_d="1.324626" m_tx="-134.471161" m_ty="-173.580109"/>
  </frame>
  <frame idx="250" w="323" h="333" x="-27.152227" y="-98.259285">
   <element name="dollhouse01" layername="dollhouse" frame="0" z_index="2" m_a="1.363644" m_b="0.000000" m_c="0.000000" m_d="1.324626" m_tx="-134.471161" m_ty="-173.580109"/>
  </frame>
  <frame idx="275" w="323" h="333" x="-27.152227" y="-98.259285">
   <element name="dollhouse01" layername="dollhouse" frame="0" z_index="2" m_a="1.363644" m_b="0.000000" m_c="0.000000" m_d="1.324626" m_tx="-134.471161" m_ty="-173.580109"/>
  </frame>
  <frame idx="300" w="323" h="333" x="-27.152227" y="-98.259285">
   <element name="dollhouse01" layername="dollhouse" frame="0" z_index="2" m_a="1.363644" m_b="0.000000" m_c="0.000000" m_d="1.324626" m_tx="-134.471161" m_ty="-173.580109"/>
  </frame>
  <frame idx="325" w="323" h="333" x="-27.152227" y="-98.259285">
   <element name="dollhouse01" layername="dollhouse" frame="0" z_index="2" m_a="1.363644" m_b="0.000000" m_c="0.000000" m_d="1.324626" m_tx="-134.471161" m_ty="-173.580109"/>
  </frame>
  <frame idx="350" w="323" h="333" x="-27.152227" y="-98.259285">
   <element name="dollhouse01" layername="dollhouse" frame="0" z_index="2" m_a="1.363644" m_b="0.000000" m_c="0.000000" m_d="1.324626" m_tx="-134.471161" m_ty="-173.580109"/>
  </frame>
  <frame idx="375" w="323" h="333" x="-27.152227" y="-98.259285">
   <element name="dollhouse01" layername="dollhouse" frame="0" z_index="2" m_a="1.363644" m_b="0.000000" m_c="0.000000" m_d="1.324626" m_tx="-134.471161" m_ty="-173.580109"/>
  </frame>
  <frame idx="400" w="323" h="333" x="-27.152227" y="-98.259285">
   <element name="dollhouse01" layername="dollhouse" frame="0" z_index="2" m_a="1.363644" m_b="0.000000" m_c="0.000000" m_d="1.324626" m_tx="-134.471161" m_ty="-173.580109"/>
  </frame>
  <frame idx="425" w="323" h="333" x="-27.152227" y="-98.259285">
   <element name="dollhouse01" layername="dollhouse" frame="0" z_index="2" m_a="1.363644" m_b="0.000000" m_c="0.000000" m_d="1.324626" m_tx="-134.471161" m_ty="-173.580109"/>
  </frame>
  <frame idx="450" w="323" h="333" x="-27.152227" y="-98.259285">
   <element name="dollhouse01" layername="dollhouse" frame="0" z_index="2" m_a="1.363644" m_b="0.000000" m_c="0.000000" m_d="1.324626" m_tx="-134.471161" m_ty="-173.580109"/>
  </frame>
  <frame idx="475" w="323" h="333" x="-27.152227" y="-98.259285">
   <element name="dollhouse01" layername="dollhouse" frame="0" z_index="2" m_a="1.363644" m_b="0.000000" m_c="0.000000" m_d="1.324626" m_tx="-134.471161" m_ty="-173.580109"/>
  </frame>
  <frame idx="500" w="323" h="333" x="-27.152227" y="-98.259285">
   <element name="dollhouse01" layername="dollhouse" frame="0" z_index="2" m_a="1.363644" m_b="0.000000" m_c="0.000000" m_d="1.324626" m_tx="-134.471161" m_ty="-173.580109"/>
  </frame>
  <frame idx="525" w="323" h="333" x="-27.152227" y="-98.259285">
   <element name="dollhouse01" layername="dollhouse" frame="0" z_index="2" m_a="1.363644" m_b="0.000000" m_c="0.000000" m_d="1.324626" m_tx="-134.471161" m_ty="-173.580109"/>
  </frame>
  <frame idx="550" w="323" h="333" x="-27.152227" y="-98.259285">
   <element name="dollhouse01" layername="dollhouse" frame="0" z_index="2" m_a="1.363644" m_b="0.000000" m_c="0.000000" m_d="1.324626" m_tx="-134.471161" m_ty="-173.580109"/>
  </frame>
  <frame idx="575" w="323" h="333" x="-27.152227" y="-98.259285">
   <element name="dollhouse01" layername="dollhouse" frame="0" z_index="2" m_a="1.363644" m_b="0.000000" m_c="0.000000" m_d="1.324626" m_tx="-134.471161" m_ty="-173.580109"/>
  </frame>
  <frame idx="600" w="323" h="333" x="-27.152227" y="-98.259285">
   <element name="dollhouse01" layername="dollhouse" frame="0" z_index="2" m_a="1.363644" m_b="0.000000" m_c="0.000000" m_d="1.324626" m_tx="-134.471161" m_ty="-173.580109"/>
  </frame>
  <frame idx="625" w="323" h="333" x="-27.152227" y="-98.259285">
   <element name="dollhouse01" layername="dollhouse" frame="0" z_index="2" m_a="1.363644" m_b="0.000000" m_c="0.000000" m_d="1.324626" m_tx="-134.471161" m_ty="-173.580109"/>
  </frame>
  <frame idx="650" w="323" h="333" x="-27.152227" y="-98.259285">
   <element name="dollhouse01" layername="dollhouse" frame="0" z_index="2" m_a="1.363644" m_b="0.000000" m_c="0.000000" m_d="1.324626" m_tx="-134.471161" m_ty="-173.580109"/>
  </frame>
  <frame idx="675" w="323" h="333" x="-27.152227" y="-98.259285">
   <element name="dollhouse01" layername="dollhouse" frame="0" z_index="2" m_a="1.363644" m_b="0.000000" m_c="0.000000" m_d="1.324626" m_tx="-134.471161" m_ty="-173.580109"/>
  </frame>
  <frame idx="700" w="323" h="333" x="-27.152227" y="-98.259285">
   <element name="dollhouse01" layername="dollhouse" frame="0" z_index="2" m_a="1.363644" m_b="0.000000" m_c="0.000000" m_d="1.324626" m_tx="-134.471161" m_ty="-173.580109"/>
  </frame>
  <frame idx="725" w="323" h="333" x="-27.152227" y="-98.259285">
   <element name="dollhouse01" layername="dollhouse" frame="0" z_index="2" m_a="1.363644" m_b="0.000000" m_c="0.000000" m_d="1.324626" m_tx="-134.471161" m_ty="-173.580109"/>
  </frame>
  <frame idx="750" w="323" h="333" x="-27.152227" y="-98.259285">
   <element name="dollhouse01" layername="dollhouse" frame="0" z_index="2" m_a="1.363644" m_b="0.000000" m_c="0.000000" m_d="1.324626" m_tx="-134.471161" m_ty="-173.580109"/>
  </frame>
  <frame idx="775" w="323" h="333" x="-27.152227" y="-98.259285">
   <element name="dollhouse01" layername="dollhouse" frame="0" z_index="2" m_a="1.363644" m_b="0.000000" m_c="0.000000" m_d="1.324626" m_tx="-134.471161" m_ty="-173.580109"/>
  </frame>
  <frame idx="800" w="323" h="333" x="-27.152227" y="-98.259285">
   <element name="dollhouse01" layername="dollhouse" frame="0" z_index="2" m_a="1.363644" m_b="0.000000" m_c="0.000000" m_d="1.324626" m_tx="-134.471161" m_ty="-173.580109"/>
  </frame>
  <frame idx="825" w="323" h="333" x="-27.152227" y="-98.259285">
   <element name="dollhouse01" layername="dollhouse" frame="0" z_index="2" m_a="1.363644" m_b="0.000000" m_c="0.000000" m_d="1.324626" m_tx="-134.471161" m_ty="-173.580109"/>
  </frame>
  <frame idx="850" w="323" h="333" x="-27.152227" y="-98.259285">
   <element name="dollhouse01" layername="dollhouse" frame="0" z_index="2" m_a="1.363644" m_b="0.000000" m_c="0.000000" m_d="1.324626" m_tx="-134.471161" m_ty="-173.580109"/>
  </frame>
  <frame idx="875" w="323" h="333" x="-27.152227" y="-98.259285">
   <element name="dollhouse01" layername="dollhouse" frame="0" z_index="2" m_a="1.363644" m_b="0.000000" m_c="0.000000" m_d="1.324626" m_tx="-134.471161" m_ty="-173.580109"/>
  </frame>
  <frame idx="900" w="323" h="333" x="-27.152227" y="-98.259285">
   <element name="dollhouse01" layername="dollhouse" frame="0" z_index="2" m_a="1.363644" m_b="0.000000" m_c="0.000000" m_d="1.324626" m_tx="-134.471161" m_ty="-173.580109"/>
  </frame>
  <frame idx="925" w="323" h="333" x="-27.152227" y="-98.259285">
   <element name="dollhouse01" layername="dollhouse" frame="0" z_index="2" m_a="1.363644" m_b="0.000000" m_c="0.000000" m_d="1.324626" m_tx="-134.471161" m_ty="-173.580109"/>
  </frame>
  <frame idx="950" w="323" h="333" x="-27.152227" y="-98.259285">
   <element name="dollhouse01" layername="dollhouse" frame="0" z_index="2" m_a="1.363644" m_b="0.000000" m_c="0.000000" m_d="1.324626" m_tx="-134.471161" m_ty="-173.580109"/>
  </frame>
  <frame idx="975" w="323" h="333" x="-27.152227" y="-98.259285">
   <element name="dollhouse01" layername="dollhouse" frame="0" z_index="2" m_a="1.363644" m_b="0.000000" m_c="0.000000" m_d="1.324626" m_tx="-134.471161" m_ty="-173.580109"/>
  </frame>
 </anim>
 <anim name="hit" root="dollhouse" numframes="1000" framerate="40">
  <frame idx="0" w="323" h="333" x="-27.152227" y="-98.259285">
   <element name="dollhouse01" layername="dollhouse" frame="0" z_index="2" m_a="1.363644" m_b="0.000000" m_c="0.000000" m_d="1.324626" m_tx="-134.471161" m_ty="-173.580109"/>
  </frame>
  <frame idx="25" w="340" h="300" x="-28.371418" y="-85.906509">
   <element name="dollhouse01" layername="dollhouse" frame="0" z_index="2" m_a="1.431662" m_b="0.000000" m_c="0.000000" m_d="1.205482" m_tx="-140.890121" m_ty="-154.934113"/>
  </frame>
  <frame idx="50" w="356" h="267" x="-29.590622" y="-74.053711">
   <element name="dollhouse01" layername="dollhouse" frame="0" z_index="2" m_a="1.499680" m_b="0.000000" m_c="0.000000" m_d="1.086338" m_tx="-147.309082" m_ty="-136.288101"/>
  </frame>
  <frame idx="75" w="371" h="233" x="-30.309813" y="-61.700935">
   <element name="dollhouse01" layername="dollhouse" frame="0" z_index="2" m_a="1.567698" m_b="0.000000" m_c="0.000000" m_d="0.967194" m_tx="-153.728043" m_ty="-117.642105"/>
  </frame>
  <frame idx="100" w="366" h="245" x="-29.903980" y="-65.837158">
   <element name="dollhouse01" layername="dollhouse" frame="0" z_index="2" m_a="1.544889" m_b="0.000000" m_c="0.000000" m_d="1.007147" m_tx="-151.575592" m_ty="-123.894608"/>
  </frame>
  <frame idx="125" w="354" h="269" x="-29.116558" y="-74.917320">
   <element name="dollhouse01" layername="dollhouse" frame="0" z_index="2" m_a="1.493399" m_b="0.000000" m_c="0.000000" m_d="1.097340" m_tx="-146.716385" m_ty="-138.009811"/>
  </frame>
  <frame idx="150" w="342" h="294" x="-28.329119" y="-83.997452">
   <element name="dollhouse01" layername="dollhouse" frame="0" z_index="2" m_a="1.441909" m_b="0.000000" m_c="0.000000" m_d="1.187533" m_tx="-141.857162" m_ty="-152.125000"/>
  </frame>
  <frame idx="175" w="329" h="320" x="-27.541695" y="-93.577606">
   <element name="dollhouse01" layername="dollhouse" frame="0" z_index="2" m_a="1.390419" m_b="0.000000" m_c="0.000000" m_d="1.277726" m_tx="-136.997955" m_ty="-166.240204"/>
  </frame>
  <frame idx="200" w="323" h="333" x="-27.152227" y="-98.259285">
   <element name="dollhouse01" layername="dollhouse" frame="0" z_index="2" m_a="1.363644" m_b="0.000000" m_c="0.000000" m_d="1.324626" m_tx="-134.471161" m_ty="-173.580109"/>
  </frame>
  <frame idx="225" w="323" h="333" x="-27.152227" y="-98.259285">
   <element name="dollhouse01" layername="dollhouse" frame="0" z_index="2" m_a="1.363644" m_b="0.000000" m_c="0.000000" m_d="1.324626" m_tx="-134.471161" m_ty="-173.580109"/>
  </frame>
  <frame idx="250" w="323" h="333" x="-27.152227" y="-98.259285">
   <element name="dollhouse01" layername="dollhouse" frame="0" z_index="2" m_a="1.363644" m_b="0.000000" m_c="0.000000" m_d="1.324626" m_tx="-134.471161" m_ty="-173.580109"/>
  </frame>
  <frame idx="275" w="323" h="333" x="-27.152227" y="-98.259285">
   <element name="dollhouse01" layername="dollhouse" frame="0" z_index="2" m_a="1.363644" m_b="0.000000" m_c="0.000000" m_d="1.324626" m_tx="-134.471161" m_ty="-173.580109"/>
  </frame>
  <frame idx="300" w="323" h="333" x="-27.152227" y="-98.259285">
   <element name="dollhouse01" layername="dollhouse" frame="0" z_index="2" m_a="1.363644" m_b="0.000000" m_c="0.000000" m_d="1.324626" m_tx="-134.471161" m_ty="-173.580109"/>
  </frame>
  <frame idx="325" w="323" h="333" x="-27.152227" y="-98.259285">
   <element name="dollhouse01" layername="dollhouse" frame="0" z_index="2" m_a="1.363644" m_b="0.000000" m_c="0.000000" m_d="1.324626" m_tx="-134.471161" m_ty="-173.580109"/>
  </frame>
  <frame idx="350" w="323" h="333" x="-27.152227" y="-98.259285">
   <element name="dollhouse01" layername="dollhouse" frame="0" z_index="2" m_a="1.363644" m_b="0.000000" m_c="0.000000" m_d="1.324626" m_tx="-134.471161" m_ty="-173.580109"/>
  </frame>
  <frame idx="375" w="323" h="333" x="-27.152227" y="-98.259285">
   <element name="dollhouse01" layername="dollhouse" frame="0" z_index="2" m_a="1.363644" m_b="0.000000" m_c="0.000000" m_d="1.324626" m_tx="-134.471161" m_ty="-173.580109"/>
  </frame>
  <frame idx="400" w="323" h="333" x="-27.152227" y="-98.259285">
   <element name="dollhouse01" layername="dollhouse" frame="0" z_index="2" m_a="1.363644" m_b="0.000000" m_c="0.000000" m_d="1.324626" m_tx="-134.471161" m_ty="-173.580109"/>
  </frame>
  <frame idx="425" w="323" h="333" x="-27.152227" y="-98.259285">
   <element name="dollhouse01" layername="dollhouse" frame="0" z_index="2" m_a="1.363644" m_b="0.000000" m_c="0.000000" m_d="1.324626" m_tx="-134.471161" m_ty="-173.580109"/>
  </frame>
  <frame idx="450" w="323" h="333" x="-27.152227" y="-98.259285">
   <element name="dollhouse01" layername="dollhouse" frame="0" z_index="2" m_a="1.363644" m_b="0.000000" m_c="0.000000" m_d="1.324626" m_tx="-134.471161" m_ty="-173.580109"/>
  </frame>
  <frame idx="475" w="323" h="333" x="-27.152227" y="-98.259285">
   <element name="dollhouse01" layername="dollhouse" frame="0" z_index="2" m_a="1.363644" m_b="0.000000" m_c="0.000000" m_d="1.324626" m_tx="-134.471161" m_ty="-173.580109"/>
  </frame>
  <frame idx="500" w="323" h="333" x="-27.152227" y="-98.259285">
   <element name="dollhouse01" layername="dollhouse" frame="0" z_index="2" m_a="1.363644" m_b="0.000000" m_c="0.000000" m_d="1.324626" m_tx="-134.471161" m_ty="-173.580109"/>
  </frame>
  <frame idx="525" w="323" h="333" x="-27.152227" y="-98.259285">
   <element name="dollhouse01" layername="dollhouse" frame="0" z_index="2" m_a="1.363644" m_b="0.000000" m_c="0.000000" m_d="1.324626" m_tx="-134.471161" m_ty="-173.580109"/>
  </frame>
  <frame idx="550" w="323" h="333" x="-27.152227" y="-98.259285">
   <element name="dollhouse01" layername="dollhouse" frame="0" z_index="2" m_a="1.363644" m_b="0.000000" m_c="0.000000" m_d="1.324626" m_tx="-134.471161" m_ty="-173.580109"/>
  </frame>
  <frame idx="575" w="323" h="333" x="-27.152227" y="-98.259285">
   <element name="dollhouse01" layername="dollhouse" frame="0" z_index="2" m_a="1.363644" m_b="0.000000" m_c="0.000000" m_d="1.324626" m_tx="-134.471161" m_ty="-173.580109"/>
  </frame>
  <frame idx="600" w="323" h="333" x="-27.152227" y="-98.259285">
   <element name="dollhouse01" layername="dollhouse" frame="0" z_index="2" m_a="1.363644" m_b="0.000000" m_c="0.000000" m_d="1.324626" m_tx="-134.471161" m_ty="-173.580109"/>
  </frame>
  <frame idx="625" w="323" h="333" x="-27.152227" y="-98.259285">
   <element name="dollhouse01" layername="dollhouse" frame="0" z_index="2" m_a="1.363644" m_b="0.000000" m_c="0.000000" m_d="1.324626" m_tx="-134.471161" m_ty="-173.580109"/>
  </frame>
  <frame idx="650" w="323" h="333" x="-27.152227" y="-98.259285">
   <element name="dollhouse01" layername="dollhouse" frame="0" z_index="2" m_a="1.363644" m_b="0.000000" m_c="0.000000" m_d="1.324626" m_tx="-134.471161" m_ty="-173.580109"/>
  </frame>
  <frame idx="675" w="323" h="333" x="-27.152227" y="-98.259285">
   <element name="dollhouse01" layername="dollhouse" frame="0" z_index="2" m_a="1.363644" m_b="0.000000" m_c="0.000000" m_d="1.324626" m_tx="-134.471161" m_ty="-173.580109"/>
  </frame>
  <frame idx="700" w="323" h="333" x="-27.152227" y="-98.259285">
   <element name="dollhouse01" layername="dollhouse" frame="0" z_index="2" m_a="1.363644" m_b="0.000000" m_c="0.000000" m_d="1.324626" m_tx="-134.471161" m_ty="-173.580109"/>
  </frame>
  <frame idx="725" w="323" h="333" x="-27.152227" y="-98.259285">
   <element name="dollhouse01" layername="dollhouse" frame="0" z_index="2" m_a="1.363644" m_b="0.000000" m_c="0.000000" m_d="1.324626" m_tx="-134.471161" m_ty="-173.580109"/>
  </frame>
  <frame idx="750" w="323" h="333" x="-27.152227" y="-98.259285">
   <element name="dollhouse01" layername="dollhouse" frame="0" z_index="2" m_a="1.363644" m_b="0.000000" m_c="0.000000" m_d="1.324626" m_tx="-134.471161" m_ty="-173.580109"/>
  </frame>
  <frame idx="775" w="323" h="333" x="-27.152227" y="-98.259285">
   <element name="dollhouse01" layername="dollhouse" frame="0" z_index="2" m_a="1.363644" m_b="0.000000" m_c="0.000000" m_d="1.324626" m_tx="-134.471161" m_ty="-173.580109"/>
  </frame>
  <frame idx="800" w="323" h="333" x="-27.152227" y="-98.259285">
   <element name="dollhouse01" layername="dollhouse" frame="0" z_index="2" m_a="1.363644" m_b="0.000000" m_c="0.000000" m_d="1.324626" m_tx="-134.471161" m_ty="-173.580109"/>
  </frame>
  <frame idx="825" w="323" h="333" x="-27.152227" y="-98.259285">
   <element name="dollhouse01" layername="dollhouse" frame="0" z_index="2" m_a="1.363644" m_b="0.000000" m_c="0.000000" m_d="1.324626" m_tx="-134.471161" m_ty="-173.580109"/>
  </frame>
  <frame idx="850" w="323" h="333" x="-27.152227" y="-98.259285">
   <element name="dollhouse01" layername="dollhouse" frame="0" z_index="2" m_a="1.363644" m_b="0.000000" m_c="0.000000" m_d="1.324626" m_tx="-134.471161" m_ty="-173.580109"/>
  </frame>
  <frame idx="875" w="323" h="333" x="-27.152227" y="-98.259285">
   <element name="dollhouse01" layername="dollhouse" frame="0" z_index="2" m_a="1.363644" m_b="0.000000" m_c="0.000000" m_d="1.324626" m_tx="-134.471161" m_ty="-173.580109"/>
  </frame>
  <frame idx="900" w="323" h="333" x="-27.152227" y="-98.259285">
   <element name="dollhouse01" layername="dollhouse" frame="0" z_index="2" m_a="1.363644" m_b="0.000000" m_c="0.000000" m_d="1.324626" m_tx="-134.471161" m_ty="-173.580109"/>
  </frame>
  <frame idx="925" w="323" h="333" x="-27.152227" y="-98.259285">
   <element name="dollhouse01" layername="dollhouse" frame="0" z_index="2" m_a="1.363644" m_b="0.000000" m_c="0.000000" m_d="1.324626" m_tx="-134.471161" m_ty="-173.580109"/>
  </frame>
  <frame idx="950" w="323" h="333" x="-27.152227" y="-98.259285">
   <element name="dollhouse01" layername="dollhouse" frame="0" z_index="2" m_a="1.363644" m_b="0.000000" m_c="0.000000" m_d="1.324626" m_tx="-134.471161" m_ty="-173.580109"/>
  </frame>
  <frame idx="975" w="323" h="333" x="-27.152227" y="-98.259285">
   <element name="dollhouse01" layername="dollhouse" frame="0" z_index="2" m_a="1.363644" m_b="0.000000" m_c="0.000000" m_d="1.324626" m_tx="-134.471161" m_ty="-173.580109"/>
  </frame>
 </anim>
</Anims>
