<Anims>
 <anim name="idle" root="circuschair2" numframes="1000" framerate="40">
  <frame idx="0" w="303" h="483" x="-15.409088" y="-144.227280">
   <element name="cirqchair02" layername="cirqchair" frame="0" z_index="2" m_a="1.000000" m_b="0.000000" m_c="0.000000" m_d="1.000000" m_tx="-115.909088" m_ty="-247.727280"/>
  </frame>
  <frame idx="25" w="303" h="483" x="-15.409088" y="-144.227280">
   <element name="cirqchair02" layername="cirqchair" frame="0" z_index="2" m_a="1.000000" m_b="0.000000" m_c="0.000000" m_d="1.000000" m_tx="-115.909088" m_ty="-247.727280"/>
  </frame>
  <frame idx="50" w="303" h="483" x="-15.409088" y="-144.227280">
   <element name="cirqchair02" layername="cirqchair" frame="0" z_index="2" m_a="1.000000" m_b="0.000000" m_c="0.000000" m_d="1.000000" m_tx="-115.909088" m_ty="-247.727280"/>
  </frame>
  <frame idx="75" w="303" h="483" x="-15.409088" y="-144.227280">
   <element name="cirqchair02" layername="cirqchair" frame="0" z_index="2" m_a="1.000000" m_b="0.000000" m_c="0.000000" m_d="1.000000" m_tx="-115.909088" m_ty="-247.727280"/>
  </frame>
  <frame idx="100" w="303" h="483" x="-15.409088" y="-144.227280">
   <element name="cirqchair02" layername="cirqchair" frame="0" z_index="2" m_a="1.000000" m_b="0.000000" m_c="0.000000" m_d="1.000000" m_tx="-115.909088" m_ty="-247.727280"/>
  </frame>
  <frame idx="125" w="303" h="483" x="-15.409088" y="-144.227280">
   <element name="cirqchair02" layername="cirqchair" frame="0" z_index="2" m_a="1.000000" m_b="0.000000" m_c="0.000000" m_d="1.000000" m_tx="-115.909088" m_ty="-247.727280"/>
  </frame>
  <frame idx="150" w="303" h="483" x="-15.409088" y="-144.227280">
   <element name="cirqchair02" layername="cirqchair" frame="0" z_index="2" m_a="1.000000" m_b="0.000000" m_c="0.000000" m_d="1.000000" m_tx="-115.909088" m_ty="-247.727280"/>
  </frame>
  <frame idx="175" w="303" h="483" x="-15.409088" y="-144.227280">
   <element name="cirqchair02" layername="cirqchair" frame="0" z_index="2" m_a="1.000000" m_b="0.000000" m_c="0.000000" m_d="1.000000" m_tx="-115.909088" m_ty="-247.727280"/>
  </frame>
  <frame idx="200" w="303" h="483" x="-15.409088" y="-144.227280">
   <element name="cirqchair02" layername="cirqchair" frame="0" z_index="2" m_a="1.000000" m_b="0.000000" m_c="0.000000" m_d="1.000000" m_tx="-115.909088" m_ty="-247.727280"/>
  </frame>
  <frame idx="225" w="303" h="483" x="-15.409088" y="-144.227280">
   <element name="cirqchair02" layername="cirqchair" frame="0" z_index="2" m_a="1.000000" m_b="0.000000" m_c="0.000000" m_d="1.000000" m_tx="-115.909088" m_ty="-247.727280"/>
  </frame>
  <frame idx="250" w="303" h="483" x="-15.409088" y="-144.227280">
   <element name="cirqchair02" layername="cirqchair" frame="0" z_index="2" m_a="1.000000" m_b="0.000000" m_c="0.000000" m_d="1.000000" m_tx="-115.909088" m_ty="-247.727280"/>
  </frame>
  <frame idx="275" w="303" h="483" x="-15.409088" y="-144.227280">
   <element name="cirqchair02" layername="cirqchair" frame="0" z_index="2" m_a="1.000000" m_b="0.000000" m_c="0.000000" m_d="1.000000" m_tx="-115.909088" m_ty="-247.727280"/>
  </frame>
  <frame idx="300" w="303" h="483" x="-15.409088" y="-144.227280">
   <element name="cirqchair02" layername="cirqchair" frame="0" z_index="2" m_a="1.000000" m_b="0.000000" m_c="0.000000" m_d="1.000000" m_tx="-115.909088" m_ty="-247.727280"/>
  </frame>
  <frame idx="325" w="303" h="483" x="-15.409088" y="-144.227280">
   <element name="cirqchair02" layername="cirqchair" frame="0" z_index="2" m_a="1.000000" m_b="0.000000" m_c="0.000000" m_d="1.000000" m_tx="-115.909088" m_ty="-247.727280"/>
  </frame>
  <frame idx="350" w="303" h="483" x="-15.409088" y="-144.227280">
   <element name="cirqchair02" layername="cirqchair" frame="0" z_index="2" m_a="1.000000" m_b="0.000000" m_c="0.000000" m_d="1.000000" m_tx="-115.909088" m_ty="-247.727280"/>
  </frame>
  <frame idx="375" w="303" h="483" x="-15.409088" y="-144.227280">
   <element name="cirqchair02" layername="cirqchair" frame="0" z_index="2" m_a="1.000000" m_b="0.000000" m_c="0.000000" m_d="1.000000" m_tx="-115.909088" m_ty="-247.727280"/>
  </frame>
  <frame idx="400" w="303" h="483" x="-15.409088" y="-144.227280">
   <element name="cirqchair02" layername="cirqchair" frame="0" z_index="2" m_a="1.000000" m_b="0.000000" m_c="0.000000" m_d="1.000000" m_tx="-115.909088" m_ty="-247.727280"/>
  </frame>
  <frame idx="425" w="303" h="483" x="-15.409088" y="-144.227280">
   <element name="cirqchair02" layername="cirqchair" frame="0" z_index="2" m_a="1.000000" m_b="0.000000" m_c="0.000000" m_d="1.000000" m_tx="-115.909088" m_ty="-247.727280"/>
  </frame>
  <frame idx="450" w="303" h="483" x="-15.409088" y="-144.227280">
   <element name="cirqchair02" layername="cirqchair" frame="0" z_index="2" m_a="1.000000" m_b="0.000000" m_c="0.000000" m_d="1.000000" m_tx="-115.909088" m_ty="-247.727280"/>
  </frame>
  <frame idx="475" w="303" h="483" x="-15.409088" y="-144.227280">
   <element name="cirqchair02" layername="cirqchair" frame="0" z_index="2" m_a="1.000000" m_b="0.000000" m_c="0.000000" m_d="1.000000" m_tx="-115.909088" m_ty="-247.727280"/>
  </frame>
  <frame idx="500" w="303" h="483" x="-15.409088" y="-144.227280">
   <element name="cirqchair02" layername="cirqchair" frame="0" z_index="2" m_a="1.000000" m_b="0.000000" m_c="0.000000" m_d="1.000000" m_tx="-115.909088" m_ty="-247.727280"/>
  </frame>
  <frame idx="525" w="303" h="483" x="-15.409088" y="-144.227280">
   <element name="cirqchair02" layername="cirqchair" frame="0" z_index="2" m_a="1.000000" m_b="0.000000" m_c="0.000000" m_d="1.000000" m_tx="-115.909088" m_ty="-247.727280"/>
  </frame>
  <frame idx="550" w="303" h="483" x="-15.409088" y="-144.227280">
   <element name="cirqchair02" layername="cirqchair" frame="0" z_index="2" m_a="1.000000" m_b="0.000000" m_c="0.000000" m_d="1.000000" m_tx="-115.909088" m_ty="-247.727280"/>
  </frame>
  <frame idx="575" w="303" h="483" x="-15.409088" y="-144.227280">
   <element name="cirqchair02" layername="cirqchair" frame="0" z_index="2" m_a="1.000000" m_b="0.000000" m_c="0.000000" m_d="1.000000" m_tx="-115.909088" m_ty="-247.727280"/>
  </frame>
  <frame idx="600" w="303" h="483" x="-15.409088" y="-144.227280">
   <element name="cirqchair02" layername="cirqchair" frame="0" z_index="2" m_a="1.000000" m_b="0.000000" m_c="0.000000" m_d="1.000000" m_tx="-115.909088" m_ty="-247.727280"/>
  </frame>
  <frame idx="625" w="303" h="483" x="-15.409088" y="-144.227280">
   <element name="cirqchair02" layername="cirqchair" frame="0" z_index="2" m_a="1.000000" m_b="0.000000" m_c="0.000000" m_d="1.000000" m_tx="-115.909088" m_ty="-247.727280"/>
  </frame>
  <frame idx="650" w="303" h="483" x="-15.409088" y="-144.227280">
   <element name="cirqchair02" layername="cirqchair" frame="0" z_index="2" m_a="1.000000" m_b="0.000000" m_c="0.000000" m_d="1.000000" m_tx="-115.909088" m_ty="-247.727280"/>
  </frame>
  <frame idx="675" w="303" h="483" x="-15.409088" y="-144.227280">
   <element name="cirqchair02" layername="cirqchair" frame="0" z_index="2" m_a="1.000000" m_b="0.000000" m_c="0.000000" m_d="1.000000" m_tx="-115.909088" m_ty="-247.727280"/>
  </frame>
  <frame idx="700" w="303" h="483" x="-15.409088" y="-144.227280">
   <element name="cirqchair02" layername="cirqchair" frame="0" z_index="2" m_a="1.000000" m_b="0.000000" m_c="0.000000" m_d="1.000000" m_tx="-115.909088" m_ty="-247.727280"/>
  </frame>
  <frame idx="725" w="303" h="483" x="-15.409088" y="-144.227280">
   <element name="cirqchair02" layername="cirqchair" frame="0" z_index="2" m_a="1.000000" m_b="0.000000" m_c="0.000000" m_d="1.000000" m_tx="-115.909088" m_ty="-247.727280"/>
  </frame>
  <frame idx="750" w="303" h="483" x="-15.409088" y="-144.227280">
   <element name="cirqchair02" layername="cirqchair" frame="0" z_index="2" m_a="1.000000" m_b="0.000000" m_c="0.000000" m_d="1.000000" m_tx="-115.909088" m_ty="-247.727280"/>
  </frame>
  <frame idx="775" w="303" h="483" x="-15.409088" y="-144.227280">
   <element name="cirqchair02" layername="cirqchair" frame="0" z_index="2" m_a="1.000000" m_b="0.000000" m_c="0.000000" m_d="1.000000" m_tx="-115.909088" m_ty="-247.727280"/>
  </frame>
  <frame idx="800" w="303" h="483" x="-15.409088" y="-144.227280">
   <element name="cirqchair02" layername="cirqchair" frame="0" z_index="2" m_a="1.000000" m_b="0.000000" m_c="0.000000" m_d="1.000000" m_tx="-115.909088" m_ty="-247.727280"/>
  </frame>
  <frame idx="825" w="303" h="483" x="-15.409088" y="-144.227280">
   <element name="cirqchair02" layername="cirqchair" frame="0" z_index="2" m_a="1.000000" m_b="0.000000" m_c="0.000000" m_d="1.000000" m_tx="-115.909088" m_ty="-247.727280"/>
  </frame>
  <frame idx="850" w="303" h="483" x="-15.409088" y="-144.227280">
   <element name="cirqchair02" layername="cirqchair" frame="0" z_index="2" m_a="1.000000" m_b="0.000000" m_c="0.000000" m_d="1.000000" m_tx="-115.909088" m_ty="-247.727280"/>
  </frame>
  <frame idx="875" w="303" h="483" x="-15.409088" y="-144.227280">
   <element name="cirqchair02" layername="cirqchair" frame="0" z_index="2" m_a="1.000000" m_b="0.000000" m_c="0.000000" m_d="1.000000" m_tx="-115.909088" m_ty="-247.727280"/>
  </frame>
  <frame idx="900" w="303" h="483" x="-15.409088" y="-144.227280">
   <element name="cirqchair02" layername="cirqchair" frame="0" z_index="2" m_a="1.000000" m_b="0.000000" m_c="0.000000" m_d="1.000000" m_tx="-115.909088" m_ty="-247.727280"/>
  </frame>
  <frame idx="925" w="303" h="483" x="-15.409088" y="-144.227280">
   <element name="cirqchair02" layername="cirqchair" frame="0" z_index="2" m_a="1.000000" m_b="0.000000" m_c="0.000000" m_d="1.000000" m_tx="-115.909088" m_ty="-247.727280"/>
  </frame>
  <frame idx="950" w="303" h="483" x="-15.409088" y="-144.227280">
   <element name="cirqchair02" layername="cirqchair" frame="0" z_index="2" m_a="1.000000" m_b="0.000000" m_c="0.000000" m_d="1.000000" m_tx="-115.909088" m_ty="-247.727280"/>
  </frame>
  <frame idx="975" w="303" h="483" x="-15.409088" y="-144.227280">
   <element name="cirqchair02" layername="cirqchair" frame="0" z_index="2" m_a="1.000000" m_b="0.000000" m_c="0.000000" m_d="1.000000" m_tx="-115.909088" m_ty="-247.727280"/>
  </frame>
 </anim>
 <anim name="hit" root="circuschair2" numframes="1000" framerate="40">
  <frame idx="0" w="303" h="483" x="-15.409088" y="-144.227280">
   <element name="cirqchair02" layername="cirqchair" frame="0" z_index="2" m_a="1.000000" m_b="0.000000" m_c="0.000000" m_d="1.000000" m_tx="-115.909088" m_ty="-247.727280"/>
  </frame>
  <frame idx="25" w="320" h="427" x="-17.172249" y="-124.111259">
   <element name="cirqchair02" layername="cirqchair" frame="0" z_index="2" m_a="1.053615" m_b="0.000000" m_c="0.000000" m_d="0.891931" m_tx="-122.927734" m_ty="-216.549255"/>
  </frame>
  <frame idx="50" w="336" h="370" x="-18.435392" y="-103.495239">
   <element name="cirqchair02" layername="cirqchair" frame="0" z_index="2" m_a="1.107230" m_b="0.000000" m_c="0.000000" m_d="0.783861" m_tx="-129.946381" m_ty="-185.371231"/>
  </frame>
  <frame idx="75" w="352" h="314" x="-20.198566" y="-83.379227">
   <element name="cirqchair02" layername="cirqchair" frame="0" z_index="2" m_a="1.160845" m_b="0.000000" m_c="0.000000" m_d="0.675792" m_tx="-136.965042" m_ty="-154.193207"/>
  </frame>
  <frame idx="100" w="362" h="280" x="-21.356457" y="-71.009621">
   <element name="cirqchair02" layername="cirqchair" frame="0" z_index="2" m_a="1.193014" m_b="0.000000" m_c="0.000000" m_d="0.610950" m_tx="-141.176224" m_ty="-135.486404"/>
  </frame>
  <frame idx="125" w="346" h="336" x="-19.593296" y="-91.125626">
   <element name="cirqchair02" layername="cirqchair" frame="0" z_index="2" m_a="1.139399" m_b="0.000000" m_c="0.000000" m_d="0.719019" m_tx="-134.157578" m_ty="-166.664413"/>
  </frame>
  <frame idx="150" w="329" h="393" x="-17.830145" y="-111.741646">
   <element name="cirqchair02" layername="cirqchair" frame="0" z_index="2" m_a="1.085784" m_b="0.000000" m_c="0.000000" m_d="0.827089" m_tx="-127.138924" m_ty="-197.842438"/>
  </frame>
  <frame idx="175" w="314" h="449" x="-16.566986" y="-131.857666">
   <element name="cirqchair02" layername="cirqchair" frame="0" z_index="2" m_a="1.032169" m_b="0.000000" m_c="0.000000" m_d="0.935158" m_tx="-120.120277" m_ty="-229.020462"/>
  </frame>
  <frame idx="200" w="303" h="483" x="-15.409088" y="-144.227280">
   <element name="cirqchair02" layername="cirqchair" frame="0" z_index="2" m_a="1.000000" m_b="0.000000" m_c="0.000000" m_d="1.000000" m_tx="-115.909088" m_ty="-247.727280"/>
  </frame>
  <frame idx="225" w="303" h="483" x="-15.409088" y="-144.227280">
   <element name="cirqchair02" layername="cirqchair" frame="0" z_index="2" m_a="1.000000" m_b="0.000000" m_c="0.000000" m_d="1.000000" m_tx="-115.909088" m_ty="-247.727280"/>
  </frame>
  <frame idx="250" w="303" h="483" x="-15.409088" y="-144.227280">
   <element name="cirqchair02" layername="cirqchair" frame="0" z_index="2" m_a="1.000000" m_b="0.000000" m_c="0.000000" m_d="1.000000" m_tx="-115.909088" m_ty="-247.727280"/>
  </frame>
  <frame idx="275" w="303" h="483" x="-15.409088" y="-144.227280">
   <element name="cirqchair02" layername="cirqchair" frame="0" z_index="2" m_a="1.000000" m_b="0.000000" m_c="0.000000" m_d="1.000000" m_tx="-115.909088" m_ty="-247.727280"/>
  </frame>
  <frame idx="300" w="303" h="483" x="-15.409088" y="-144.227280">
   <element name="cirqchair02" layername="cirqchair" frame="0" z_index="2" m_a="1.000000" m_b="0.000000" m_c="0.000000" m_d="1.000000" m_tx="-115.909088" m_ty="-247.727280"/>
  </frame>
  <frame idx="325" w="303" h="483" x="-15.409088" y="-144.227280">
   <element name="cirqchair02" layername="cirqchair" frame="0" z_index="2" m_a="1.000000" m_b="0.000000" m_c="0.000000" m_d="1.000000" m_tx="-115.909088" m_ty="-247.727280"/>
  </frame>
  <frame idx="350" w="303" h="483" x="-15.409088" y="-144.227280">
   <element name="cirqchair02" layername="cirqchair" frame="0" z_index="2" m_a="1.000000" m_b="0.000000" m_c="0.000000" m_d="1.000000" m_tx="-115.909088" m_ty="-247.727280"/>
  </frame>
  <frame idx="375" w="303" h="483" x="-15.409088" y="-144.227280">
   <element name="cirqchair02" layername="cirqchair" frame="0" z_index="2" m_a="1.000000" m_b="0.000000" m_c="0.000000" m_d="1.000000" m_tx="-115.909088" m_ty="-247.727280"/>
  </frame>
  <frame idx="400" w="303" h="483" x="-15.409088" y="-144.227280">
   <element name="cirqchair02" layername="cirqchair" frame="0" z_index="2" m_a="1.000000" m_b="0.000000" m_c="0.000000" m_d="1.000000" m_tx="-115.909088" m_ty="-247.727280"/>
  </frame>
  <frame idx="425" w="303" h="483" x="-15.409088" y="-144.227280">
   <element name="cirqchair02" layername="cirqchair" frame="0" z_index="2" m_a="1.000000" m_b="0.000000" m_c="0.000000" m_d="1.000000" m_tx="-115.909088" m_ty="-247.727280"/>
  </frame>
  <frame idx="450" w="303" h="483" x="-15.409088" y="-144.227280">
   <element name="cirqchair02" layername="cirqchair" frame="0" z_index="2" m_a="1.000000" m_b="0.000000" m_c="0.000000" m_d="1.000000" m_tx="-115.909088" m_ty="-247.727280"/>
  </frame>
  <frame idx="475" w="303" h="483" x="-15.409088" y="-144.227280">
   <element name="cirqchair02" layername="cirqchair" frame="0" z_index="2" m_a="1.000000" m_b="0.000000" m_c="0.000000" m_d="1.000000" m_tx="-115.909088" m_ty="-247.727280"/>
  </frame>
  <frame idx="500" w="303" h="483" x="-15.409088" y="-144.227280">
   <element name="cirqchair02" layername="cirqchair" frame="0" z_index="2" m_a="1.000000" m_b="0.000000" m_c="0.000000" m_d="1.000000" m_tx="-115.909088" m_ty="-247.727280"/>
  </frame>
  <frame idx="525" w="303" h="483" x="-15.409088" y="-144.227280">
   <element name="cirqchair02" layername="cirqchair" frame="0" z_index="2" m_a="1.000000" m_b="0.000000" m_c="0.000000" m_d="1.000000" m_tx="-115.909088" m_ty="-247.727280"/>
  </frame>
  <frame idx="550" w="303" h="483" x="-15.409088" y="-144.227280">
   <element name="cirqchair02" layername="cirqchair" frame="0" z_index="2" m_a="1.000000" m_b="0.000000" m_c="0.000000" m_d="1.000000" m_tx="-115.909088" m_ty="-247.727280"/>
  </frame>
  <frame idx="575" w="303" h="483" x="-15.409088" y="-144.227280">
   <element name="cirqchair02" layername="cirqchair" frame="0" z_index="2" m_a="1.000000" m_b="0.000000" m_c="0.000000" m_d="1.000000" m_tx="-115.909088" m_ty="-247.727280"/>
  </frame>
  <frame idx="600" w="303" h="483" x="-15.409088" y="-144.227280">
   <element name="cirqchair02" layername="cirqchair" frame="0" z_index="2" m_a="1.000000" m_b="0.000000" m_c="0.000000" m_d="1.000000" m_tx="-115.909088" m_ty="-247.727280"/>
  </frame>
  <frame idx="625" w="303" h="483" x="-15.409088" y="-144.227280">
   <element name="cirqchair02" layername="cirqchair" frame="0" z_index="2" m_a="1.000000" m_b="0.000000" m_c="0.000000" m_d="1.000000" m_tx="-115.909088" m_ty="-247.727280"/>
  </frame>
  <frame idx="650" w="303" h="483" x="-15.409088" y="-144.227280">
   <element name="cirqchair02" layername="cirqchair" frame="0" z_index="2" m_a="1.000000" m_b="0.000000" m_c="0.000000" m_d="1.000000" m_tx="-115.909088" m_ty="-247.727280"/>
  </frame>
  <frame idx="675" w="303" h="483" x="-15.409088" y="-144.227280">
   <element name="cirqchair02" layername="cirqchair" frame="0" z_index="2" m_a="1.000000" m_b="0.000000" m_c="0.000000" m_d="1.000000" m_tx="-115.909088" m_ty="-247.727280"/>
  </frame>
  <frame idx="700" w="303" h="483" x="-15.409088" y="-144.227280">
   <element name="cirqchair02" layername="cirqchair" frame="0" z_index="2" m_a="1.000000" m_b="0.000000" m_c="0.000000" m_d="1.000000" m_tx="-115.909088" m_ty="-247.727280"/>
  </frame>
  <frame idx="725" w="303" h="483" x="-15.409088" y="-144.227280">
   <element name="cirqchair02" layername="cirqchair" frame="0" z_index="2" m_a="1.000000" m_b="0.000000" m_c="0.000000" m_d="1.000000" m_tx="-115.909088" m_ty="-247.727280"/>
  </frame>
  <frame idx="750" w="303" h="483" x="-15.409088" y="-144.227280">
   <element name="cirqchair02" layername="cirqchair" frame="0" z_index="2" m_a="1.000000" m_b="0.000000" m_c="0.000000" m_d="1.000000" m_tx="-115.909088" m_ty="-247.727280"/>
  </frame>
  <frame idx="775" w="303" h="483" x="-15.409088" y="-144.227280">
   <element name="cirqchair02" layername="cirqchair" frame="0" z_index="2" m_a="1.000000" m_b="0.000000" m_c="0.000000" m_d="1.000000" m_tx="-115.909088" m_ty="-247.727280"/>
  </frame>
  <frame idx="800" w="303" h="483" x="-15.409088" y="-144.227280">
   <element name="cirqchair02" layername="cirqchair" frame="0" z_index="2" m_a="1.000000" m_b="0.000000" m_c="0.000000" m_d="1.000000" m_tx="-115.909088" m_ty="-247.727280"/>
  </frame>
  <frame idx="825" w="303" h="483" x="-15.409088" y="-144.227280">
   <element name="cirqchair02" layername="cirqchair" frame="0" z_index="2" m_a="1.000000" m_b="0.000000" m_c="0.000000" m_d="1.000000" m_tx="-115.909088" m_ty="-247.727280"/>
  </frame>
  <frame idx="850" w="303" h="483" x="-15.409088" y="-144.227280">
   <element name="cirqchair02" layername="cirqchair" frame="0" z_index="2" m_a="1.000000" m_b="0.000000" m_c="0.000000" m_d="1.000000" m_tx="-115.909088" m_ty="-247.727280"/>
  </frame>
  <frame idx="875" w="303" h="483" x="-15.409088" y="-144.227280">
   <element name="cirqchair02" layername="cirqchair" frame="0" z_index="2" m_a="1.000000" m_b="0.000000" m_c="0.000000" m_d="1.000000" m_tx="-115.909088" m_ty="-247.727280"/>
  </frame>
  <frame idx="900" w="303" h="483" x="-15.409088" y="-144.227280">
   <element name="cirqchair02" layername="cirqchair" frame="0" z_index="2" m_a="1.000000" m_b="0.000000" m_c="0.000000" m_d="1.000000" m_tx="-115.909088" m_ty="-247.727280"/>
  </frame>
  <frame idx="925" w="303" h="483" x="-15.409088" y="-144.227280">
   <element name="cirqchair02" layername="cirqchair" frame="0" z_index="2" m_a="1.000000" m_b="0.000000" m_c="0.000000" m_d="1.000000" m_tx="-115.909088" m_ty="-247.727280"/>
  </frame>
  <frame idx="950" w="303" h="483" x="-15.409088" y="-144.227280">
   <element name="cirqchair02" layername="cirqchair" frame="0" z_index="2" m_a="1.000000" m_b="0.000000" m_c="0.000000" m_d="1.000000" m_tx="-115.909088" m_ty="-247.727280"/>
  </frame>
  <frame idx="975" w="303" h="483" x="-15.409088" y="-144.227280">
   <element name="cirqchair02" layername="cirqchair" frame="0" z_index="2" m_a="1.000000" m_b="0.000000" m_c="0.000000" m_d="1.000000" m_tx="-115.909088" m_ty="-247.727280"/>
  </frame>
 </anim>
</Anims>
