<Anims>
 <anim name="idle" root="geartable" numframes="1000" framerate="40">
  <frame idx="0" w="584" h="469" x="-54.924728" y="-135.045319">
   <element name="geartable01" layername="geartable" frame="0" z_index="2" m_a="1.000000" m_b="0.000000" m_c="0.000000" m_d="1.000000" m_tx="-248.924728" m_ty="-245.545319"/>
  </frame>
  <frame idx="25" w="584" h="469" x="-54.924728" y="-135.045319">
   <element name="geartable01" layername="geartable" frame="0" z_index="2" m_a="1.000000" m_b="0.000000" m_c="0.000000" m_d="1.000000" m_tx="-248.924728" m_ty="-245.545319"/>
  </frame>
  <frame idx="50" w="584" h="469" x="-54.924728" y="-135.045319">
   <element name="geartable01" layername="geartable" frame="0" z_index="2" m_a="1.000000" m_b="0.000000" m_c="0.000000" m_d="1.000000" m_tx="-248.924728" m_ty="-245.545319"/>
  </frame>
  <frame idx="75" w="584" h="469" x="-54.924728" y="-135.045319">
   <element name="geartable01" layername="geartable" frame="0" z_index="2" m_a="1.000000" m_b="0.000000" m_c="0.000000" m_d="1.000000" m_tx="-248.924728" m_ty="-245.545319"/>
  </frame>
  <frame idx="100" w="584" h="469" x="-54.924728" y="-135.045319">
   <element name="geartable01" layername="geartable" frame="0" z_index="2" m_a="1.000000" m_b="0.000000" m_c="0.000000" m_d="1.000000" m_tx="-248.924728" m_ty="-245.545319"/>
  </frame>
  <frame idx="125" w="584" h="469" x="-54.924728" y="-135.045319">
   <element name="geartable01" layername="geartable" frame="0" z_index="2" m_a="1.000000" m_b="0.000000" m_c="0.000000" m_d="1.000000" m_tx="-248.924728" m_ty="-245.545319"/>
  </frame>
  <frame idx="150" w="584" h="469" x="-54.924728" y="-135.045319">
   <element name="geartable01" layername="geartable" frame="0" z_index="2" m_a="1.000000" m_b="0.000000" m_c="0.000000" m_d="1.000000" m_tx="-248.924728" m_ty="-245.545319"/>
  </frame>
  <frame idx="175" w="584" h="469" x="-54.924728" y="-135.045319">
   <element name="geartable01" layername="geartable" frame="0" z_index="2" m_a="1.000000" m_b="0.000000" m_c="0.000000" m_d="1.000000" m_tx="-248.924728" m_ty="-245.545319"/>
  </frame>
  <frame idx="200" w="584" h="469" x="-54.924728" y="-135.045319">
   <element name="geartable01" layername="geartable" frame="0" z_index="2" m_a="1.000000" m_b="0.000000" m_c="0.000000" m_d="1.000000" m_tx="-248.924728" m_ty="-245.545319"/>
  </frame>
  <frame idx="225" w="584" h="469" x="-54.924728" y="-135.045319">
   <element name="geartable01" layername="geartable" frame="0" z_index="2" m_a="1.000000" m_b="0.000000" m_c="0.000000" m_d="1.000000" m_tx="-248.924728" m_ty="-245.545319"/>
  </frame>
  <frame idx="250" w="584" h="469" x="-54.924728" y="-135.045319">
   <element name="geartable01" layername="geartable" frame="0" z_index="2" m_a="1.000000" m_b="0.000000" m_c="0.000000" m_d="1.000000" m_tx="-248.924728" m_ty="-245.545319"/>
  </frame>
  <frame idx="275" w="584" h="469" x="-54.924728" y="-135.045319">
   <element name="geartable01" layername="geartable" frame="0" z_index="2" m_a="1.000000" m_b="0.000000" m_c="0.000000" m_d="1.000000" m_tx="-248.924728" m_ty="-245.545319"/>
  </frame>
  <frame idx="300" w="584" h="469" x="-54.924728" y="-135.045319">
   <element name="geartable01" layername="geartable" frame="0" z_index="2" m_a="1.000000" m_b="0.000000" m_c="0.000000" m_d="1.000000" m_tx="-248.924728" m_ty="-245.545319"/>
  </frame>
  <frame idx="325" w="584" h="469" x="-54.924728" y="-135.045319">
   <element name="geartable01" layername="geartable" frame="0" z_index="2" m_a="1.000000" m_b="0.000000" m_c="0.000000" m_d="1.000000" m_tx="-248.924728" m_ty="-245.545319"/>
  </frame>
  <frame idx="350" w="584" h="469" x="-54.924728" y="-135.045319">
   <element name="geartable01" layername="geartable" frame="0" z_index="2" m_a="1.000000" m_b="0.000000" m_c="0.000000" m_d="1.000000" m_tx="-248.924728" m_ty="-245.545319"/>
  </frame>
  <frame idx="375" w="584" h="469" x="-54.924728" y="-135.045319">
   <element name="geartable01" layername="geartable" frame="0" z_index="2" m_a="1.000000" m_b="0.000000" m_c="0.000000" m_d="1.000000" m_tx="-248.924728" m_ty="-245.545319"/>
  </frame>
  <frame idx="400" w="584" h="469" x="-54.924728" y="-135.045319">
   <element name="geartable01" layername="geartable" frame="0" z_index="2" m_a="1.000000" m_b="0.000000" m_c="0.000000" m_d="1.000000" m_tx="-248.924728" m_ty="-245.545319"/>
  </frame>
  <frame idx="425" w="584" h="469" x="-54.924728" y="-135.045319">
   <element name="geartable01" layername="geartable" frame="0" z_index="2" m_a="1.000000" m_b="0.000000" m_c="0.000000" m_d="1.000000" m_tx="-248.924728" m_ty="-245.545319"/>
  </frame>
  <frame idx="450" w="584" h="469" x="-54.924728" y="-135.045319">
   <element name="geartable01" layername="geartable" frame="0" z_index="2" m_a="1.000000" m_b="0.000000" m_c="0.000000" m_d="1.000000" m_tx="-248.924728" m_ty="-245.545319"/>
  </frame>
  <frame idx="475" w="584" h="469" x="-54.924728" y="-135.045319">
   <element name="geartable01" layername="geartable" frame="0" z_index="2" m_a="1.000000" m_b="0.000000" m_c="0.000000" m_d="1.000000" m_tx="-248.924728" m_ty="-245.545319"/>
  </frame>
  <frame idx="500" w="584" h="469" x="-54.924728" y="-135.045319">
   <element name="geartable01" layername="geartable" frame="0" z_index="2" m_a="1.000000" m_b="0.000000" m_c="0.000000" m_d="1.000000" m_tx="-248.924728" m_ty="-245.545319"/>
  </frame>
  <frame idx="525" w="584" h="469" x="-54.924728" y="-135.045319">
   <element name="geartable01" layername="geartable" frame="0" z_index="2" m_a="1.000000" m_b="0.000000" m_c="0.000000" m_d="1.000000" m_tx="-248.924728" m_ty="-245.545319"/>
  </frame>
  <frame idx="550" w="584" h="469" x="-54.924728" y="-135.045319">
   <element name="geartable01" layername="geartable" frame="0" z_index="2" m_a="1.000000" m_b="0.000000" m_c="0.000000" m_d="1.000000" m_tx="-248.924728" m_ty="-245.545319"/>
  </frame>
  <frame idx="575" w="584" h="469" x="-54.924728" y="-135.045319">
   <element name="geartable01" layername="geartable" frame="0" z_index="2" m_a="1.000000" m_b="0.000000" m_c="0.000000" m_d="1.000000" m_tx="-248.924728" m_ty="-245.545319"/>
  </frame>
  <frame idx="600" w="584" h="469" x="-54.924728" y="-135.045319">
   <element name="geartable01" layername="geartable" frame="0" z_index="2" m_a="1.000000" m_b="0.000000" m_c="0.000000" m_d="1.000000" m_tx="-248.924728" m_ty="-245.545319"/>
  </frame>
  <frame idx="625" w="584" h="469" x="-54.924728" y="-135.045319">
   <element name="geartable01" layername="geartable" frame="0" z_index="2" m_a="1.000000" m_b="0.000000" m_c="0.000000" m_d="1.000000" m_tx="-248.924728" m_ty="-245.545319"/>
  </frame>
  <frame idx="650" w="584" h="469" x="-54.924728" y="-135.045319">
   <element name="geartable01" layername="geartable" frame="0" z_index="2" m_a="1.000000" m_b="0.000000" m_c="0.000000" m_d="1.000000" m_tx="-248.924728" m_ty="-245.545319"/>
  </frame>
  <frame idx="675" w="584" h="469" x="-54.924728" y="-135.045319">
   <element name="geartable01" layername="geartable" frame="0" z_index="2" m_a="1.000000" m_b="0.000000" m_c="0.000000" m_d="1.000000" m_tx="-248.924728" m_ty="-245.545319"/>
  </frame>
  <frame idx="700" w="584" h="469" x="-54.924728" y="-135.045319">
   <element name="geartable01" layername="geartable" frame="0" z_index="2" m_a="1.000000" m_b="0.000000" m_c="0.000000" m_d="1.000000" m_tx="-248.924728" m_ty="-245.545319"/>
  </frame>
  <frame idx="725" w="584" h="469" x="-54.924728" y="-135.045319">
   <element name="geartable01" layername="geartable" frame="0" z_index="2" m_a="1.000000" m_b="0.000000" m_c="0.000000" m_d="1.000000" m_tx="-248.924728" m_ty="-245.545319"/>
  </frame>
  <frame idx="750" w="584" h="469" x="-54.924728" y="-135.045319">
   <element name="geartable01" layername="geartable" frame="0" z_index="2" m_a="1.000000" m_b="0.000000" m_c="0.000000" m_d="1.000000" m_tx="-248.924728" m_ty="-245.545319"/>
  </frame>
  <frame idx="775" w="584" h="469" x="-54.924728" y="-135.045319">
   <element name="geartable01" layername="geartable" frame="0" z_index="2" m_a="1.000000" m_b="0.000000" m_c="0.000000" m_d="1.000000" m_tx="-248.924728" m_ty="-245.545319"/>
  </frame>
  <frame idx="800" w="584" h="469" x="-54.924728" y="-135.045319">
   <element name="geartable01" layername="geartable" frame="0" z_index="2" m_a="1.000000" m_b="0.000000" m_c="0.000000" m_d="1.000000" m_tx="-248.924728" m_ty="-245.545319"/>
  </frame>
  <frame idx="825" w="584" h="469" x="-54.924728" y="-135.045319">
   <element name="geartable01" layername="geartable" frame="0" z_index="2" m_a="1.000000" m_b="0.000000" m_c="0.000000" m_d="1.000000" m_tx="-248.924728" m_ty="-245.545319"/>
  </frame>
  <frame idx="850" w="584" h="469" x="-54.924728" y="-135.045319">
   <element name="geartable01" layername="geartable" frame="0" z_index="2" m_a="1.000000" m_b="0.000000" m_c="0.000000" m_d="1.000000" m_tx="-248.924728" m_ty="-245.545319"/>
  </frame>
  <frame idx="875" w="584" h="469" x="-54.924728" y="-135.045319">
   <element name="geartable01" layername="geartable" frame="0" z_index="2" m_a="1.000000" m_b="0.000000" m_c="0.000000" m_d="1.000000" m_tx="-248.924728" m_ty="-245.545319"/>
  </frame>
  <frame idx="900" w="584" h="469" x="-54.924728" y="-135.045319">
   <element name="geartable01" layername="geartable" frame="0" z_index="2" m_a="1.000000" m_b="0.000000" m_c="0.000000" m_d="1.000000" m_tx="-248.924728" m_ty="-245.545319"/>
  </frame>
  <frame idx="925" w="584" h="469" x="-54.924728" y="-135.045319">
   <element name="geartable01" layername="geartable" frame="0" z_index="2" m_a="1.000000" m_b="0.000000" m_c="0.000000" m_d="1.000000" m_tx="-248.924728" m_ty="-245.545319"/>
  </frame>
  <frame idx="950" w="584" h="469" x="-54.924728" y="-135.045319">
   <element name="geartable01" layername="geartable" frame="0" z_index="2" m_a="1.000000" m_b="0.000000" m_c="0.000000" m_d="1.000000" m_tx="-248.924728" m_ty="-245.545319"/>
  </frame>
  <frame idx="975" w="584" h="469" x="-54.924728" y="-135.045319">
   <element name="geartable01" layername="geartable" frame="0" z_index="2" m_a="1.000000" m_b="0.000000" m_c="0.000000" m_d="1.000000" m_tx="-248.924728" m_ty="-245.545319"/>
  </frame>
 </anim>
 <anim name="hit" root="geartable" numframes="1000" framerate="40">
  <frame idx="0" w="584" h="469" x="-54.924728" y="-135.045319">
   <element name="geartable01" layername="geartable" frame="0" z_index="2" m_a="1.000000" m_b="0.000000" m_c="0.000000" m_d="1.000000" m_tx="-248.924728" m_ty="-245.545319"/>
  </frame>
  <frame idx="25" w="596" h="443" x="-55.323662" y="-125.283371">
   <element name="geartable01" layername="geartable" frame="0" z_index="2" m_a="1.020228" m_b="0.000000" m_c="0.000000" m_d="0.951748" m_tx="-253.239044" m_ty="-231.045547"/>
  </frame>
  <frame idx="50" w="608" h="418" x="-55.722580" y="-116.021454">
   <element name="geartable01" layername="geartable" frame="0" z_index="2" m_a="1.040456" m_b="0.000000" m_c="0.000000" m_d="0.903496" m_tx="-257.553345" m_ty="-216.545792"/>
  </frame>
  <frame idx="75" w="620" h="393" x="-56.121529" y="-106.759506">
   <element name="geartable01" layername="geartable" frame="0" z_index="2" m_a="1.060684" m_b="0.000000" m_c="0.000000" m_d="0.855243" m_tx="-261.867676" m_ty="-202.046021"/>
  </frame>
  <frame idx="100" w="632" h="368" x="-56.520447" y="-97.497574">
   <element name="geartable01" layername="geartable" frame="0" z_index="2" m_a="1.080912" m_b="0.000000" m_c="0.000000" m_d="0.806991" m_tx="-266.181976" m_ty="-187.546265"/>
  </frame>
  <frame idx="125" w="626" h="381" x="-56.337475" y="-102.327721">
   <element name="geartable01" layername="geartable" frame="0" z_index="2" m_a="1.070243" m_b="0.000000" m_c="0.000000" m_d="0.832441" m_tx="-263.906494" m_ty="-195.193848"/>
  </frame>
  <frame idx="150" w="616" h="399" x="-55.779690" y="-109.170441">
   <element name="geartable01" layername="geartable" frame="0" z_index="2" m_a="1.055361" m_b="0.000000" m_c="0.000000" m_d="0.867941" m_tx="-260.732391" m_ty="-205.861542"/>
  </frame>
  <frame idx="175" w="608" h="418" x="-55.721905" y="-116.013153">
   <element name="geartable01" layername="geartable" frame="0" z_index="2" m_a="1.040479" m_b="0.000000" m_c="0.000000" m_d="0.903440" m_tx="-257.558289" m_ty="-216.529221"/>
  </frame>
  <frame idx="200" w="599" h="436" x="-55.164120" y="-122.855858">
   <element name="geartable01" layername="geartable" frame="0" z_index="2" m_a="1.025597" m_b="0.000000" m_c="0.000000" m_d="0.938940" m_tx="-254.384186" m_ty="-227.196899"/>
  </frame>
  <frame idx="225" w="591" h="455" x="-55.106335" y="-129.698563">
   <element name="geartable01" layername="geartable" frame="0" z_index="2" m_a="1.010715" m_b="0.000000" m_c="0.000000" m_d="0.974440" m_tx="-251.210083" m_ty="-237.864578"/>
  </frame>
  <frame idx="250" w="584" h="469" x="-54.924728" y="-135.045319">
   <element name="geartable01" layername="geartable" frame="0" z_index="2" m_a="1.000000" m_b="0.000000" m_c="0.000000" m_d="1.000000" m_tx="-248.924728" m_ty="-245.545319"/>
  </frame>
  <frame idx="275" w="584" h="469" x="-54.924728" y="-135.045319">
   <element name="geartable01" layername="geartable" frame="0" z_index="2" m_a="1.000000" m_b="0.000000" m_c="0.000000" m_d="1.000000" m_tx="-248.924728" m_ty="-245.545319"/>
  </frame>
  <frame idx="300" w="584" h="469" x="-54.924728" y="-135.045319">
   <element name="geartable01" layername="geartable" frame="0" z_index="2" m_a="1.000000" m_b="0.000000" m_c="0.000000" m_d="1.000000" m_tx="-248.924728" m_ty="-245.545319"/>
  </frame>
  <frame idx="325" w="584" h="469" x="-54.924728" y="-135.045319">
   <element name="geartable01" layername="geartable" frame="0" z_index="2" m_a="1.000000" m_b="0.000000" m_c="0.000000" m_d="1.000000" m_tx="-248.924728" m_ty="-245.545319"/>
  </frame>
  <frame idx="350" w="584" h="469" x="-54.924728" y="-135.045319">
   <element name="geartable01" layername="geartable" frame="0" z_index="2" m_a="1.000000" m_b="0.000000" m_c="0.000000" m_d="1.000000" m_tx="-248.924728" m_ty="-245.545319"/>
  </frame>
  <frame idx="375" w="584" h="469" x="-54.924728" y="-135.045319">
   <element name="geartable01" layername="geartable" frame="0" z_index="2" m_a="1.000000" m_b="0.000000" m_c="0.000000" m_d="1.000000" m_tx="-248.924728" m_ty="-245.545319"/>
  </frame>
  <frame idx="400" w="584" h="469" x="-54.924728" y="-135.045319">
   <element name="geartable01" layername="geartable" frame="0" z_index="2" m_a="1.000000" m_b="0.000000" m_c="0.000000" m_d="1.000000" m_tx="-248.924728" m_ty="-245.545319"/>
  </frame>
  <frame idx="425" w="584" h="469" x="-54.924728" y="-135.045319">
   <element name="geartable01" layername="geartable" frame="0" z_index="2" m_a="1.000000" m_b="0.000000" m_c="0.000000" m_d="1.000000" m_tx="-248.924728" m_ty="-245.545319"/>
  </frame>
  <frame idx="450" w="584" h="469" x="-54.924728" y="-135.045319">
   <element name="geartable01" layername="geartable" frame="0" z_index="2" m_a="1.000000" m_b="0.000000" m_c="0.000000" m_d="1.000000" m_tx="-248.924728" m_ty="-245.545319"/>
  </frame>
  <frame idx="475" w="584" h="469" x="-54.924728" y="-135.045319">
   <element name="geartable01" layername="geartable" frame="0" z_index="2" m_a="1.000000" m_b="0.000000" m_c="0.000000" m_d="1.000000" m_tx="-248.924728" m_ty="-245.545319"/>
  </frame>
  <frame idx="500" w="584" h="469" x="-54.924728" y="-135.045319">
   <element name="geartable01" layername="geartable" frame="0" z_index="2" m_a="1.000000" m_b="0.000000" m_c="0.000000" m_d="1.000000" m_tx="-248.924728" m_ty="-245.545319"/>
  </frame>
  <frame idx="525" w="584" h="469" x="-54.924728" y="-135.045319">
   <element name="geartable01" layername="geartable" frame="0" z_index="2" m_a="1.000000" m_b="0.000000" m_c="0.000000" m_d="1.000000" m_tx="-248.924728" m_ty="-245.545319"/>
  </frame>
  <frame idx="550" w="584" h="469" x="-54.924728" y="-135.045319">
   <element name="geartable01" layername="geartable" frame="0" z_index="2" m_a="1.000000" m_b="0.000000" m_c="0.000000" m_d="1.000000" m_tx="-248.924728" m_ty="-245.545319"/>
  </frame>
  <frame idx="575" w="584" h="469" x="-54.924728" y="-135.045319">
   <element name="geartable01" layername="geartable" frame="0" z_index="2" m_a="1.000000" m_b="0.000000" m_c="0.000000" m_d="1.000000" m_tx="-248.924728" m_ty="-245.545319"/>
  </frame>
  <frame idx="600" w="584" h="469" x="-54.924728" y="-135.045319">
   <element name="geartable01" layername="geartable" frame="0" z_index="2" m_a="1.000000" m_b="0.000000" m_c="0.000000" m_d="1.000000" m_tx="-248.924728" m_ty="-245.545319"/>
  </frame>
  <frame idx="625" w="584" h="469" x="-54.924728" y="-135.045319">
   <element name="geartable01" layername="geartable" frame="0" z_index="2" m_a="1.000000" m_b="0.000000" m_c="0.000000" m_d="1.000000" m_tx="-248.924728" m_ty="-245.545319"/>
  </frame>
  <frame idx="650" w="584" h="469" x="-54.924728" y="-135.045319">
   <element name="geartable01" layername="geartable" frame="0" z_index="2" m_a="1.000000" m_b="0.000000" m_c="0.000000" m_d="1.000000" m_tx="-248.924728" m_ty="-245.545319"/>
  </frame>
  <frame idx="675" w="584" h="469" x="-54.924728" y="-135.045319">
   <element name="geartable01" layername="geartable" frame="0" z_index="2" m_a="1.000000" m_b="0.000000" m_c="0.000000" m_d="1.000000" m_tx="-248.924728" m_ty="-245.545319"/>
  </frame>
  <frame idx="700" w="584" h="469" x="-54.924728" y="-135.045319">
   <element name="geartable01" layername="geartable" frame="0" z_index="2" m_a="1.000000" m_b="0.000000" m_c="0.000000" m_d="1.000000" m_tx="-248.924728" m_ty="-245.545319"/>
  </frame>
  <frame idx="725" w="584" h="469" x="-54.924728" y="-135.045319">
   <element name="geartable01" layername="geartable" frame="0" z_index="2" m_a="1.000000" m_b="0.000000" m_c="0.000000" m_d="1.000000" m_tx="-248.924728" m_ty="-245.545319"/>
  </frame>
  <frame idx="750" w="584" h="469" x="-54.924728" y="-135.045319">
   <element name="geartable01" layername="geartable" frame="0" z_index="2" m_a="1.000000" m_b="0.000000" m_c="0.000000" m_d="1.000000" m_tx="-248.924728" m_ty="-245.545319"/>
  </frame>
  <frame idx="775" w="584" h="469" x="-54.924728" y="-135.045319">
   <element name="geartable01" layername="geartable" frame="0" z_index="2" m_a="1.000000" m_b="0.000000" m_c="0.000000" m_d="1.000000" m_tx="-248.924728" m_ty="-245.545319"/>
  </frame>
  <frame idx="800" w="584" h="469" x="-54.924728" y="-135.045319">
   <element name="geartable01" layername="geartable" frame="0" z_index="2" m_a="1.000000" m_b="0.000000" m_c="0.000000" m_d="1.000000" m_tx="-248.924728" m_ty="-245.545319"/>
  </frame>
  <frame idx="825" w="584" h="469" x="-54.924728" y="-135.045319">
   <element name="geartable01" layername="geartable" frame="0" z_index="2" m_a="1.000000" m_b="0.000000" m_c="0.000000" m_d="1.000000" m_tx="-248.924728" m_ty="-245.545319"/>
  </frame>
  <frame idx="850" w="584" h="469" x="-54.924728" y="-135.045319">
   <element name="geartable01" layername="geartable" frame="0" z_index="2" m_a="1.000000" m_b="0.000000" m_c="0.000000" m_d="1.000000" m_tx="-248.924728" m_ty="-245.545319"/>
  </frame>
  <frame idx="875" w="584" h="469" x="-54.924728" y="-135.045319">
   <element name="geartable01" layername="geartable" frame="0" z_index="2" m_a="1.000000" m_b="0.000000" m_c="0.000000" m_d="1.000000" m_tx="-248.924728" m_ty="-245.545319"/>
  </frame>
  <frame idx="900" w="584" h="469" x="-54.924728" y="-135.045319">
   <element name="geartable01" layername="geartable" frame="0" z_index="2" m_a="1.000000" m_b="0.000000" m_c="0.000000" m_d="1.000000" m_tx="-248.924728" m_ty="-245.545319"/>
  </frame>
  <frame idx="925" w="584" h="469" x="-54.924728" y="-135.045319">
   <element name="geartable01" layername="geartable" frame="0" z_index="2" m_a="1.000000" m_b="0.000000" m_c="0.000000" m_d="1.000000" m_tx="-248.924728" m_ty="-245.545319"/>
  </frame>
  <frame idx="950" w="584" h="469" x="-54.924728" y="-135.045319">
   <element name="geartable01" layername="geartable" frame="0" z_index="2" m_a="1.000000" m_b="0.000000" m_c="0.000000" m_d="1.000000" m_tx="-248.924728" m_ty="-245.545319"/>
  </frame>
  <frame idx="975" w="584" h="469" x="-54.924728" y="-135.045319">
   <element name="geartable01" layername="geartable" frame="0" z_index="2" m_a="1.000000" m_b="0.000000" m_c="0.000000" m_d="1.000000" m_tx="-248.924728" m_ty="-245.545319"/>
  </frame>
 </anim>
</Anims>
