<Anims>
 <anim name="idle" root="kinglychair2" numframes="1000" framerate="40">
  <frame idx="0" w="303" h="511" x="-1.254387" y="-155.140350">
   <element name="kingchair02" layername="kingchair" frame="0" z_index="2" m_a="1.000000" m_b="0.000000" m_c="0.000000" m_d="1.000000" m_tx="-101.754387" m_ty="-256.140350"/>
  </frame>
  <frame idx="25" w="303" h="511" x="-1.254387" y="-155.140350">
   <element name="kingchair02" layername="kingchair" frame="0" z_index="2" m_a="1.000000" m_b="0.000000" m_c="0.000000" m_d="1.000000" m_tx="-101.754387" m_ty="-256.140350"/>
  </frame>
  <frame idx="50" w="303" h="511" x="-1.254387" y="-155.140350">
   <element name="kingchair02" layername="kingchair" frame="0" z_index="2" m_a="1.000000" m_b="0.000000" m_c="0.000000" m_d="1.000000" m_tx="-101.754387" m_ty="-256.140350"/>
  </frame>
  <frame idx="75" w="303" h="511" x="-1.254387" y="-155.140350">
   <element name="kingchair02" layername="kingchair" frame="0" z_index="2" m_a="1.000000" m_b="0.000000" m_c="0.000000" m_d="1.000000" m_tx="-101.754387" m_ty="-256.140350"/>
  </frame>
  <frame idx="100" w="303" h="511" x="-1.254387" y="-155.140350">
   <element name="kingchair02" layername="kingchair" frame="0" z_index="2" m_a="1.000000" m_b="0.000000" m_c="0.000000" m_d="1.000000" m_tx="-101.754387" m_ty="-256.140350"/>
  </frame>
  <frame idx="125" w="303" h="511" x="-1.254387" y="-155.140350">
   <element name="kingchair02" layername="kingchair" frame="0" z_index="2" m_a="1.000000" m_b="0.000000" m_c="0.000000" m_d="1.000000" m_tx="-101.754387" m_ty="-256.140350"/>
  </frame>
  <frame idx="150" w="303" h="511" x="-1.254387" y="-155.140350">
   <element name="kingchair02" layername="kingchair" frame="0" z_index="2" m_a="1.000000" m_b="0.000000" m_c="0.000000" m_d="1.000000" m_tx="-101.754387" m_ty="-256.140350"/>
  </frame>
  <frame idx="175" w="303" h="511" x="-1.254387" y="-155.140350">
   <element name="kingchair02" layername="kingchair" frame="0" z_index="2" m_a="1.000000" m_b="0.000000" m_c="0.000000" m_d="1.000000" m_tx="-101.754387" m_ty="-256.140350"/>
  </frame>
  <frame idx="200" w="303" h="511" x="-1.254387" y="-155.140350">
   <element name="kingchair02" layername="kingchair" frame="0" z_index="2" m_a="1.000000" m_b="0.000000" m_c="0.000000" m_d="1.000000" m_tx="-101.754387" m_ty="-256.140350"/>
  </frame>
  <frame idx="225" w="303" h="511" x="-1.254387" y="-155.140350">
   <element name="kingchair02" layername="kingchair" frame="0" z_index="2" m_a="1.000000" m_b="0.000000" m_c="0.000000" m_d="1.000000" m_tx="-101.754387" m_ty="-256.140350"/>
  </frame>
  <frame idx="250" w="303" h="511" x="-1.254387" y="-155.140350">
   <element name="kingchair02" layername="kingchair" frame="0" z_index="2" m_a="1.000000" m_b="0.000000" m_c="0.000000" m_d="1.000000" m_tx="-101.754387" m_ty="-256.140350"/>
  </frame>
  <frame idx="275" w="303" h="511" x="-1.254387" y="-155.140350">
   <element name="kingchair02" layername="kingchair" frame="0" z_index="2" m_a="1.000000" m_b="0.000000" m_c="0.000000" m_d="1.000000" m_tx="-101.754387" m_ty="-256.140350"/>
  </frame>
  <frame idx="300" w="303" h="511" x="-1.254387" y="-155.140350">
   <element name="kingchair02" layername="kingchair" frame="0" z_index="2" m_a="1.000000" m_b="0.000000" m_c="0.000000" m_d="1.000000" m_tx="-101.754387" m_ty="-256.140350"/>
  </frame>
  <frame idx="325" w="303" h="511" x="-1.254387" y="-155.140350">
   <element name="kingchair02" layername="kingchair" frame="0" z_index="2" m_a="1.000000" m_b="0.000000" m_c="0.000000" m_d="1.000000" m_tx="-101.754387" m_ty="-256.140350"/>
  </frame>
  <frame idx="350" w="303" h="511" x="-1.254387" y="-155.140350">
   <element name="kingchair02" layername="kingchair" frame="0" z_index="2" m_a="1.000000" m_b="0.000000" m_c="0.000000" m_d="1.000000" m_tx="-101.754387" m_ty="-256.140350"/>
  </frame>
  <frame idx="375" w="303" h="511" x="-1.254387" y="-155.140350">
   <element name="kingchair02" layername="kingchair" frame="0" z_index="2" m_a="1.000000" m_b="0.000000" m_c="0.000000" m_d="1.000000" m_tx="-101.754387" m_ty="-256.140350"/>
  </frame>
  <frame idx="400" w="303" h="511" x="-1.254387" y="-155.140350">
   <element name="kingchair02" layername="kingchair" frame="0" z_index="2" m_a="1.000000" m_b="0.000000" m_c="0.000000" m_d="1.000000" m_tx="-101.754387" m_ty="-256.140350"/>
  </frame>
  <frame idx="425" w="303" h="511" x="-1.254387" y="-155.140350">
   <element name="kingchair02" layername="kingchair" frame="0" z_index="2" m_a="1.000000" m_b="0.000000" m_c="0.000000" m_d="1.000000" m_tx="-101.754387" m_ty="-256.140350"/>
  </frame>
  <frame idx="450" w="303" h="511" x="-1.254387" y="-155.140350">
   <element name="kingchair02" layername="kingchair" frame="0" z_index="2" m_a="1.000000" m_b="0.000000" m_c="0.000000" m_d="1.000000" m_tx="-101.754387" m_ty="-256.140350"/>
  </frame>
  <frame idx="475" w="303" h="511" x="-1.254387" y="-155.140350">
   <element name="kingchair02" layername="kingchair" frame="0" z_index="2" m_a="1.000000" m_b="0.000000" m_c="0.000000" m_d="1.000000" m_tx="-101.754387" m_ty="-256.140350"/>
  </frame>
  <frame idx="500" w="303" h="511" x="-1.254387" y="-155.140350">
   <element name="kingchair02" layername="kingchair" frame="0" z_index="2" m_a="1.000000" m_b="0.000000" m_c="0.000000" m_d="1.000000" m_tx="-101.754387" m_ty="-256.140350"/>
  </frame>
  <frame idx="525" w="303" h="511" x="-1.254387" y="-155.140350">
   <element name="kingchair02" layername="kingchair" frame="0" z_index="2" m_a="1.000000" m_b="0.000000" m_c="0.000000" m_d="1.000000" m_tx="-101.754387" m_ty="-256.140350"/>
  </frame>
  <frame idx="550" w="303" h="511" x="-1.254387" y="-155.140350">
   <element name="kingchair02" layername="kingchair" frame="0" z_index="2" m_a="1.000000" m_b="0.000000" m_c="0.000000" m_d="1.000000" m_tx="-101.754387" m_ty="-256.140350"/>
  </frame>
  <frame idx="575" w="303" h="511" x="-1.254387" y="-155.140350">
   <element name="kingchair02" layername="kingchair" frame="0" z_index="2" m_a="1.000000" m_b="0.000000" m_c="0.000000" m_d="1.000000" m_tx="-101.754387" m_ty="-256.140350"/>
  </frame>
  <frame idx="600" w="303" h="511" x="-1.254387" y="-155.140350">
   <element name="kingchair02" layername="kingchair" frame="0" z_index="2" m_a="1.000000" m_b="0.000000" m_c="0.000000" m_d="1.000000" m_tx="-101.754387" m_ty="-256.140350"/>
  </frame>
  <frame idx="625" w="303" h="511" x="-1.254387" y="-155.140350">
   <element name="kingchair02" layername="kingchair" frame="0" z_index="2" m_a="1.000000" m_b="0.000000" m_c="0.000000" m_d="1.000000" m_tx="-101.754387" m_ty="-256.140350"/>
  </frame>
  <frame idx="650" w="303" h="511" x="-1.254387" y="-155.140350">
   <element name="kingchair02" layername="kingchair" frame="0" z_index="2" m_a="1.000000" m_b="0.000000" m_c="0.000000" m_d="1.000000" m_tx="-101.754387" m_ty="-256.140350"/>
  </frame>
  <frame idx="675" w="303" h="511" x="-1.254387" y="-155.140350">
   <element name="kingchair02" layername="kingchair" frame="0" z_index="2" m_a="1.000000" m_b="0.000000" m_c="0.000000" m_d="1.000000" m_tx="-101.754387" m_ty="-256.140350"/>
  </frame>
  <frame idx="700" w="303" h="511" x="-1.254387" y="-155.140350">
   <element name="kingchair02" layername="kingchair" frame="0" z_index="2" m_a="1.000000" m_b="0.000000" m_c="0.000000" m_d="1.000000" m_tx="-101.754387" m_ty="-256.140350"/>
  </frame>
  <frame idx="725" w="303" h="511" x="-1.254387" y="-155.140350">
   <element name="kingchair02" layername="kingchair" frame="0" z_index="2" m_a="1.000000" m_b="0.000000" m_c="0.000000" m_d="1.000000" m_tx="-101.754387" m_ty="-256.140350"/>
  </frame>
  <frame idx="750" w="303" h="511" x="-1.254387" y="-155.140350">
   <element name="kingchair02" layername="kingchair" frame="0" z_index="2" m_a="1.000000" m_b="0.000000" m_c="0.000000" m_d="1.000000" m_tx="-101.754387" m_ty="-256.140350"/>
  </frame>
  <frame idx="775" w="303" h="511" x="-1.254387" y="-155.140350">
   <element name="kingchair02" layername="kingchair" frame="0" z_index="2" m_a="1.000000" m_b="0.000000" m_c="0.000000" m_d="1.000000" m_tx="-101.754387" m_ty="-256.140350"/>
  </frame>
  <frame idx="800" w="303" h="511" x="-1.254387" y="-155.140350">
   <element name="kingchair02" layername="kingchair" frame="0" z_index="2" m_a="1.000000" m_b="0.000000" m_c="0.000000" m_d="1.000000" m_tx="-101.754387" m_ty="-256.140350"/>
  </frame>
  <frame idx="825" w="303" h="511" x="-1.254387" y="-155.140350">
   <element name="kingchair02" layername="kingchair" frame="0" z_index="2" m_a="1.000000" m_b="0.000000" m_c="0.000000" m_d="1.000000" m_tx="-101.754387" m_ty="-256.140350"/>
  </frame>
  <frame idx="850" w="303" h="511" x="-1.254387" y="-155.140350">
   <element name="kingchair02" layername="kingchair" frame="0" z_index="2" m_a="1.000000" m_b="0.000000" m_c="0.000000" m_d="1.000000" m_tx="-101.754387" m_ty="-256.140350"/>
  </frame>
  <frame idx="875" w="303" h="511" x="-1.254387" y="-155.140350">
   <element name="kingchair02" layername="kingchair" frame="0" z_index="2" m_a="1.000000" m_b="0.000000" m_c="0.000000" m_d="1.000000" m_tx="-101.754387" m_ty="-256.140350"/>
  </frame>
  <frame idx="900" w="303" h="511" x="-1.254387" y="-155.140350">
   <element name="kingchair02" layername="kingchair" frame="0" z_index="2" m_a="1.000000" m_b="0.000000" m_c="0.000000" m_d="1.000000" m_tx="-101.754387" m_ty="-256.140350"/>
  </frame>
  <frame idx="925" w="303" h="511" x="-1.254387" y="-155.140350">
   <element name="kingchair02" layername="kingchair" frame="0" z_index="2" m_a="1.000000" m_b="0.000000" m_c="0.000000" m_d="1.000000" m_tx="-101.754387" m_ty="-256.140350"/>
  </frame>
  <frame idx="950" w="303" h="511" x="-1.254387" y="-155.140350">
   <element name="kingchair02" layername="kingchair" frame="0" z_index="2" m_a="1.000000" m_b="0.000000" m_c="0.000000" m_d="1.000000" m_tx="-101.754387" m_ty="-256.140350"/>
  </frame>
  <frame idx="975" w="303" h="511" x="-1.254387" y="-155.140350">
   <element name="kingchair02" layername="kingchair" frame="0" z_index="2" m_a="1.000000" m_b="0.000000" m_c="0.000000" m_d="1.000000" m_tx="-101.754387" m_ty="-256.140350"/>
  </frame>
 </anim>
 <anim name="hit" root="kinglychair2" numframes="1000" framerate="40">
  <frame idx="0" w="303" h="511" x="-1.254387" y="-155.140350">
   <element name="kingchair02" layername="kingchair" frame="0" z_index="2" m_a="1.000000" m_b="0.000000" m_c="0.000000" m_d="1.000000" m_tx="-101.754387" m_ty="-256.140350"/>
  </frame>
  <frame idx="25" w="316" h="463" x="-4.319275" y="-138.470535">
   <element name="kingchair02" layername="kingchair" frame="0" z_index="2" m_a="1.041100" m_b="0.000000" m_c="0.000000" m_d="0.912320" m_tx="-108.997849" m_ty="-230.844574"/>
  </frame>
  <frame idx="50" w="328" h="415" x="-7.384163" y="-121.800713">
   <element name="kingchair02" layername="kingchair" frame="0" z_index="2" m_a="1.082200" m_b="0.000000" m_c="0.000000" m_d="0.824639" m_tx="-116.241310" m_ty="-205.548782"/>
  </frame>
  <frame idx="75" w="341" h="366" x="-10.449045" y="-104.630898">
   <element name="kingchair02" layername="kingchair" frame="0" z_index="2" m_a="1.123299" m_b="0.000000" m_c="0.000000" m_d="0.736959" m_tx="-123.484764" m_ty="-180.253006"/>
  </frame>
  <frame idx="100" w="353" h="318" x="-13.513933" y="-87.961090">
   <element name="kingchair02" layername="kingchair" frame="0" z_index="2" m_a="1.164399" m_b="0.000000" m_c="0.000000" m_d="0.649279" m_tx="-130.728226" m_ty="-154.957230"/>
  </frame>
  <frame idx="125" w="354" h="312" x="-13.793352" y="-85.746613">
   <element name="kingchair02" layername="kingchair" frame="0" z_index="2" m_a="1.169961" m_b="0.000000" m_c="0.000000" m_d="0.637414" m_tx="-131.708405" m_ty="-151.534225"/>
  </frame>
  <frame idx="150" w="345" h="351" x="-11.638517" y="-99.400444">
   <element name="kingchair02" layername="kingchair" frame="0" z_index="2" m_a="1.137023" m_b="0.000000" m_c="0.000000" m_d="0.707683" m_tx="-125.903366" m_ty="-171.806732"/>
  </frame>
  <frame idx="175" w="335" h="389" x="-8.983673" y="-112.554268">
   <element name="kingchair02" layername="kingchair" frame="0" z_index="2" m_a="1.104084" m_b="0.000000" m_c="0.000000" m_d="0.777951" m_tx="-120.098320" m_ty="-192.079239"/>
  </frame>
  <frame idx="200" w="324" h="428" x="-6.328838" y="-126.208076">
   <element name="kingchair02" layername="kingchair" frame="0" z_index="2" m_a="1.071146" m_b="0.000000" m_c="0.000000" m_d="0.848220" m_tx="-114.293282" m_ty="-212.351730"/>
  </frame>
  <frame idx="225" w="315" h="466" x="-4.173996" y="-139.361923">
   <element name="kingchair02" layername="kingchair" frame="0" z_index="2" m_a="1.038208" m_b="0.000000" m_c="0.000000" m_d="0.918488" m_tx="-108.488235" m_ty="-232.624252"/>
  </frame>
  <frame idx="250" w="305" h="505" x="-1.519154" y="-153.015747">
   <element name="kingchair02" layername="kingchair" frame="0" z_index="2" m_a="1.005270" m_b="0.000000" m_c="0.000000" m_d="0.988757" m_tx="-102.683189" m_ty="-252.896759"/>
  </frame>
  <frame idx="275" w="303" h="511" x="-1.254387" y="-155.140350">
   <element name="kingchair02" layername="kingchair" frame="0" z_index="2" m_a="1.000000" m_b="0.000000" m_c="0.000000" m_d="1.000000" m_tx="-101.754387" m_ty="-256.140350"/>
  </frame>
  <frame idx="300" w="303" h="511" x="-1.254387" y="-155.140350">
   <element name="kingchair02" layername="kingchair" frame="0" z_index="2" m_a="1.000000" m_b="0.000000" m_c="0.000000" m_d="1.000000" m_tx="-101.754387" m_ty="-256.140350"/>
  </frame>
  <frame idx="325" w="303" h="511" x="-1.254387" y="-155.140350">
   <element name="kingchair02" layername="kingchair" frame="0" z_index="2" m_a="1.000000" m_b="0.000000" m_c="0.000000" m_d="1.000000" m_tx="-101.754387" m_ty="-256.140350"/>
  </frame>
  <frame idx="350" w="303" h="511" x="-1.254387" y="-155.140350">
   <element name="kingchair02" layername="kingchair" frame="0" z_index="2" m_a="1.000000" m_b="0.000000" m_c="0.000000" m_d="1.000000" m_tx="-101.754387" m_ty="-256.140350"/>
  </frame>
  <frame idx="375" w="303" h="511" x="-1.254387" y="-155.140350">
   <element name="kingchair02" layername="kingchair" frame="0" z_index="2" m_a="1.000000" m_b="0.000000" m_c="0.000000" m_d="1.000000" m_tx="-101.754387" m_ty="-256.140350"/>
  </frame>
  <frame idx="400" w="303" h="511" x="-1.254387" y="-155.140350">
   <element name="kingchair02" layername="kingchair" frame="0" z_index="2" m_a="1.000000" m_b="0.000000" m_c="0.000000" m_d="1.000000" m_tx="-101.754387" m_ty="-256.140350"/>
  </frame>
  <frame idx="425" w="303" h="511" x="-1.254387" y="-155.140350">
   <element name="kingchair02" layername="kingchair" frame="0" z_index="2" m_a="1.000000" m_b="0.000000" m_c="0.000000" m_d="1.000000" m_tx="-101.754387" m_ty="-256.140350"/>
  </frame>
  <frame idx="450" w="303" h="511" x="-1.254387" y="-155.140350">
   <element name="kingchair02" layername="kingchair" frame="0" z_index="2" m_a="1.000000" m_b="0.000000" m_c="0.000000" m_d="1.000000" m_tx="-101.754387" m_ty="-256.140350"/>
  </frame>
  <frame idx="475" w="303" h="511" x="-1.254387" y="-155.140350">
   <element name="kingchair02" layername="kingchair" frame="0" z_index="2" m_a="1.000000" m_b="0.000000" m_c="0.000000" m_d="1.000000" m_tx="-101.754387" m_ty="-256.140350"/>
  </frame>
  <frame idx="500" w="303" h="511" x="-1.254387" y="-155.140350">
   <element name="kingchair02" layername="kingchair" frame="0" z_index="2" m_a="1.000000" m_b="0.000000" m_c="0.000000" m_d="1.000000" m_tx="-101.754387" m_ty="-256.140350"/>
  </frame>
  <frame idx="525" w="303" h="511" x="-1.254387" y="-155.140350">
   <element name="kingchair02" layername="kingchair" frame="0" z_index="2" m_a="1.000000" m_b="0.000000" m_c="0.000000" m_d="1.000000" m_tx="-101.754387" m_ty="-256.140350"/>
  </frame>
  <frame idx="550" w="303" h="511" x="-1.254387" y="-155.140350">
   <element name="kingchair02" layername="kingchair" frame="0" z_index="2" m_a="1.000000" m_b="0.000000" m_c="0.000000" m_d="1.000000" m_tx="-101.754387" m_ty="-256.140350"/>
  </frame>
  <frame idx="575" w="303" h="511" x="-1.254387" y="-155.140350">
   <element name="kingchair02" layername="kingchair" frame="0" z_index="2" m_a="1.000000" m_b="0.000000" m_c="0.000000" m_d="1.000000" m_tx="-101.754387" m_ty="-256.140350"/>
  </frame>
  <frame idx="600" w="303" h="511" x="-1.254387" y="-155.140350">
   <element name="kingchair02" layername="kingchair" frame="0" z_index="2" m_a="1.000000" m_b="0.000000" m_c="0.000000" m_d="1.000000" m_tx="-101.754387" m_ty="-256.140350"/>
  </frame>
  <frame idx="625" w="303" h="511" x="-1.254387" y="-155.140350">
   <element name="kingchair02" layername="kingchair" frame="0" z_index="2" m_a="1.000000" m_b="0.000000" m_c="0.000000" m_d="1.000000" m_tx="-101.754387" m_ty="-256.140350"/>
  </frame>
  <frame idx="650" w="303" h="511" x="-1.254387" y="-155.140350">
   <element name="kingchair02" layername="kingchair" frame="0" z_index="2" m_a="1.000000" m_b="0.000000" m_c="0.000000" m_d="1.000000" m_tx="-101.754387" m_ty="-256.140350"/>
  </frame>
  <frame idx="675" w="303" h="511" x="-1.254387" y="-155.140350">
   <element name="kingchair02" layername="kingchair" frame="0" z_index="2" m_a="1.000000" m_b="0.000000" m_c="0.000000" m_d="1.000000" m_tx="-101.754387" m_ty="-256.140350"/>
  </frame>
  <frame idx="700" w="303" h="511" x="-1.254387" y="-155.140350">
   <element name="kingchair02" layername="kingchair" frame="0" z_index="2" m_a="1.000000" m_b="0.000000" m_c="0.000000" m_d="1.000000" m_tx="-101.754387" m_ty="-256.140350"/>
  </frame>
  <frame idx="725" w="303" h="511" x="-1.254387" y="-155.140350">
   <element name="kingchair02" layername="kingchair" frame="0" z_index="2" m_a="1.000000" m_b="0.000000" m_c="0.000000" m_d="1.000000" m_tx="-101.754387" m_ty="-256.140350"/>
  </frame>
  <frame idx="750" w="303" h="511" x="-1.254387" y="-155.140350">
   <element name="kingchair02" layername="kingchair" frame="0" z_index="2" m_a="1.000000" m_b="0.000000" m_c="0.000000" m_d="1.000000" m_tx="-101.754387" m_ty="-256.140350"/>
  </frame>
  <frame idx="775" w="303" h="511" x="-1.254387" y="-155.140350">
   <element name="kingchair02" layername="kingchair" frame="0" z_index="2" m_a="1.000000" m_b="0.000000" m_c="0.000000" m_d="1.000000" m_tx="-101.754387" m_ty="-256.140350"/>
  </frame>
  <frame idx="800" w="303" h="511" x="-1.254387" y="-155.140350">
   <element name="kingchair02" layername="kingchair" frame="0" z_index="2" m_a="1.000000" m_b="0.000000" m_c="0.000000" m_d="1.000000" m_tx="-101.754387" m_ty="-256.140350"/>
  </frame>
  <frame idx="825" w="303" h="511" x="-1.254387" y="-155.140350">
   <element name="kingchair02" layername="kingchair" frame="0" z_index="2" m_a="1.000000" m_b="0.000000" m_c="0.000000" m_d="1.000000" m_tx="-101.754387" m_ty="-256.140350"/>
  </frame>
  <frame idx="850" w="303" h="511" x="-1.254387" y="-155.140350">
   <element name="kingchair02" layername="kingchair" frame="0" z_index="2" m_a="1.000000" m_b="0.000000" m_c="0.000000" m_d="1.000000" m_tx="-101.754387" m_ty="-256.140350"/>
  </frame>
  <frame idx="875" w="303" h="511" x="-1.254387" y="-155.140350">
   <element name="kingchair02" layername="kingchair" frame="0" z_index="2" m_a="1.000000" m_b="0.000000" m_c="0.000000" m_d="1.000000" m_tx="-101.754387" m_ty="-256.140350"/>
  </frame>
  <frame idx="900" w="303" h="511" x="-1.254387" y="-155.140350">
   <element name="kingchair02" layername="kingchair" frame="0" z_index="2" m_a="1.000000" m_b="0.000000" m_c="0.000000" m_d="1.000000" m_tx="-101.754387" m_ty="-256.140350"/>
  </frame>
  <frame idx="925" w="303" h="511" x="-1.254387" y="-155.140350">
   <element name="kingchair02" layername="kingchair" frame="0" z_index="2" m_a="1.000000" m_b="0.000000" m_c="0.000000" m_d="1.000000" m_tx="-101.754387" m_ty="-256.140350"/>
  </frame>
  <frame idx="950" w="303" h="511" x="-1.254387" y="-155.140350">
   <element name="kingchair02" layername="kingchair" frame="0" z_index="2" m_a="1.000000" m_b="0.000000" m_c="0.000000" m_d="1.000000" m_tx="-101.754387" m_ty="-256.140350"/>
  </frame>
  <frame idx="975" w="303" h="511" x="-1.254387" y="-155.140350">
   <element name="kingchair02" layername="kingchair" frame="0" z_index="2" m_a="1.000000" m_b="0.000000" m_c="0.000000" m_d="1.000000" m_tx="-101.754387" m_ty="-256.140350"/>
  </frame>
 </anim>
</Anims>
