<Anims>
 <anim name="idle" root="balloonarch" numframes="1000" framerate="40">
  <frame idx="0" w="921" h="1079" x="-79.798065" y="-360.677856">
   <element name="bloonarch01" layername="arch" frame="0" z_index="2" m_a="1.000000" m_b="0.000000" m_c="0.000000" m_d="1.000000" m_tx="-386.298065" m_ty="-586.177856"/>
  </frame>
  <frame idx="25" w="921" h="1084" x="-79.798065" y="-362.274231">
   <element name="bloonarch01" layername="arch" frame="0" z_index="2" m_a="1.000000" m_b="0.000000" m_c="0.000000" m_d="1.003469" m_tx="-386.298065" m_ty="-588.368835"/>
  </frame>
  <frame idx="50" w="921" h="1088" x="-79.798065" y="-363.870514">
   <element name="bloonarch01" layername="arch" frame="0" z_index="2" m_a="1.000000" m_b="0.000000" m_c="0.000000" m_d="1.006939" m_tx="-386.298065" m_ty="-590.559753"/>
  </frame>
  <frame idx="75" w="921" h="1091" x="-79.798065" y="-364.966888">
   <element name="bloonarch01" layername="arch" frame="0" z_index="2" m_a="1.000000" m_b="0.000000" m_c="0.000000" m_d="1.010408" m_tx="-386.298065" m_ty="-592.750732"/>
  </frame>
  <frame idx="100" w="921" h="1096" x="-79.798065" y="-366.563232">
   <element name="bloonarch01" layername="arch" frame="0" z_index="2" m_a="1.000000" m_b="0.000000" m_c="0.000000" m_d="1.013878" m_tx="-386.298065" m_ty="-594.941650"/>
  </frame>
  <frame idx="125" w="921" h="1100" x="-79.798065" y="-368.159576">
   <element name="bloonarch01" layername="arch" frame="0" z_index="2" m_a="1.000000" m_b="0.000000" m_c="0.000000" m_d="1.017347" m_tx="-386.298065" m_ty="-597.132629"/>
  </frame>
  <frame idx="150" w="921" h="1103" x="-79.798065" y="-369.255890">
   <element name="bloonarch01" layername="arch" frame="0" z_index="2" m_a="1.000000" m_b="0.000000" m_c="0.000000" m_d="1.020817" m_tx="-386.298065" m_ty="-599.323547"/>
  </frame>
  <frame idx="175" w="921" h="1107" x="-79.798065" y="-370.852234">
   <element name="bloonarch01" layername="arch" frame="0" z_index="2" m_a="1.000000" m_b="0.000000" m_c="0.000000" m_d="1.024286" m_tx="-386.298065" m_ty="-601.514526"/>
  </frame>
  <frame idx="200" w="921" h="1112" x="-79.798065" y="-372.448608">
   <element name="bloonarch01" layername="arch" frame="0" z_index="2" m_a="1.000000" m_b="0.000000" m_c="0.000000" m_d="1.027756" m_tx="-386.298065" m_ty="-603.705505"/>
  </frame>
  <frame idx="225" w="921" h="1115" x="-79.798065" y="-373.544922">
   <element name="bloonarch01" layername="arch" frame="0" z_index="2" m_a="1.000000" m_b="0.000000" m_c="0.000000" m_d="1.031225" m_tx="-386.298065" m_ty="-605.896423"/>
  </frame>
  <frame idx="250" w="921" h="1119" x="-79.798065" y="-375.141296">
   <element name="bloonarch01" layername="arch" frame="0" z_index="2" m_a="1.000000" m_b="0.000000" m_c="0.000000" m_d="1.034694" m_tx="-386.298065" m_ty="-608.087402"/>
  </frame>
  <frame idx="275" w="921" h="1124" x="-79.798065" y="-376.737610">
   <element name="bloonarch01" layername="arch" frame="0" z_index="2" m_a="1.000000" m_b="0.000000" m_c="0.000000" m_d="1.038164" m_tx="-386.298065" m_ty="-610.278320"/>
  </frame>
  <frame idx="300" w="921" h="1127" x="-79.798065" y="-377.833984">
   <element name="bloonarch01" layername="arch" frame="0" z_index="2" m_a="1.000000" m_b="0.000000" m_c="0.000000" m_d="1.041633" m_tx="-386.298065" m_ty="-612.469299"/>
  </frame>
  <frame idx="325" w="921" h="1131" x="-79.798065" y="-379.430328">
   <element name="bloonarch01" layername="arch" frame="0" z_index="2" m_a="1.000000" m_b="0.000000" m_c="0.000000" m_d="1.045103" m_tx="-386.298065" m_ty="-614.660278"/>
  </frame>
  <frame idx="350" w="921" h="1134" x="-79.798065" y="-380.526642">
   <element name="bloonarch01" layername="arch" frame="0" z_index="2" m_a="1.000000" m_b="0.000000" m_c="0.000000" m_d="1.048572" m_tx="-386.298065" m_ty="-616.851196"/>
  </frame>
  <frame idx="375" w="921" h="1139" x="-79.798065" y="-382.122986">
   <element name="bloonarch01" layername="arch" frame="0" z_index="2" m_a="1.000000" m_b="0.000000" m_c="0.000000" m_d="1.052042" m_tx="-386.298065" m_ty="-619.042175"/>
  </frame>
  <frame idx="400" w="921" h="1143" x="-79.798065" y="-383.719330">
   <element name="bloonarch01" layername="arch" frame="0" z_index="2" m_a="1.000000" m_b="0.000000" m_c="0.000000" m_d="1.055511" m_tx="-386.298065" m_ty="-621.233093"/>
  </frame>
  <frame idx="425" w="921" h="1146" x="-79.798065" y="-384.815704">
   <element name="bloonarch01" layername="arch" frame="0" z_index="2" m_a="1.000000" m_b="0.000000" m_c="0.000000" m_d="1.058981" m_tx="-386.298065" m_ty="-623.424072"/>
  </frame>
  <frame idx="450" w="921" h="1151" x="-79.798065" y="-386.411987">
   <element name="bloonarch01" layername="arch" frame="0" z_index="2" m_a="1.000000" m_b="0.000000" m_c="0.000000" m_d="1.062450" m_tx="-386.298065" m_ty="-625.614990"/>
  </frame>
  <frame idx="475" w="921" h="1155" x="-79.798065" y="-388.008362">
   <element name="bloonarch01" layername="arch" frame="0" z_index="2" m_a="1.000000" m_b="0.000000" m_c="0.000000" m_d="1.065920" m_tx="-386.298065" m_ty="-627.805969"/>
  </frame>
  <frame idx="500" w="921" h="1158" x="-79.798065" y="-389.104736">
   <element name="bloonarch01" layername="arch" frame="0" z_index="2" m_a="1.000000" m_b="0.000000" m_c="0.000000" m_d="1.069389" m_tx="-386.298065" m_ty="-629.996948"/>
  </frame>
  <frame idx="525" w="921" h="1162" x="-79.798065" y="-390.701019">
   <element name="bloonarch01" layername="arch" frame="0" z_index="2" m_a="1.000000" m_b="0.000000" m_c="0.000000" m_d="1.072858" m_tx="-386.298065" m_ty="-632.187866"/>
  </frame>
  <frame idx="550" w="921" h="1167" x="-79.798065" y="-392.297394">
   <element name="bloonarch01" layername="arch" frame="0" z_index="2" m_a="1.000000" m_b="0.000000" m_c="0.000000" m_d="1.076328" m_tx="-386.298065" m_ty="-634.378845"/>
  </frame>
  <frame idx="575" w="921" h="1170" x="-79.798065" y="-393.393738">
   <element name="bloonarch01" layername="arch" frame="0" z_index="2" m_a="1.000000" m_b="0.000000" m_c="0.000000" m_d="1.079797" m_tx="-386.298065" m_ty="-636.569763"/>
  </frame>
  <frame idx="600" w="921" h="1174" x="-79.798065" y="-394.990082">
   <element name="bloonarch01" layername="arch" frame="0" z_index="2" m_a="1.000000" m_b="0.000000" m_c="0.000000" m_d="1.083267" m_tx="-386.298065" m_ty="-638.760742"/>
  </frame>
  <frame idx="625" w="921" h="1179" x="-79.798065" y="-396.586395">
   <element name="bloonarch01" layername="arch" frame="0" z_index="2" m_a="1.000000" m_b="0.000000" m_c="0.000000" m_d="1.086736" m_tx="-386.298065" m_ty="-640.951660"/>
  </frame>
  <frame idx="650" w="921" h="1182" x="-79.798065" y="-397.682739">
   <element name="bloonarch01" layername="arch" frame="0" z_index="2" m_a="1.000000" m_b="0.000000" m_c="0.000000" m_d="1.090206" m_tx="-386.298065" m_ty="-643.142639"/>
  </frame>
  <frame idx="675" w="921" h="1186" x="-79.798065" y="-399.279114">
   <element name="bloonarch01" layername="arch" frame="0" z_index="2" m_a="1.000000" m_b="0.000000" m_c="0.000000" m_d="1.093675" m_tx="-386.298065" m_ty="-645.333618"/>
  </frame>
  <frame idx="700" w="921" h="1190" x="-79.798065" y="-400.875427">
   <element name="bloonarch01" layername="arch" frame="0" z_index="2" m_a="1.000000" m_b="0.000000" m_c="0.000000" m_d="1.097145" m_tx="-386.298065" m_ty="-647.524536"/>
  </frame>
  <frame idx="725" w="921" h="1194" x="-79.798065" y="-401.971802">
   <element name="bloonarch01" layername="arch" frame="0" z_index="2" m_a="1.000000" m_b="0.000000" m_c="0.000000" m_d="1.100614" m_tx="-386.298065" m_ty="-649.715515"/>
  </frame>
  <frame idx="750" w="921" h="1198" x="-79.798065" y="-403.568115">
   <element name="bloonarch01" layername="arch" frame="0" z_index="2" m_a="1.000000" m_b="0.000000" m_c="0.000000" m_d="1.104083" m_tx="-386.298065" m_ty="-651.906433"/>
  </frame>
  <frame idx="775" w="921" h="1202" x="-79.798065" y="-405.164490">
   <element name="bloonarch01" layername="arch" frame="0" z_index="2" m_a="1.000000" m_b="0.000000" m_c="0.000000" m_d="1.107553" m_tx="-386.298065" m_ty="-654.097412"/>
  </frame>
  <frame idx="800" w="921" h="1206" x="-79.798065" y="-406.260834">
   <element name="bloonarch01" layername="arch" frame="0" z_index="2" m_a="1.000000" m_b="0.000000" m_c="0.000000" m_d="1.111022" m_tx="-386.298065" m_ty="-656.288391"/>
  </frame>
  <frame idx="825" w="921" h="1210" x="-79.798065" y="-407.857147">
   <element name="bloonarch01" layername="arch" frame="0" z_index="2" m_a="1.000000" m_b="0.000000" m_c="0.000000" m_d="1.114492" m_tx="-386.298065" m_ty="-658.479309"/>
  </frame>
  <frame idx="850" w="921" h="1214" x="-79.798065" y="-409.453491">
   <element name="bloonarch01" layername="arch" frame="0" z_index="2" m_a="1.000000" m_b="0.000000" m_c="0.000000" m_d="1.117961" m_tx="-386.298065" m_ty="-660.670288"/>
  </frame>
  <frame idx="875" w="921" h="1217" x="-79.798065" y="-410.549835">
   <element name="bloonarch01" layername="arch" frame="0" z_index="2" m_a="1.000000" m_b="0.000000" m_c="0.000000" m_d="1.121431" m_tx="-386.298065" m_ty="-662.861206"/>
  </frame>
  <frame idx="900" w="921" h="1222" x="-79.798065" y="-412.146210">
   <element name="bloonarch01" layername="arch" frame="0" z_index="2" m_a="1.000000" m_b="0.000000" m_c="0.000000" m_d="1.124900" m_tx="-386.298065" m_ty="-665.052185"/>
  </frame>
  <frame idx="925" w="921" h="1226" x="-79.798065" y="-413.742493">
   <element name="bloonarch01" layername="arch" frame="0" z_index="2" m_a="1.000000" m_b="0.000000" m_c="0.000000" m_d="1.128370" m_tx="-386.298065" m_ty="-667.243103"/>
  </frame>
  <frame idx="950" w="921" h="1229" x="-79.798065" y="-414.838867">
   <element name="bloonarch01" layername="arch" frame="0" z_index="2" m_a="1.000000" m_b="0.000000" m_c="0.000000" m_d="1.131839" m_tx="-386.298065" m_ty="-669.434082"/>
  </frame>
  <frame idx="975" w="921" h="1155" x="-79.798065" y="-388.008362">
   <element name="bloonarch01" layername="arch" frame="0" z_index="2" m_a="1.000000" m_b="0.000000" m_c="0.000000" m_d="1.065920" m_tx="-386.298065" m_ty="-627.805969"/>
  </frame>
 </anim>
 <anim name="hit" root="balloonarch" numframes="1000" framerate="40">
  <frame idx="0" w="921" h="1229" x="-79.798065" y="-414.838867">
   <element name="bloonarch01" layername="arch" frame="0" z_index="2" m_a="1.000000" m_b="0.000000" m_c="0.000000" m_d="1.131839" m_tx="-386.298065" m_ty="-669.434082"/>
  </frame>
  <frame idx="25" w="907" h="1230" x="-84.844551" y="-408.453552">
   <element name="bloonarch01" layername="arch" frame="0" z_index="2" m_a="0.999859" m_b="0.016781" m_c="-0.018994" m_d="1.131680" m_tx="-386.298065" m_ty="-669.434082"/>
  </frame>
  <frame idx="50" w="933" h="1229" x="-76.223480" y="-419.815704">
   <element name="bloonarch01" layername="arch" frame="0" z_index="2" m_a="0.999917" m_b="-0.012900" m_c="0.014601" m_d="1.131745" m_tx="-386.298065" m_ty="-669.434082"/>
  </frame>
  <frame idx="75" w="913" h="1229" x="-82.839272" y="-411.073212">
   <element name="bloonarch01" layername="arch" frame="0" z_index="2" m_a="0.999951" m_b="0.009864" m_c="-0.011165" m_d="1.131784" m_tx="-386.298065" m_ty="-669.434082"/>
  </frame>
  <frame idx="100" w="933" h="1229" x="-76.274879" y="-419.759064">
   <element name="bloonarch01" layername="arch" frame="0" z_index="2" m_a="0.999919" m_b="-0.012754" m_c="0.014435" m_d="1.131747" m_tx="-386.298065" m_ty="-669.434082"/>
  </frame>
  <frame idx="125" w="921" h="1229" x="-79.798065" y="-414.838867">
   <element name="bloonarch01" layername="arch" frame="0" z_index="2" m_a="1.000000" m_b="0.000000" m_c="0.000000" m_d="1.131839" m_tx="-386.298065" m_ty="-669.434082"/>
  </frame>
  <frame idx="150" w="921" h="1229" x="-79.798065" y="-414.838867">
   <element name="bloonarch01" layername="arch" frame="0" z_index="2" m_a="1.000000" m_b="0.000000" m_c="0.000000" m_d="1.131839" m_tx="-386.298065" m_ty="-669.434082"/>
  </frame>
  <frame idx="175" w="921" h="1229" x="-79.798065" y="-414.838867">
   <element name="bloonarch01" layername="arch" frame="0" z_index="2" m_a="1.000000" m_b="0.000000" m_c="0.000000" m_d="1.131839" m_tx="-386.298065" m_ty="-669.434082"/>
  </frame>
  <frame idx="200" w="921" h="1229" x="-79.798065" y="-414.838867">
   <element name="bloonarch01" layername="arch" frame="0" z_index="2" m_a="1.000000" m_b="0.000000" m_c="0.000000" m_d="1.131839" m_tx="-386.298065" m_ty="-669.434082"/>
  </frame>
  <frame idx="225" w="921" h="1229" x="-79.798065" y="-414.838867">
   <element name="bloonarch01" layername="arch" frame="0" z_index="2" m_a="1.000000" m_b="0.000000" m_c="0.000000" m_d="1.131839" m_tx="-386.298065" m_ty="-669.434082"/>
  </frame>
  <frame idx="250" w="921" h="1229" x="-79.798065" y="-414.838867">
   <element name="bloonarch01" layername="arch" frame="0" z_index="2" m_a="1.000000" m_b="0.000000" m_c="0.000000" m_d="1.131839" m_tx="-386.298065" m_ty="-669.434082"/>
  </frame>
  <frame idx="275" w="921" h="1229" x="-79.798065" y="-414.838867">
   <element name="bloonarch01" layername="arch" frame="0" z_index="2" m_a="1.000000" m_b="0.000000" m_c="0.000000" m_d="1.131839" m_tx="-386.298065" m_ty="-669.434082"/>
  </frame>
  <frame idx="300" w="921" h="1229" x="-79.798065" y="-414.838867">
   <element name="bloonarch01" layername="arch" frame="0" z_index="2" m_a="1.000000" m_b="0.000000" m_c="0.000000" m_d="1.131839" m_tx="-386.298065" m_ty="-669.434082"/>
  </frame>
  <frame idx="325" w="921" h="1229" x="-79.798065" y="-414.838867">
   <element name="bloonarch01" layername="arch" frame="0" z_index="2" m_a="1.000000" m_b="0.000000" m_c="0.000000" m_d="1.131839" m_tx="-386.298065" m_ty="-669.434082"/>
  </frame>
  <frame idx="350" w="921" h="1229" x="-79.798065" y="-414.838867">
   <element name="bloonarch01" layername="arch" frame="0" z_index="2" m_a="1.000000" m_b="0.000000" m_c="0.000000" m_d="1.131839" m_tx="-386.298065" m_ty="-669.434082"/>
  </frame>
  <frame idx="375" w="921" h="1229" x="-79.798065" y="-414.838867">
   <element name="bloonarch01" layername="arch" frame="0" z_index="2" m_a="1.000000" m_b="0.000000" m_c="0.000000" m_d="1.131839" m_tx="-386.298065" m_ty="-669.434082"/>
  </frame>
  <frame idx="400" w="921" h="1229" x="-79.798065" y="-414.838867">
   <element name="bloonarch01" layername="arch" frame="0" z_index="2" m_a="1.000000" m_b="0.000000" m_c="0.000000" m_d="1.131839" m_tx="-386.298065" m_ty="-669.434082"/>
  </frame>
  <frame idx="425" w="921" h="1229" x="-79.798065" y="-414.838867">
   <element name="bloonarch01" layername="arch" frame="0" z_index="2" m_a="1.000000" m_b="0.000000" m_c="0.000000" m_d="1.131839" m_tx="-386.298065" m_ty="-669.434082"/>
  </frame>
  <frame idx="450" w="921" h="1229" x="-79.798065" y="-414.838867">
   <element name="bloonarch01" layername="arch" frame="0" z_index="2" m_a="1.000000" m_b="0.000000" m_c="0.000000" m_d="1.131839" m_tx="-386.298065" m_ty="-669.434082"/>
  </frame>
  <frame idx="475" w="921" h="1229" x="-79.798065" y="-414.838867">
   <element name="bloonarch01" layername="arch" frame="0" z_index="2" m_a="1.000000" m_b="0.000000" m_c="0.000000" m_d="1.131839" m_tx="-386.298065" m_ty="-669.434082"/>
  </frame>
  <frame idx="500" w="921" h="1229" x="-79.798065" y="-414.838867">
   <element name="bloonarch01" layername="arch" frame="0" z_index="2" m_a="1.000000" m_b="0.000000" m_c="0.000000" m_d="1.131839" m_tx="-386.298065" m_ty="-669.434082"/>
  </frame>
  <frame idx="525" w="921" h="1229" x="-79.798065" y="-414.838867">
   <element name="bloonarch01" layername="arch" frame="0" z_index="2" m_a="1.000000" m_b="0.000000" m_c="0.000000" m_d="1.131839" m_tx="-386.298065" m_ty="-669.434082"/>
  </frame>
  <frame idx="550" w="921" h="1229" x="-79.798065" y="-414.838867">
   <element name="bloonarch01" layername="arch" frame="0" z_index="2" m_a="1.000000" m_b="0.000000" m_c="0.000000" m_d="1.131839" m_tx="-386.298065" m_ty="-669.434082"/>
  </frame>
  <frame idx="575" w="921" h="1229" x="-79.798065" y="-414.838867">
   <element name="bloonarch01" layername="arch" frame="0" z_index="2" m_a="1.000000" m_b="0.000000" m_c="0.000000" m_d="1.131839" m_tx="-386.298065" m_ty="-669.434082"/>
  </frame>
  <frame idx="600" w="921" h="1229" x="-79.798065" y="-414.838867">
   <element name="bloonarch01" layername="arch" frame="0" z_index="2" m_a="1.000000" m_b="0.000000" m_c="0.000000" m_d="1.131839" m_tx="-386.298065" m_ty="-669.434082"/>
  </frame>
  <frame idx="625" w="921" h="1229" x="-79.798065" y="-414.838867">
   <element name="bloonarch01" layername="arch" frame="0" z_index="2" m_a="1.000000" m_b="0.000000" m_c="0.000000" m_d="1.131839" m_tx="-386.298065" m_ty="-669.434082"/>
  </frame>
  <frame idx="650" w="921" h="1229" x="-79.798065" y="-414.838867">
   <element name="bloonarch01" layername="arch" frame="0" z_index="2" m_a="1.000000" m_b="0.000000" m_c="0.000000" m_d="1.131839" m_tx="-386.298065" m_ty="-669.434082"/>
  </frame>
  <frame idx="675" w="921" h="1229" x="-79.798065" y="-414.838867">
   <element name="bloonarch01" layername="arch" frame="0" z_index="2" m_a="1.000000" m_b="0.000000" m_c="0.000000" m_d="1.131839" m_tx="-386.298065" m_ty="-669.434082"/>
  </frame>
  <frame idx="700" w="921" h="1229" x="-79.798065" y="-414.838867">
   <element name="bloonarch01" layername="arch" frame="0" z_index="2" m_a="1.000000" m_b="0.000000" m_c="0.000000" m_d="1.131839" m_tx="-386.298065" m_ty="-669.434082"/>
  </frame>
  <frame idx="725" w="921" h="1229" x="-79.798065" y="-414.838867">
   <element name="bloonarch01" layername="arch" frame="0" z_index="2" m_a="1.000000" m_b="0.000000" m_c="0.000000" m_d="1.131839" m_tx="-386.298065" m_ty="-669.434082"/>
  </frame>
  <frame idx="750" w="921" h="1229" x="-79.798065" y="-414.838867">
   <element name="bloonarch01" layername="arch" frame="0" z_index="2" m_a="1.000000" m_b="0.000000" m_c="0.000000" m_d="1.131839" m_tx="-386.298065" m_ty="-669.434082"/>
  </frame>
  <frame idx="775" w="921" h="1229" x="-79.798065" y="-414.838867">
   <element name="bloonarch01" layername="arch" frame="0" z_index="2" m_a="1.000000" m_b="0.000000" m_c="0.000000" m_d="1.131839" m_tx="-386.298065" m_ty="-669.434082"/>
  </frame>
  <frame idx="800" w="921" h="1229" x="-79.798065" y="-414.838867">
   <element name="bloonarch01" layername="arch" frame="0" z_index="2" m_a="1.000000" m_b="0.000000" m_c="0.000000" m_d="1.131839" m_tx="-386.298065" m_ty="-669.434082"/>
  </frame>
  <frame idx="825" w="921" h="1229" x="-79.798065" y="-414.838867">
   <element name="bloonarch01" layername="arch" frame="0" z_index="2" m_a="1.000000" m_b="0.000000" m_c="0.000000" m_d="1.131839" m_tx="-386.298065" m_ty="-669.434082"/>
  </frame>
  <frame idx="850" w="921" h="1229" x="-79.798065" y="-414.838867">
   <element name="bloonarch01" layername="arch" frame="0" z_index="2" m_a="1.000000" m_b="0.000000" m_c="0.000000" m_d="1.131839" m_tx="-386.298065" m_ty="-669.434082"/>
  </frame>
  <frame idx="875" w="921" h="1229" x="-79.798065" y="-414.838867">
   <element name="bloonarch01" layername="arch" frame="0" z_index="2" m_a="1.000000" m_b="0.000000" m_c="0.000000" m_d="1.131839" m_tx="-386.298065" m_ty="-669.434082"/>
  </frame>
  <frame idx="900" w="921" h="1229" x="-79.798065" y="-414.838867">
   <element name="bloonarch01" layername="arch" frame="0" z_index="2" m_a="1.000000" m_b="0.000000" m_c="0.000000" m_d="1.131839" m_tx="-386.298065" m_ty="-669.434082"/>
  </frame>
  <frame idx="925" w="921" h="1229" x="-79.798065" y="-414.838867">
   <element name="bloonarch01" layername="arch" frame="0" z_index="2" m_a="1.000000" m_b="0.000000" m_c="0.000000" m_d="1.131839" m_tx="-386.298065" m_ty="-669.434082"/>
  </frame>
  <frame idx="950" w="921" h="1229" x="-79.798065" y="-414.838867">
   <element name="bloonarch01" layername="arch" frame="0" z_index="2" m_a="1.000000" m_b="0.000000" m_c="0.000000" m_d="1.131839" m_tx="-386.298065" m_ty="-669.434082"/>
  </frame>
  <frame idx="975" w="921" h="1229" x="-79.798065" y="-414.838867">
   <element name="bloonarch01" layername="arch" frame="0" z_index="2" m_a="1.000000" m_b="0.000000" m_c="0.000000" m_d="1.131839" m_tx="-386.298065" m_ty="-669.434082"/>
  </frame>
 </anim>
</Anims>
