<Anims>
 <anim name="idle" root="circusdrawer" numframes="1000" framerate="40">
  <frame idx="0" w="497" h="505" x="-41.946362" y="-145.505554">
   <element name="cirqdrawer01" layername="cdrawer" frame="0" z_index="2" m_a="1.470518" m_b="0.000000" m_c="0.000000" m_d="1.486574" m_tx="-207.054138" m_ty="-261.325684"/>
  </frame>
  <frame idx="25" w="497" h="505" x="-41.946362" y="-145.505554">
   <element name="cirqdrawer01" layername="cdrawer" frame="0" z_index="2" m_a="1.470518" m_b="0.000000" m_c="0.000000" m_d="1.486574" m_tx="-207.054138" m_ty="-261.325684"/>
  </frame>
  <frame idx="50" w="497" h="505" x="-41.946362" y="-145.505554">
   <element name="cirqdrawer01" layername="cdrawer" frame="0" z_index="2" m_a="1.470518" m_b="0.000000" m_c="0.000000" m_d="1.486574" m_tx="-207.054138" m_ty="-261.325684"/>
  </frame>
  <frame idx="75" w="497" h="505" x="-41.946362" y="-145.505554">
   <element name="cirqdrawer01" layername="cdrawer" frame="0" z_index="2" m_a="1.470518" m_b="0.000000" m_c="0.000000" m_d="1.486574" m_tx="-207.054138" m_ty="-261.325684"/>
  </frame>
  <frame idx="100" w="497" h="505" x="-41.946362" y="-145.505554">
   <element name="cirqdrawer01" layername="cdrawer" frame="0" z_index="2" m_a="1.470518" m_b="0.000000" m_c="0.000000" m_d="1.486574" m_tx="-207.054138" m_ty="-261.325684"/>
  </frame>
  <frame idx="125" w="497" h="505" x="-41.946362" y="-145.505554">
   <element name="cirqdrawer01" layername="cdrawer" frame="0" z_index="2" m_a="1.470518" m_b="0.000000" m_c="0.000000" m_d="1.486574" m_tx="-207.054138" m_ty="-261.325684"/>
  </frame>
  <frame idx="150" w="497" h="505" x="-41.946362" y="-145.505554">
   <element name="cirqdrawer01" layername="cdrawer" frame="0" z_index="2" m_a="1.470518" m_b="0.000000" m_c="0.000000" m_d="1.486574" m_tx="-207.054138" m_ty="-261.325684"/>
  </frame>
  <frame idx="175" w="497" h="505" x="-41.946362" y="-145.505554">
   <element name="cirqdrawer01" layername="cdrawer" frame="0" z_index="2" m_a="1.470518" m_b="0.000000" m_c="0.000000" m_d="1.486574" m_tx="-207.054138" m_ty="-261.325684"/>
  </frame>
  <frame idx="200" w="497" h="505" x="-41.946362" y="-145.505554">
   <element name="cirqdrawer01" layername="cdrawer" frame="0" z_index="2" m_a="1.470518" m_b="0.000000" m_c="0.000000" m_d="1.486574" m_tx="-207.054138" m_ty="-261.325684"/>
  </frame>
  <frame idx="225" w="497" h="505" x="-41.946362" y="-145.505554">
   <element name="cirqdrawer01" layername="cdrawer" frame="0" z_index="2" m_a="1.470518" m_b="0.000000" m_c="0.000000" m_d="1.486574" m_tx="-207.054138" m_ty="-261.325684"/>
  </frame>
  <frame idx="250" w="497" h="505" x="-41.946362" y="-145.505554">
   <element name="cirqdrawer01" layername="cdrawer" frame="0" z_index="2" m_a="1.470518" m_b="0.000000" m_c="0.000000" m_d="1.486574" m_tx="-207.054138" m_ty="-261.325684"/>
  </frame>
  <frame idx="275" w="497" h="505" x="-41.946362" y="-145.505554">
   <element name="cirqdrawer01" layername="cdrawer" frame="0" z_index="2" m_a="1.470518" m_b="0.000000" m_c="0.000000" m_d="1.486574" m_tx="-207.054138" m_ty="-261.325684"/>
  </frame>
  <frame idx="300" w="497" h="505" x="-41.946362" y="-145.505554">
   <element name="cirqdrawer01" layername="cdrawer" frame="0" z_index="2" m_a="1.470518" m_b="0.000000" m_c="0.000000" m_d="1.486574" m_tx="-207.054138" m_ty="-261.325684"/>
  </frame>
  <frame idx="325" w="497" h="505" x="-41.946362" y="-145.505554">
   <element name="cirqdrawer01" layername="cdrawer" frame="0" z_index="2" m_a="1.470518" m_b="0.000000" m_c="0.000000" m_d="1.486574" m_tx="-207.054138" m_ty="-261.325684"/>
  </frame>
  <frame idx="350" w="497" h="505" x="-41.946362" y="-145.505554">
   <element name="cirqdrawer01" layername="cdrawer" frame="0" z_index="2" m_a="1.470518" m_b="0.000000" m_c="0.000000" m_d="1.486574" m_tx="-207.054138" m_ty="-261.325684"/>
  </frame>
  <frame idx="375" w="497" h="505" x="-41.946362" y="-145.505554">
   <element name="cirqdrawer01" layername="cdrawer" frame="0" z_index="2" m_a="1.470518" m_b="0.000000" m_c="0.000000" m_d="1.486574" m_tx="-207.054138" m_ty="-261.325684"/>
  </frame>
  <frame idx="400" w="497" h="505" x="-41.946362" y="-145.505554">
   <element name="cirqdrawer01" layername="cdrawer" frame="0" z_index="2" m_a="1.470518" m_b="0.000000" m_c="0.000000" m_d="1.486574" m_tx="-207.054138" m_ty="-261.325684"/>
  </frame>
  <frame idx="425" w="497" h="505" x="-41.946362" y="-145.505554">
   <element name="cirqdrawer01" layername="cdrawer" frame="0" z_index="2" m_a="1.470518" m_b="0.000000" m_c="0.000000" m_d="1.486574" m_tx="-207.054138" m_ty="-261.325684"/>
  </frame>
  <frame idx="450" w="497" h="505" x="-41.946362" y="-145.505554">
   <element name="cirqdrawer01" layername="cdrawer" frame="0" z_index="2" m_a="1.470518" m_b="0.000000" m_c="0.000000" m_d="1.486574" m_tx="-207.054138" m_ty="-261.325684"/>
  </frame>
  <frame idx="475" w="497" h="505" x="-41.946362" y="-145.505554">
   <element name="cirqdrawer01" layername="cdrawer" frame="0" z_index="2" m_a="1.470518" m_b="0.000000" m_c="0.000000" m_d="1.486574" m_tx="-207.054138" m_ty="-261.325684"/>
  </frame>
  <frame idx="500" w="497" h="505" x="-41.946362" y="-145.505554">
   <element name="cirqdrawer01" layername="cdrawer" frame="0" z_index="2" m_a="1.470518" m_b="0.000000" m_c="0.000000" m_d="1.486574" m_tx="-207.054138" m_ty="-261.325684"/>
  </frame>
  <frame idx="525" w="497" h="505" x="-41.946362" y="-145.505554">
   <element name="cirqdrawer01" layername="cdrawer" frame="0" z_index="2" m_a="1.470518" m_b="0.000000" m_c="0.000000" m_d="1.486574" m_tx="-207.054138" m_ty="-261.325684"/>
  </frame>
  <frame idx="550" w="497" h="505" x="-41.946362" y="-145.505554">
   <element name="cirqdrawer01" layername="cdrawer" frame="0" z_index="2" m_a="1.470518" m_b="0.000000" m_c="0.000000" m_d="1.486574" m_tx="-207.054138" m_ty="-261.325684"/>
  </frame>
  <frame idx="575" w="497" h="505" x="-41.946362" y="-145.505554">
   <element name="cirqdrawer01" layername="cdrawer" frame="0" z_index="2" m_a="1.470518" m_b="0.000000" m_c="0.000000" m_d="1.486574" m_tx="-207.054138" m_ty="-261.325684"/>
  </frame>
  <frame idx="600" w="497" h="505" x="-41.946362" y="-145.505554">
   <element name="cirqdrawer01" layername="cdrawer" frame="0" z_index="2" m_a="1.470518" m_b="0.000000" m_c="0.000000" m_d="1.486574" m_tx="-207.054138" m_ty="-261.325684"/>
  </frame>
  <frame idx="625" w="497" h="505" x="-41.946362" y="-145.505554">
   <element name="cirqdrawer01" layername="cdrawer" frame="0" z_index="2" m_a="1.470518" m_b="0.000000" m_c="0.000000" m_d="1.486574" m_tx="-207.054138" m_ty="-261.325684"/>
  </frame>
  <frame idx="650" w="497" h="505" x="-41.946362" y="-145.505554">
   <element name="cirqdrawer01" layername="cdrawer" frame="0" z_index="2" m_a="1.470518" m_b="0.000000" m_c="0.000000" m_d="1.486574" m_tx="-207.054138" m_ty="-261.325684"/>
  </frame>
  <frame idx="675" w="497" h="505" x="-41.946362" y="-145.505554">
   <element name="cirqdrawer01" layername="cdrawer" frame="0" z_index="2" m_a="1.470518" m_b="0.000000" m_c="0.000000" m_d="1.486574" m_tx="-207.054138" m_ty="-261.325684"/>
  </frame>
  <frame idx="700" w="497" h="505" x="-41.946362" y="-145.505554">
   <element name="cirqdrawer01" layername="cdrawer" frame="0" z_index="2" m_a="1.470518" m_b="0.000000" m_c="0.000000" m_d="1.486574" m_tx="-207.054138" m_ty="-261.325684"/>
  </frame>
  <frame idx="725" w="497" h="505" x="-41.946362" y="-145.505554">
   <element name="cirqdrawer01" layername="cdrawer" frame="0" z_index="2" m_a="1.470518" m_b="0.000000" m_c="0.000000" m_d="1.486574" m_tx="-207.054138" m_ty="-261.325684"/>
  </frame>
  <frame idx="750" w="497" h="505" x="-41.946362" y="-145.505554">
   <element name="cirqdrawer01" layername="cdrawer" frame="0" z_index="2" m_a="1.470518" m_b="0.000000" m_c="0.000000" m_d="1.486574" m_tx="-207.054138" m_ty="-261.325684"/>
  </frame>
  <frame idx="775" w="497" h="505" x="-41.946362" y="-145.505554">
   <element name="cirqdrawer01" layername="cdrawer" frame="0" z_index="2" m_a="1.470518" m_b="0.000000" m_c="0.000000" m_d="1.486574" m_tx="-207.054138" m_ty="-261.325684"/>
  </frame>
  <frame idx="800" w="497" h="505" x="-41.946362" y="-145.505554">
   <element name="cirqdrawer01" layername="cdrawer" frame="0" z_index="2" m_a="1.470518" m_b="0.000000" m_c="0.000000" m_d="1.486574" m_tx="-207.054138" m_ty="-261.325684"/>
  </frame>
  <frame idx="825" w="497" h="505" x="-41.946362" y="-145.505554">
   <element name="cirqdrawer01" layername="cdrawer" frame="0" z_index="2" m_a="1.470518" m_b="0.000000" m_c="0.000000" m_d="1.486574" m_tx="-207.054138" m_ty="-261.325684"/>
  </frame>
  <frame idx="850" w="497" h="505" x="-41.946362" y="-145.505554">
   <element name="cirqdrawer01" layername="cdrawer" frame="0" z_index="2" m_a="1.470518" m_b="0.000000" m_c="0.000000" m_d="1.486574" m_tx="-207.054138" m_ty="-261.325684"/>
  </frame>
  <frame idx="875" w="497" h="505" x="-41.946362" y="-145.505554">
   <element name="cirqdrawer01" layername="cdrawer" frame="0" z_index="2" m_a="1.470518" m_b="0.000000" m_c="0.000000" m_d="1.486574" m_tx="-207.054138" m_ty="-261.325684"/>
  </frame>
  <frame idx="900" w="497" h="505" x="-41.946362" y="-145.505554">
   <element name="cirqdrawer01" layername="cdrawer" frame="0" z_index="2" m_a="1.470518" m_b="0.000000" m_c="0.000000" m_d="1.486574" m_tx="-207.054138" m_ty="-261.325684"/>
  </frame>
  <frame idx="925" w="497" h="505" x="-41.946362" y="-145.505554">
   <element name="cirqdrawer01" layername="cdrawer" frame="0" z_index="2" m_a="1.470518" m_b="0.000000" m_c="0.000000" m_d="1.486574" m_tx="-207.054138" m_ty="-261.325684"/>
  </frame>
  <frame idx="950" w="497" h="505" x="-41.946362" y="-145.505554">
   <element name="cirqdrawer01" layername="cdrawer" frame="0" z_index="2" m_a="1.470518" m_b="0.000000" m_c="0.000000" m_d="1.486574" m_tx="-207.054138" m_ty="-261.325684"/>
  </frame>
  <frame idx="975" w="497" h="505" x="-41.946362" y="-145.505554">
   <element name="cirqdrawer01" layername="cdrawer" frame="0" z_index="2" m_a="1.470518" m_b="0.000000" m_c="0.000000" m_d="1.486574" m_tx="-207.054138" m_ty="-261.325684"/>
  </frame>
 </anim>
 <anim name="hit" root="circusdrawer" numframes="1000" framerate="40">
  <frame idx="0" w="497" h="505" x="-41.946362" y="-145.505554">
   <element name="cirqdrawer01" layername="cdrawer" frame="0" z_index="2" m_a="1.470518" m_b="0.000000" m_c="0.000000" m_d="1.486574" m_tx="-207.054138" m_ty="-261.325684"/>
  </frame>
  <frame idx="25" w="509" h="475" x="-43.244884" y="-134.948837">
   <element name="cirqdrawer01" layername="cdrawer" frame="0" z_index="2" m_a="1.506919" m_b="0.000000" m_c="0.000000" m_d="1.411278" m_tx="-212.467026" m_ty="-245.249893"/>
  </frame>
  <frame idx="50" w="521" h="446" x="-44.543427" y="-124.392128">
   <element name="cirqdrawer01" layername="cdrawer" frame="0" z_index="2" m_a="1.543320" m_b="0.000000" m_c="0.000000" m_d="1.335981" m_tx="-217.879929" m_ty="-229.174103"/>
  </frame>
  <frame idx="75" w="533" h="417" x="-45.841953" y="-113.835411">
   <element name="cirqdrawer01" layername="cdrawer" frame="0" z_index="2" m_a="1.579721" m_b="0.000000" m_c="0.000000" m_d="1.260684" m_tx="-223.292816" m_ty="-213.098312"/>
  </frame>
  <frame idx="100" w="546" h="387" x="-47.140476" y="-103.278702">
   <element name="cirqdrawer01" layername="cdrawer" frame="0" z_index="2" m_a="1.616123" m_b="0.000000" m_c="0.000000" m_d="1.185388" m_tx="-228.705719" m_ty="-197.022522"/>
  </frame>
  <frame idx="125" w="540" h="399" x="-46.518730" y="-107.564690">
   <element name="cirqdrawer01" layername="cdrawer" frame="0" z_index="2" m_a="1.601276" m_b="0.000000" m_c="0.000000" m_d="1.216098" m_tx="-226.498032" m_ty="-203.579147"/>
  </frame>
  <frame idx="150" w="530" h="427" x="-45.733524" y="-117.761734">
   <element name="cirqdrawer01" layername="cdrawer" frame="0" z_index="2" m_a="1.566500" m_b="0.000000" m_c="0.000000" m_d="1.288033" m_tx="-221.326782" m_ty="-218.937271"/>
  </frame>
  <frame idx="175" w="518" h="455" x="-44.448315" y="-127.458771">
   <element name="cirqdrawer01" layername="cdrawer" frame="0" z_index="2" m_a="1.531724" m_b="0.000000" m_c="0.000000" m_d="1.359968" m_tx="-216.155533" m_ty="-234.295395"/>
  </frame>
  <frame idx="200" w="506" h="483" x="-43.163105" y="-137.655792">
   <element name="cirqdrawer01" layername="cdrawer" frame="0" z_index="2" m_a="1.496948" m_b="0.000000" m_c="0.000000" m_d="1.431903" m_tx="-210.984283" m_ty="-249.653503"/>
  </frame>
  <frame idx="225" w="497" h="505" x="-41.946362" y="-145.505554">
   <element name="cirqdrawer01" layername="cdrawer" frame="0" z_index="2" m_a="1.470518" m_b="0.000000" m_c="0.000000" m_d="1.486574" m_tx="-207.054138" m_ty="-261.325684"/>
  </frame>
  <frame idx="250" w="497" h="505" x="-41.946362" y="-145.505554">
   <element name="cirqdrawer01" layername="cdrawer" frame="0" z_index="2" m_a="1.470518" m_b="0.000000" m_c="0.000000" m_d="1.486574" m_tx="-207.054138" m_ty="-261.325684"/>
  </frame>
  <frame idx="275" w="497" h="505" x="-41.946362" y="-145.505554">
   <element name="cirqdrawer01" layername="cdrawer" frame="0" z_index="2" m_a="1.470518" m_b="0.000000" m_c="0.000000" m_d="1.486574" m_tx="-207.054138" m_ty="-261.325684"/>
  </frame>
  <frame idx="300" w="497" h="505" x="-41.946362" y="-145.505554">
   <element name="cirqdrawer01" layername="cdrawer" frame="0" z_index="2" m_a="1.470518" m_b="0.000000" m_c="0.000000" m_d="1.486574" m_tx="-207.054138" m_ty="-261.325684"/>
  </frame>
  <frame idx="325" w="497" h="505" x="-41.946362" y="-145.505554">
   <element name="cirqdrawer01" layername="cdrawer" frame="0" z_index="2" m_a="1.470518" m_b="0.000000" m_c="0.000000" m_d="1.486574" m_tx="-207.054138" m_ty="-261.325684"/>
  </frame>
  <frame idx="350" w="497" h="505" x="-41.946362" y="-145.505554">
   <element name="cirqdrawer01" layername="cdrawer" frame="0" z_index="2" m_a="1.470518" m_b="0.000000" m_c="0.000000" m_d="1.486574" m_tx="-207.054138" m_ty="-261.325684"/>
  </frame>
  <frame idx="375" w="497" h="505" x="-41.946362" y="-145.505554">
   <element name="cirqdrawer01" layername="cdrawer" frame="0" z_index="2" m_a="1.470518" m_b="0.000000" m_c="0.000000" m_d="1.486574" m_tx="-207.054138" m_ty="-261.325684"/>
  </frame>
  <frame idx="400" w="497" h="505" x="-41.946362" y="-145.505554">
   <element name="cirqdrawer01" layername="cdrawer" frame="0" z_index="2" m_a="1.470518" m_b="0.000000" m_c="0.000000" m_d="1.486574" m_tx="-207.054138" m_ty="-261.325684"/>
  </frame>
  <frame idx="425" w="497" h="505" x="-41.946362" y="-145.505554">
   <element name="cirqdrawer01" layername="cdrawer" frame="0" z_index="2" m_a="1.470518" m_b="0.000000" m_c="0.000000" m_d="1.486574" m_tx="-207.054138" m_ty="-261.325684"/>
  </frame>
  <frame idx="450" w="497" h="505" x="-41.946362" y="-145.505554">
   <element name="cirqdrawer01" layername="cdrawer" frame="0" z_index="2" m_a="1.470518" m_b="0.000000" m_c="0.000000" m_d="1.486574" m_tx="-207.054138" m_ty="-261.325684"/>
  </frame>
  <frame idx="475" w="497" h="505" x="-41.946362" y="-145.505554">
   <element name="cirqdrawer01" layername="cdrawer" frame="0" z_index="2" m_a="1.470518" m_b="0.000000" m_c="0.000000" m_d="1.486574" m_tx="-207.054138" m_ty="-261.325684"/>
  </frame>
  <frame idx="500" w="497" h="505" x="-41.946362" y="-145.505554">
   <element name="cirqdrawer01" layername="cdrawer" frame="0" z_index="2" m_a="1.470518" m_b="0.000000" m_c="0.000000" m_d="1.486574" m_tx="-207.054138" m_ty="-261.325684"/>
  </frame>
  <frame idx="525" w="497" h="505" x="-41.946362" y="-145.505554">
   <element name="cirqdrawer01" layername="cdrawer" frame="0" z_index="2" m_a="1.470518" m_b="0.000000" m_c="0.000000" m_d="1.486574" m_tx="-207.054138" m_ty="-261.325684"/>
  </frame>
  <frame idx="550" w="497" h="505" x="-41.946362" y="-145.505554">
   <element name="cirqdrawer01" layername="cdrawer" frame="0" z_index="2" m_a="1.470518" m_b="0.000000" m_c="0.000000" m_d="1.486574" m_tx="-207.054138" m_ty="-261.325684"/>
  </frame>
  <frame idx="575" w="497" h="505" x="-41.946362" y="-145.505554">
   <element name="cirqdrawer01" layername="cdrawer" frame="0" z_index="2" m_a="1.470518" m_b="0.000000" m_c="0.000000" m_d="1.486574" m_tx="-207.054138" m_ty="-261.325684"/>
  </frame>
  <frame idx="600" w="497" h="505" x="-41.946362" y="-145.505554">
   <element name="cirqdrawer01" layername="cdrawer" frame="0" z_index="2" m_a="1.470518" m_b="0.000000" m_c="0.000000" m_d="1.486574" m_tx="-207.054138" m_ty="-261.325684"/>
  </frame>
  <frame idx="625" w="497" h="505" x="-41.946362" y="-145.505554">
   <element name="cirqdrawer01" layername="cdrawer" frame="0" z_index="2" m_a="1.470518" m_b="0.000000" m_c="0.000000" m_d="1.486574" m_tx="-207.054138" m_ty="-261.325684"/>
  </frame>
  <frame idx="650" w="497" h="505" x="-41.946362" y="-145.505554">
   <element name="cirqdrawer01" layername="cdrawer" frame="0" z_index="2" m_a="1.470518" m_b="0.000000" m_c="0.000000" m_d="1.486574" m_tx="-207.054138" m_ty="-261.325684"/>
  </frame>
  <frame idx="675" w="497" h="505" x="-41.946362" y="-145.505554">
   <element name="cirqdrawer01" layername="cdrawer" frame="0" z_index="2" m_a="1.470518" m_b="0.000000" m_c="0.000000" m_d="1.486574" m_tx="-207.054138" m_ty="-261.325684"/>
  </frame>
  <frame idx="700" w="497" h="505" x="-41.946362" y="-145.505554">
   <element name="cirqdrawer01" layername="cdrawer" frame="0" z_index="2" m_a="1.470518" m_b="0.000000" m_c="0.000000" m_d="1.486574" m_tx="-207.054138" m_ty="-261.325684"/>
  </frame>
  <frame idx="725" w="497" h="505" x="-41.946362" y="-145.505554">
   <element name="cirqdrawer01" layername="cdrawer" frame="0" z_index="2" m_a="1.470518" m_b="0.000000" m_c="0.000000" m_d="1.486574" m_tx="-207.054138" m_ty="-261.325684"/>
  </frame>
  <frame idx="750" w="497" h="505" x="-41.946362" y="-145.505554">
   <element name="cirqdrawer01" layername="cdrawer" frame="0" z_index="2" m_a="1.470518" m_b="0.000000" m_c="0.000000" m_d="1.486574" m_tx="-207.054138" m_ty="-261.325684"/>
  </frame>
  <frame idx="775" w="497" h="505" x="-41.946362" y="-145.505554">
   <element name="cirqdrawer01" layername="cdrawer" frame="0" z_index="2" m_a="1.470518" m_b="0.000000" m_c="0.000000" m_d="1.486574" m_tx="-207.054138" m_ty="-261.325684"/>
  </frame>
  <frame idx="800" w="497" h="505" x="-41.946362" y="-145.505554">
   <element name="cirqdrawer01" layername="cdrawer" frame="0" z_index="2" m_a="1.470518" m_b="0.000000" m_c="0.000000" m_d="1.486574" m_tx="-207.054138" m_ty="-261.325684"/>
  </frame>
  <frame idx="825" w="497" h="505" x="-41.946362" y="-145.505554">
   <element name="cirqdrawer01" layername="cdrawer" frame="0" z_index="2" m_a="1.470518" m_b="0.000000" m_c="0.000000" m_d="1.486574" m_tx="-207.054138" m_ty="-261.325684"/>
  </frame>
  <frame idx="850" w="497" h="505" x="-41.946362" y="-145.505554">
   <element name="cirqdrawer01" layername="cdrawer" frame="0" z_index="2" m_a="1.470518" m_b="0.000000" m_c="0.000000" m_d="1.486574" m_tx="-207.054138" m_ty="-261.325684"/>
  </frame>
  <frame idx="875" w="497" h="505" x="-41.946362" y="-145.505554">
   <element name="cirqdrawer01" layername="cdrawer" frame="0" z_index="2" m_a="1.470518" m_b="0.000000" m_c="0.000000" m_d="1.486574" m_tx="-207.054138" m_ty="-261.325684"/>
  </frame>
  <frame idx="900" w="497" h="505" x="-41.946362" y="-145.505554">
   <element name="cirqdrawer01" layername="cdrawer" frame="0" z_index="2" m_a="1.470518" m_b="0.000000" m_c="0.000000" m_d="1.486574" m_tx="-207.054138" m_ty="-261.325684"/>
  </frame>
  <frame idx="925" w="497" h="505" x="-41.946362" y="-145.505554">
   <element name="cirqdrawer01" layername="cdrawer" frame="0" z_index="2" m_a="1.470518" m_b="0.000000" m_c="0.000000" m_d="1.486574" m_tx="-207.054138" m_ty="-261.325684"/>
  </frame>
  <frame idx="950" w="497" h="505" x="-41.946362" y="-145.505554">
   <element name="cirqdrawer01" layername="cdrawer" frame="0" z_index="2" m_a="1.470518" m_b="0.000000" m_c="0.000000" m_d="1.486574" m_tx="-207.054138" m_ty="-261.325684"/>
  </frame>
  <frame idx="975" w="497" h="505" x="-41.946362" y="-145.505554">
   <element name="cirqdrawer01" layername="cdrawer" frame="0" z_index="2" m_a="1.470518" m_b="0.000000" m_c="0.000000" m_d="1.486574" m_tx="-207.054138" m_ty="-261.325684"/>
  </frame>
 </anim>
</Anims>
