<Anims>
 <anim name="idle" root="geardrawer" numframes="1000" framerate="40">
  <frame idx="0" w="472" h="521" x="-19.303507" y="-146.618378">
   <element name="geardrawer01" layername="geardrawer" frame="0" z_index="2" m_a="1.505691" m_b="0.000000" m_c="0.000000" m_d="1.477707" m_tx="-176.296188" m_ty="-258.277618"/>
  </frame>
  <frame idx="25" w="472" h="521" x="-19.303507" y="-146.618378">
   <element name="geardrawer01" layername="geardrawer" frame="0" z_index="2" m_a="1.505691" m_b="0.000000" m_c="0.000000" m_d="1.477707" m_tx="-176.296188" m_ty="-258.277618"/>
  </frame>
  <frame idx="50" w="472" h="521" x="-19.303507" y="-146.618378">
   <element name="geardrawer01" layername="geardrawer" frame="0" z_index="2" m_a="1.505691" m_b="0.000000" m_c="0.000000" m_d="1.477707" m_tx="-176.296188" m_ty="-258.277618"/>
  </frame>
  <frame idx="75" w="472" h="521" x="-19.303507" y="-146.618378">
   <element name="geardrawer01" layername="geardrawer" frame="0" z_index="2" m_a="1.505691" m_b="0.000000" m_c="0.000000" m_d="1.477707" m_tx="-176.296188" m_ty="-258.277618"/>
  </frame>
  <frame idx="100" w="472" h="521" x="-19.303507" y="-146.618378">
   <element name="geardrawer01" layername="geardrawer" frame="0" z_index="2" m_a="1.505691" m_b="0.000000" m_c="0.000000" m_d="1.477707" m_tx="-176.296188" m_ty="-258.277618"/>
  </frame>
  <frame idx="125" w="472" h="521" x="-19.303507" y="-146.618378">
   <element name="geardrawer01" layername="geardrawer" frame="0" z_index="2" m_a="1.505691" m_b="0.000000" m_c="0.000000" m_d="1.477707" m_tx="-176.296188" m_ty="-258.277618"/>
  </frame>
  <frame idx="150" w="472" h="521" x="-19.303507" y="-146.618378">
   <element name="geardrawer01" layername="geardrawer" frame="0" z_index="2" m_a="1.505691" m_b="0.000000" m_c="0.000000" m_d="1.477707" m_tx="-176.296188" m_ty="-258.277618"/>
  </frame>
  <frame idx="175" w="472" h="521" x="-19.303507" y="-146.618378">
   <element name="geardrawer01" layername="geardrawer" frame="0" z_index="2" m_a="1.505691" m_b="0.000000" m_c="0.000000" m_d="1.477707" m_tx="-176.296188" m_ty="-258.277618"/>
  </frame>
  <frame idx="200" w="472" h="521" x="-19.303507" y="-146.618378">
   <element name="geardrawer01" layername="geardrawer" frame="0" z_index="2" m_a="1.505691" m_b="0.000000" m_c="0.000000" m_d="1.477707" m_tx="-176.296188" m_ty="-258.277618"/>
  </frame>
  <frame idx="225" w="472" h="521" x="-19.303507" y="-146.618378">
   <element name="geardrawer01" layername="geardrawer" frame="0" z_index="2" m_a="1.505691" m_b="0.000000" m_c="0.000000" m_d="1.477707" m_tx="-176.296188" m_ty="-258.277618"/>
  </frame>
  <frame idx="250" w="472" h="521" x="-19.303507" y="-146.618378">
   <element name="geardrawer01" layername="geardrawer" frame="0" z_index="2" m_a="1.505691" m_b="0.000000" m_c="0.000000" m_d="1.477707" m_tx="-176.296188" m_ty="-258.277618"/>
  </frame>
  <frame idx="275" w="472" h="521" x="-19.303507" y="-146.618378">
   <element name="geardrawer01" layername="geardrawer" frame="0" z_index="2" m_a="1.505691" m_b="0.000000" m_c="0.000000" m_d="1.477707" m_tx="-176.296188" m_ty="-258.277618"/>
  </frame>
  <frame idx="300" w="472" h="521" x="-19.303507" y="-146.618378">
   <element name="geardrawer01" layername="geardrawer" frame="0" z_index="2" m_a="1.505691" m_b="0.000000" m_c="0.000000" m_d="1.477707" m_tx="-176.296188" m_ty="-258.277618"/>
  </frame>
  <frame idx="325" w="472" h="521" x="-19.303507" y="-146.618378">
   <element name="geardrawer01" layername="geardrawer" frame="0" z_index="2" m_a="1.505691" m_b="0.000000" m_c="0.000000" m_d="1.477707" m_tx="-176.296188" m_ty="-258.277618"/>
  </frame>
  <frame idx="350" w="472" h="521" x="-19.303507" y="-146.618378">
   <element name="geardrawer01" layername="geardrawer" frame="0" z_index="2" m_a="1.505691" m_b="0.000000" m_c="0.000000" m_d="1.477707" m_tx="-176.296188" m_ty="-258.277618"/>
  </frame>
  <frame idx="375" w="472" h="521" x="-19.303507" y="-146.618378">
   <element name="geardrawer01" layername="geardrawer" frame="0" z_index="2" m_a="1.505691" m_b="0.000000" m_c="0.000000" m_d="1.477707" m_tx="-176.296188" m_ty="-258.277618"/>
  </frame>
  <frame idx="400" w="472" h="521" x="-19.303507" y="-146.618378">
   <element name="geardrawer01" layername="geardrawer" frame="0" z_index="2" m_a="1.505691" m_b="0.000000" m_c="0.000000" m_d="1.477707" m_tx="-176.296188" m_ty="-258.277618"/>
  </frame>
  <frame idx="425" w="472" h="521" x="-19.303507" y="-146.618378">
   <element name="geardrawer01" layername="geardrawer" frame="0" z_index="2" m_a="1.505691" m_b="0.000000" m_c="0.000000" m_d="1.477707" m_tx="-176.296188" m_ty="-258.277618"/>
  </frame>
  <frame idx="450" w="472" h="521" x="-19.303507" y="-146.618378">
   <element name="geardrawer01" layername="geardrawer" frame="0" z_index="2" m_a="1.505691" m_b="0.000000" m_c="0.000000" m_d="1.477707" m_tx="-176.296188" m_ty="-258.277618"/>
  </frame>
  <frame idx="475" w="472" h="521" x="-19.303507" y="-146.618378">
   <element name="geardrawer01" layername="geardrawer" frame="0" z_index="2" m_a="1.505691" m_b="0.000000" m_c="0.000000" m_d="1.477707" m_tx="-176.296188" m_ty="-258.277618"/>
  </frame>
  <frame idx="500" w="472" h="521" x="-19.303507" y="-146.618378">
   <element name="geardrawer01" layername="geardrawer" frame="0" z_index="2" m_a="1.505691" m_b="0.000000" m_c="0.000000" m_d="1.477707" m_tx="-176.296188" m_ty="-258.277618"/>
  </frame>
  <frame idx="525" w="472" h="521" x="-19.303507" y="-146.618378">
   <element name="geardrawer01" layername="geardrawer" frame="0" z_index="2" m_a="1.505691" m_b="0.000000" m_c="0.000000" m_d="1.477707" m_tx="-176.296188" m_ty="-258.277618"/>
  </frame>
  <frame idx="550" w="472" h="521" x="-19.303507" y="-146.618378">
   <element name="geardrawer01" layername="geardrawer" frame="0" z_index="2" m_a="1.505691" m_b="0.000000" m_c="0.000000" m_d="1.477707" m_tx="-176.296188" m_ty="-258.277618"/>
  </frame>
  <frame idx="575" w="472" h="521" x="-19.303507" y="-146.618378">
   <element name="geardrawer01" layername="geardrawer" frame="0" z_index="2" m_a="1.505691" m_b="0.000000" m_c="0.000000" m_d="1.477707" m_tx="-176.296188" m_ty="-258.277618"/>
  </frame>
  <frame idx="600" w="472" h="521" x="-19.303507" y="-146.618378">
   <element name="geardrawer01" layername="geardrawer" frame="0" z_index="2" m_a="1.505691" m_b="0.000000" m_c="0.000000" m_d="1.477707" m_tx="-176.296188" m_ty="-258.277618"/>
  </frame>
  <frame idx="625" w="472" h="521" x="-19.303507" y="-146.618378">
   <element name="geardrawer01" layername="geardrawer" frame="0" z_index="2" m_a="1.505691" m_b="0.000000" m_c="0.000000" m_d="1.477707" m_tx="-176.296188" m_ty="-258.277618"/>
  </frame>
  <frame idx="650" w="472" h="521" x="-19.303507" y="-146.618378">
   <element name="geardrawer01" layername="geardrawer" frame="0" z_index="2" m_a="1.505691" m_b="0.000000" m_c="0.000000" m_d="1.477707" m_tx="-176.296188" m_ty="-258.277618"/>
  </frame>
  <frame idx="675" w="472" h="521" x="-19.303507" y="-146.618378">
   <element name="geardrawer01" layername="geardrawer" frame="0" z_index="2" m_a="1.505691" m_b="0.000000" m_c="0.000000" m_d="1.477707" m_tx="-176.296188" m_ty="-258.277618"/>
  </frame>
  <frame idx="700" w="472" h="521" x="-19.303507" y="-146.618378">
   <element name="geardrawer01" layername="geardrawer" frame="0" z_index="2" m_a="1.505691" m_b="0.000000" m_c="0.000000" m_d="1.477707" m_tx="-176.296188" m_ty="-258.277618"/>
  </frame>
  <frame idx="725" w="472" h="521" x="-19.303507" y="-146.618378">
   <element name="geardrawer01" layername="geardrawer" frame="0" z_index="2" m_a="1.505691" m_b="0.000000" m_c="0.000000" m_d="1.477707" m_tx="-176.296188" m_ty="-258.277618"/>
  </frame>
  <frame idx="750" w="472" h="521" x="-19.303507" y="-146.618378">
   <element name="geardrawer01" layername="geardrawer" frame="0" z_index="2" m_a="1.505691" m_b="0.000000" m_c="0.000000" m_d="1.477707" m_tx="-176.296188" m_ty="-258.277618"/>
  </frame>
  <frame idx="775" w="472" h="521" x="-19.303507" y="-146.618378">
   <element name="geardrawer01" layername="geardrawer" frame="0" z_index="2" m_a="1.505691" m_b="0.000000" m_c="0.000000" m_d="1.477707" m_tx="-176.296188" m_ty="-258.277618"/>
  </frame>
  <frame idx="800" w="472" h="521" x="-19.303507" y="-146.618378">
   <element name="geardrawer01" layername="geardrawer" frame="0" z_index="2" m_a="1.505691" m_b="0.000000" m_c="0.000000" m_d="1.477707" m_tx="-176.296188" m_ty="-258.277618"/>
  </frame>
  <frame idx="825" w="472" h="521" x="-19.303507" y="-146.618378">
   <element name="geardrawer01" layername="geardrawer" frame="0" z_index="2" m_a="1.505691" m_b="0.000000" m_c="0.000000" m_d="1.477707" m_tx="-176.296188" m_ty="-258.277618"/>
  </frame>
  <frame idx="850" w="472" h="521" x="-19.303507" y="-146.618378">
   <element name="geardrawer01" layername="geardrawer" frame="0" z_index="2" m_a="1.505691" m_b="0.000000" m_c="0.000000" m_d="1.477707" m_tx="-176.296188" m_ty="-258.277618"/>
  </frame>
  <frame idx="875" w="472" h="521" x="-19.303507" y="-146.618378">
   <element name="geardrawer01" layername="geardrawer" frame="0" z_index="2" m_a="1.505691" m_b="0.000000" m_c="0.000000" m_d="1.477707" m_tx="-176.296188" m_ty="-258.277618"/>
  </frame>
  <frame idx="900" w="472" h="521" x="-19.303507" y="-146.618378">
   <element name="geardrawer01" layername="geardrawer" frame="0" z_index="2" m_a="1.505691" m_b="0.000000" m_c="0.000000" m_d="1.477707" m_tx="-176.296188" m_ty="-258.277618"/>
  </frame>
  <frame idx="925" w="472" h="521" x="-19.303507" y="-146.618378">
   <element name="geardrawer01" layername="geardrawer" frame="0" z_index="2" m_a="1.505691" m_b="0.000000" m_c="0.000000" m_d="1.477707" m_tx="-176.296188" m_ty="-258.277618"/>
  </frame>
  <frame idx="950" w="472" h="521" x="-19.303507" y="-146.618378">
   <element name="geardrawer01" layername="geardrawer" frame="0" z_index="2" m_a="1.505691" m_b="0.000000" m_c="0.000000" m_d="1.477707" m_tx="-176.296188" m_ty="-258.277618"/>
  </frame>
  <frame idx="975" w="472" h="521" x="-19.303507" y="-146.618378">
   <element name="geardrawer01" layername="geardrawer" frame="0" z_index="2" m_a="1.505691" m_b="0.000000" m_c="0.000000" m_d="1.477707" m_tx="-176.296188" m_ty="-258.277618"/>
  </frame>
 </anim>
 <anim name="hit" root="geardrawer" numframes="1000" framerate="40">
  <frame idx="0" w="472" h="521" x="-19.303507" y="-146.618378">
   <element name="geardrawer01" layername="geardrawer" frame="0" z_index="2" m_a="1.505691" m_b="0.000000" m_c="0.000000" m_d="1.477707" m_tx="-176.296188" m_ty="-258.277618"/>
  </frame>
  <frame idx="25" w="489" h="479" x="-20.840652" y="-131.527069">
   <element name="geardrawer01" layername="geardrawer" frame="0" z_index="2" m_a="1.555970" m_b="0.000000" m_c="0.000000" m_d="1.367837" m_tx="-182.894684" m_ty="-235.149918"/>
  </frame>
  <frame idx="50" w="505" h="439" x="-22.377781" y="-116.935768">
   <element name="geardrawer01" layername="geardrawer" frame="0" z_index="2" m_a="1.606248" m_b="0.000000" m_c="0.000000" m_d="1.257966" m_tx="-189.493164" m_ty="-212.022202"/>
  </frame>
  <frame idx="75" w="520" h="397" x="-23.414911" y="-101.844429">
   <element name="geardrawer01" layername="geardrawer" frame="0" z_index="2" m_a="1.656527" m_b="0.000000" m_c="0.000000" m_d="1.148096" m_tx="-196.091644" m_ty="-188.894470"/>
  </frame>
  <frame idx="100" w="534" h="358" x="-24.449409" y="-87.581085">
   <element name="geardrawer01" layername="geardrawer" frame="0" z_index="2" m_a="1.703214" m_b="0.000000" m_c="0.000000" m_d="1.046073" m_tx="-202.218811" m_ty="-167.418747"/>
  </frame>
  <frame idx="125" w="522" h="391" x="-23.420225" y="-99.688553">
   <element name="geardrawer01" layername="geardrawer" frame="0" z_index="2" m_a="1.663709" m_b="0.000000" m_c="0.000000" m_d="1.132400" m_tx="-197.034286" m_ty="-185.590530"/>
  </frame>
  <frame idx="150" w="509" h="423" x="-22.391041" y="-111.296005">
   <element name="geardrawer01" layername="geardrawer" frame="0" z_index="2" m_a="1.624205" m_b="0.000000" m_c="0.000000" m_d="1.218727" m_tx="-191.849762" m_ty="-203.762299"/>
  </frame>
  <frame idx="175" w="497" h="457" x="-21.361858" y="-123.403465">
   <element name="geardrawer01" layername="geardrawer" frame="0" z_index="2" m_a="1.584700" m_b="0.000000" m_c="0.000000" m_d="1.305053" m_tx="-186.665237" m_ty="-221.934082"/>
  </frame>
  <frame idx="200" w="485" h="489" x="-20.332689" y="-135.010925">
   <element name="geardrawer01" layername="geardrawer" frame="0" z_index="2" m_a="1.545196" m_b="0.000000" m_c="0.000000" m_d="1.391380" m_tx="-181.480713" m_ty="-240.105850"/>
  </frame>
  <frame idx="225" w="472" h="521" x="-19.303507" y="-146.618378">
   <element name="geardrawer01" layername="geardrawer" frame="0" z_index="2" m_a="1.505691" m_b="0.000000" m_c="0.000000" m_d="1.477707" m_tx="-176.296188" m_ty="-258.277618"/>
  </frame>
  <frame idx="250" w="472" h="521" x="-19.303507" y="-146.618378">
   <element name="geardrawer01" layername="geardrawer" frame="0" z_index="2" m_a="1.505691" m_b="0.000000" m_c="0.000000" m_d="1.477707" m_tx="-176.296188" m_ty="-258.277618"/>
  </frame>
  <frame idx="275" w="472" h="521" x="-19.303507" y="-146.618378">
   <element name="geardrawer01" layername="geardrawer" frame="0" z_index="2" m_a="1.505691" m_b="0.000000" m_c="0.000000" m_d="1.477707" m_tx="-176.296188" m_ty="-258.277618"/>
  </frame>
  <frame idx="300" w="472" h="521" x="-19.303507" y="-146.618378">
   <element name="geardrawer01" layername="geardrawer" frame="0" z_index="2" m_a="1.505691" m_b="0.000000" m_c="0.000000" m_d="1.477707" m_tx="-176.296188" m_ty="-258.277618"/>
  </frame>
  <frame idx="325" w="472" h="521" x="-19.303507" y="-146.618378">
   <element name="geardrawer01" layername="geardrawer" frame="0" z_index="2" m_a="1.505691" m_b="0.000000" m_c="0.000000" m_d="1.477707" m_tx="-176.296188" m_ty="-258.277618"/>
  </frame>
  <frame idx="350" w="472" h="521" x="-19.303507" y="-146.618378">
   <element name="geardrawer01" layername="geardrawer" frame="0" z_index="2" m_a="1.505691" m_b="0.000000" m_c="0.000000" m_d="1.477707" m_tx="-176.296188" m_ty="-258.277618"/>
  </frame>
  <frame idx="375" w="472" h="521" x="-19.303507" y="-146.618378">
   <element name="geardrawer01" layername="geardrawer" frame="0" z_index="2" m_a="1.505691" m_b="0.000000" m_c="0.000000" m_d="1.477707" m_tx="-176.296188" m_ty="-258.277618"/>
  </frame>
  <frame idx="400" w="472" h="521" x="-19.303507" y="-146.618378">
   <element name="geardrawer01" layername="geardrawer" frame="0" z_index="2" m_a="1.505691" m_b="0.000000" m_c="0.000000" m_d="1.477707" m_tx="-176.296188" m_ty="-258.277618"/>
  </frame>
  <frame idx="425" w="472" h="521" x="-19.303507" y="-146.618378">
   <element name="geardrawer01" layername="geardrawer" frame="0" z_index="2" m_a="1.505691" m_b="0.000000" m_c="0.000000" m_d="1.477707" m_tx="-176.296188" m_ty="-258.277618"/>
  </frame>
  <frame idx="450" w="472" h="521" x="-19.303507" y="-146.618378">
   <element name="geardrawer01" layername="geardrawer" frame="0" z_index="2" m_a="1.505691" m_b="0.000000" m_c="0.000000" m_d="1.477707" m_tx="-176.296188" m_ty="-258.277618"/>
  </frame>
  <frame idx="475" w="472" h="521" x="-19.303507" y="-146.618378">
   <element name="geardrawer01" layername="geardrawer" frame="0" z_index="2" m_a="1.505691" m_b="0.000000" m_c="0.000000" m_d="1.477707" m_tx="-176.296188" m_ty="-258.277618"/>
  </frame>
  <frame idx="500" w="472" h="521" x="-19.303507" y="-146.618378">
   <element name="geardrawer01" layername="geardrawer" frame="0" z_index="2" m_a="1.505691" m_b="0.000000" m_c="0.000000" m_d="1.477707" m_tx="-176.296188" m_ty="-258.277618"/>
  </frame>
  <frame idx="525" w="472" h="521" x="-19.303507" y="-146.618378">
   <element name="geardrawer01" layername="geardrawer" frame="0" z_index="2" m_a="1.505691" m_b="0.000000" m_c="0.000000" m_d="1.477707" m_tx="-176.296188" m_ty="-258.277618"/>
  </frame>
  <frame idx="550" w="472" h="521" x="-19.303507" y="-146.618378">
   <element name="geardrawer01" layername="geardrawer" frame="0" z_index="2" m_a="1.505691" m_b="0.000000" m_c="0.000000" m_d="1.477707" m_tx="-176.296188" m_ty="-258.277618"/>
  </frame>
  <frame idx="575" w="472" h="521" x="-19.303507" y="-146.618378">
   <element name="geardrawer01" layername="geardrawer" frame="0" z_index="2" m_a="1.505691" m_b="0.000000" m_c="0.000000" m_d="1.477707" m_tx="-176.296188" m_ty="-258.277618"/>
  </frame>
  <frame idx="600" w="472" h="521" x="-19.303507" y="-146.618378">
   <element name="geardrawer01" layername="geardrawer" frame="0" z_index="2" m_a="1.505691" m_b="0.000000" m_c="0.000000" m_d="1.477707" m_tx="-176.296188" m_ty="-258.277618"/>
  </frame>
  <frame idx="625" w="472" h="521" x="-19.303507" y="-146.618378">
   <element name="geardrawer01" layername="geardrawer" frame="0" z_index="2" m_a="1.505691" m_b="0.000000" m_c="0.000000" m_d="1.477707" m_tx="-176.296188" m_ty="-258.277618"/>
  </frame>
  <frame idx="650" w="472" h="521" x="-19.303507" y="-146.618378">
   <element name="geardrawer01" layername="geardrawer" frame="0" z_index="2" m_a="1.505691" m_b="0.000000" m_c="0.000000" m_d="1.477707" m_tx="-176.296188" m_ty="-258.277618"/>
  </frame>
  <frame idx="675" w="472" h="521" x="-19.303507" y="-146.618378">
   <element name="geardrawer01" layername="geardrawer" frame="0" z_index="2" m_a="1.505691" m_b="0.000000" m_c="0.000000" m_d="1.477707" m_tx="-176.296188" m_ty="-258.277618"/>
  </frame>
  <frame idx="700" w="472" h="521" x="-19.303507" y="-146.618378">
   <element name="geardrawer01" layername="geardrawer" frame="0" z_index="2" m_a="1.505691" m_b="0.000000" m_c="0.000000" m_d="1.477707" m_tx="-176.296188" m_ty="-258.277618"/>
  </frame>
  <frame idx="725" w="472" h="521" x="-19.303507" y="-146.618378">
   <element name="geardrawer01" layername="geardrawer" frame="0" z_index="2" m_a="1.505691" m_b="0.000000" m_c="0.000000" m_d="1.477707" m_tx="-176.296188" m_ty="-258.277618"/>
  </frame>
  <frame idx="750" w="472" h="521" x="-19.303507" y="-146.618378">
   <element name="geardrawer01" layername="geardrawer" frame="0" z_index="2" m_a="1.505691" m_b="0.000000" m_c="0.000000" m_d="1.477707" m_tx="-176.296188" m_ty="-258.277618"/>
  </frame>
  <frame idx="775" w="472" h="521" x="-19.303507" y="-146.618378">
   <element name="geardrawer01" layername="geardrawer" frame="0" z_index="2" m_a="1.505691" m_b="0.000000" m_c="0.000000" m_d="1.477707" m_tx="-176.296188" m_ty="-258.277618"/>
  </frame>
  <frame idx="800" w="472" h="521" x="-19.303507" y="-146.618378">
   <element name="geardrawer01" layername="geardrawer" frame="0" z_index="2" m_a="1.505691" m_b="0.000000" m_c="0.000000" m_d="1.477707" m_tx="-176.296188" m_ty="-258.277618"/>
  </frame>
  <frame idx="825" w="472" h="521" x="-19.303507" y="-146.618378">
   <element name="geardrawer01" layername="geardrawer" frame="0" z_index="2" m_a="1.505691" m_b="0.000000" m_c="0.000000" m_d="1.477707" m_tx="-176.296188" m_ty="-258.277618"/>
  </frame>
  <frame idx="850" w="472" h="521" x="-19.303507" y="-146.618378">
   <element name="geardrawer01" layername="geardrawer" frame="0" z_index="2" m_a="1.505691" m_b="0.000000" m_c="0.000000" m_d="1.477707" m_tx="-176.296188" m_ty="-258.277618"/>
  </frame>
  <frame idx="875" w="472" h="521" x="-19.303507" y="-146.618378">
   <element name="geardrawer01" layername="geardrawer" frame="0" z_index="2" m_a="1.505691" m_b="0.000000" m_c="0.000000" m_d="1.477707" m_tx="-176.296188" m_ty="-258.277618"/>
  </frame>
  <frame idx="900" w="472" h="521" x="-19.303507" y="-146.618378">
   <element name="geardrawer01" layername="geardrawer" frame="0" z_index="2" m_a="1.505691" m_b="0.000000" m_c="0.000000" m_d="1.477707" m_tx="-176.296188" m_ty="-258.277618"/>
  </frame>
  <frame idx="925" w="472" h="521" x="-19.303507" y="-146.618378">
   <element name="geardrawer01" layername="geardrawer" frame="0" z_index="2" m_a="1.505691" m_b="0.000000" m_c="0.000000" m_d="1.477707" m_tx="-176.296188" m_ty="-258.277618"/>
  </frame>
  <frame idx="950" w="472" h="521" x="-19.303507" y="-146.618378">
   <element name="geardrawer01" layername="geardrawer" frame="0" z_index="2" m_a="1.505691" m_b="0.000000" m_c="0.000000" m_d="1.477707" m_tx="-176.296188" m_ty="-258.277618"/>
  </frame>
  <frame idx="975" w="472" h="521" x="-19.303507" y="-146.618378">
   <element name="geardrawer01" layername="geardrawer" frame="0" z_index="2" m_a="1.505691" m_b="0.000000" m_c="0.000000" m_d="1.477707" m_tx="-176.296188" m_ty="-258.277618"/>
  </frame>
 </anim>
</Anims>
