<Anims>
 <anim name="idle" root="spiderchair1" numframes="1000" framerate="40">
  <frame idx="0" w="353" h="434" x="-29.500000" y="-130.714874">
   <element name="spiderchair01" layername="spiderchair" frame="0" z_index="2" m_a="1.000000" m_b="0.000000" m_c="0.000000" m_d="1.000000" m_tx="-147.000000" m_ty="-227.214874"/>
  </frame>
  <frame idx="25" w="353" h="434" x="-29.500000" y="-130.714874">
   <element name="spiderchair01" layername="spiderchair" frame="0" z_index="2" m_a="1.000000" m_b="0.000000" m_c="0.000000" m_d="1.000000" m_tx="-147.000000" m_ty="-227.214874"/>
  </frame>
  <frame idx="50" w="353" h="434" x="-29.500000" y="-130.714874">
   <element name="spiderchair01" layername="spiderchair" frame="0" z_index="2" m_a="1.000000" m_b="0.000000" m_c="0.000000" m_d="1.000000" m_tx="-147.000000" m_ty="-227.214874"/>
  </frame>
  <frame idx="75" w="353" h="434" x="-29.500000" y="-130.714874">
   <element name="spiderchair01" layername="spiderchair" frame="0" z_index="2" m_a="1.000000" m_b="0.000000" m_c="0.000000" m_d="1.000000" m_tx="-147.000000" m_ty="-227.214874"/>
  </frame>
  <frame idx="100" w="353" h="434" x="-29.500000" y="-130.714874">
   <element name="spiderchair01" layername="spiderchair" frame="0" z_index="2" m_a="1.000000" m_b="0.000000" m_c="0.000000" m_d="1.000000" m_tx="-147.000000" m_ty="-227.214874"/>
  </frame>
  <frame idx="125" w="353" h="434" x="-29.500000" y="-130.714874">
   <element name="spiderchair01" layername="spiderchair" frame="0" z_index="2" m_a="1.000000" m_b="0.000000" m_c="0.000000" m_d="1.000000" m_tx="-147.000000" m_ty="-227.214874"/>
  </frame>
  <frame idx="150" w="353" h="434" x="-29.500000" y="-130.714874">
   <element name="spiderchair01" layername="spiderchair" frame="0" z_index="2" m_a="1.000000" m_b="0.000000" m_c="0.000000" m_d="1.000000" m_tx="-147.000000" m_ty="-227.214874"/>
  </frame>
  <frame idx="175" w="353" h="434" x="-29.500000" y="-130.714874">
   <element name="spiderchair01" layername="spiderchair" frame="0" z_index="2" m_a="1.000000" m_b="0.000000" m_c="0.000000" m_d="1.000000" m_tx="-147.000000" m_ty="-227.214874"/>
  </frame>
  <frame idx="200" w="353" h="434" x="-29.500000" y="-130.714874">
   <element name="spiderchair01" layername="spiderchair" frame="0" z_index="2" m_a="1.000000" m_b="0.000000" m_c="0.000000" m_d="1.000000" m_tx="-147.000000" m_ty="-227.214874"/>
  </frame>
  <frame idx="225" w="353" h="434" x="-29.500000" y="-130.714874">
   <element name="spiderchair01" layername="spiderchair" frame="0" z_index="2" m_a="1.000000" m_b="0.000000" m_c="0.000000" m_d="1.000000" m_tx="-147.000000" m_ty="-227.214874"/>
  </frame>
  <frame idx="250" w="353" h="434" x="-29.500000" y="-130.714874">
   <element name="spiderchair01" layername="spiderchair" frame="0" z_index="2" m_a="1.000000" m_b="0.000000" m_c="0.000000" m_d="1.000000" m_tx="-147.000000" m_ty="-227.214874"/>
  </frame>
  <frame idx="275" w="353" h="434" x="-29.500000" y="-130.714874">
   <element name="spiderchair01" layername="spiderchair" frame="0" z_index="2" m_a="1.000000" m_b="0.000000" m_c="0.000000" m_d="1.000000" m_tx="-147.000000" m_ty="-227.214874"/>
  </frame>
  <frame idx="300" w="353" h="434" x="-29.500000" y="-130.714874">
   <element name="spiderchair01" layername="spiderchair" frame="0" z_index="2" m_a="1.000000" m_b="0.000000" m_c="0.000000" m_d="1.000000" m_tx="-147.000000" m_ty="-227.214874"/>
  </frame>
  <frame idx="325" w="353" h="434" x="-29.500000" y="-130.714874">
   <element name="spiderchair01" layername="spiderchair" frame="0" z_index="2" m_a="1.000000" m_b="0.000000" m_c="0.000000" m_d="1.000000" m_tx="-147.000000" m_ty="-227.214874"/>
  </frame>
  <frame idx="350" w="353" h="434" x="-29.500000" y="-130.714874">
   <element name="spiderchair01" layername="spiderchair" frame="0" z_index="2" m_a="1.000000" m_b="0.000000" m_c="0.000000" m_d="1.000000" m_tx="-147.000000" m_ty="-227.214874"/>
  </frame>
  <frame idx="375" w="353" h="434" x="-29.500000" y="-130.714874">
   <element name="spiderchair01" layername="spiderchair" frame="0" z_index="2" m_a="1.000000" m_b="0.000000" m_c="0.000000" m_d="1.000000" m_tx="-147.000000" m_ty="-227.214874"/>
  </frame>
  <frame idx="400" w="353" h="434" x="-29.500000" y="-130.714874">
   <element name="spiderchair01" layername="spiderchair" frame="0" z_index="2" m_a="1.000000" m_b="0.000000" m_c="0.000000" m_d="1.000000" m_tx="-147.000000" m_ty="-227.214874"/>
  </frame>
  <frame idx="425" w="353" h="434" x="-29.500000" y="-130.714874">
   <element name="spiderchair01" layername="spiderchair" frame="0" z_index="2" m_a="1.000000" m_b="0.000000" m_c="0.000000" m_d="1.000000" m_tx="-147.000000" m_ty="-227.214874"/>
  </frame>
  <frame idx="450" w="353" h="434" x="-29.500000" y="-130.714874">
   <element name="spiderchair01" layername="spiderchair" frame="0" z_index="2" m_a="1.000000" m_b="0.000000" m_c="0.000000" m_d="1.000000" m_tx="-147.000000" m_ty="-227.214874"/>
  </frame>
  <frame idx="475" w="353" h="434" x="-29.500000" y="-130.714874">
   <element name="spiderchair01" layername="spiderchair" frame="0" z_index="2" m_a="1.000000" m_b="0.000000" m_c="0.000000" m_d="1.000000" m_tx="-147.000000" m_ty="-227.214874"/>
  </frame>
  <frame idx="500" w="353" h="434" x="-29.500000" y="-130.714874">
   <element name="spiderchair01" layername="spiderchair" frame="0" z_index="2" m_a="1.000000" m_b="0.000000" m_c="0.000000" m_d="1.000000" m_tx="-147.000000" m_ty="-227.214874"/>
  </frame>
  <frame idx="525" w="353" h="434" x="-29.500000" y="-130.714874">
   <element name="spiderchair01" layername="spiderchair" frame="0" z_index="2" m_a="1.000000" m_b="0.000000" m_c="0.000000" m_d="1.000000" m_tx="-147.000000" m_ty="-227.214874"/>
  </frame>
  <frame idx="550" w="353" h="434" x="-29.500000" y="-130.714874">
   <element name="spiderchair01" layername="spiderchair" frame="0" z_index="2" m_a="1.000000" m_b="0.000000" m_c="0.000000" m_d="1.000000" m_tx="-147.000000" m_ty="-227.214874"/>
  </frame>
  <frame idx="575" w="353" h="434" x="-29.500000" y="-130.714874">
   <element name="spiderchair01" layername="spiderchair" frame="0" z_index="2" m_a="1.000000" m_b="0.000000" m_c="0.000000" m_d="1.000000" m_tx="-147.000000" m_ty="-227.214874"/>
  </frame>
  <frame idx="600" w="353" h="434" x="-29.500000" y="-130.714874">
   <element name="spiderchair01" layername="spiderchair" frame="0" z_index="2" m_a="1.000000" m_b="0.000000" m_c="0.000000" m_d="1.000000" m_tx="-147.000000" m_ty="-227.214874"/>
  </frame>
  <frame idx="625" w="353" h="434" x="-29.500000" y="-130.714874">
   <element name="spiderchair01" layername="spiderchair" frame="0" z_index="2" m_a="1.000000" m_b="0.000000" m_c="0.000000" m_d="1.000000" m_tx="-147.000000" m_ty="-227.214874"/>
  </frame>
  <frame idx="650" w="353" h="434" x="-29.500000" y="-130.714874">
   <element name="spiderchair01" layername="spiderchair" frame="0" z_index="2" m_a="1.000000" m_b="0.000000" m_c="0.000000" m_d="1.000000" m_tx="-147.000000" m_ty="-227.214874"/>
  </frame>
  <frame idx="675" w="353" h="434" x="-29.500000" y="-130.714874">
   <element name="spiderchair01" layername="spiderchair" frame="0" z_index="2" m_a="1.000000" m_b="0.000000" m_c="0.000000" m_d="1.000000" m_tx="-147.000000" m_ty="-227.214874"/>
  </frame>
  <frame idx="700" w="353" h="434" x="-29.500000" y="-130.714874">
   <element name="spiderchair01" layername="spiderchair" frame="0" z_index="2" m_a="1.000000" m_b="0.000000" m_c="0.000000" m_d="1.000000" m_tx="-147.000000" m_ty="-227.214874"/>
  </frame>
  <frame idx="725" w="353" h="434" x="-29.500000" y="-130.714874">
   <element name="spiderchair01" layername="spiderchair" frame="0" z_index="2" m_a="1.000000" m_b="0.000000" m_c="0.000000" m_d="1.000000" m_tx="-147.000000" m_ty="-227.214874"/>
  </frame>
  <frame idx="750" w="353" h="434" x="-29.500000" y="-130.714874">
   <element name="spiderchair01" layername="spiderchair" frame="0" z_index="2" m_a="1.000000" m_b="0.000000" m_c="0.000000" m_d="1.000000" m_tx="-147.000000" m_ty="-227.214874"/>
  </frame>
  <frame idx="775" w="353" h="434" x="-29.500000" y="-130.714874">
   <element name="spiderchair01" layername="spiderchair" frame="0" z_index="2" m_a="1.000000" m_b="0.000000" m_c="0.000000" m_d="1.000000" m_tx="-147.000000" m_ty="-227.214874"/>
  </frame>
  <frame idx="800" w="353" h="434" x="-29.500000" y="-130.714874">
   <element name="spiderchair01" layername="spiderchair" frame="0" z_index="2" m_a="1.000000" m_b="0.000000" m_c="0.000000" m_d="1.000000" m_tx="-147.000000" m_ty="-227.214874"/>
  </frame>
  <frame idx="825" w="353" h="434" x="-29.500000" y="-130.714874">
   <element name="spiderchair01" layername="spiderchair" frame="0" z_index="2" m_a="1.000000" m_b="0.000000" m_c="0.000000" m_d="1.000000" m_tx="-147.000000" m_ty="-227.214874"/>
  </frame>
  <frame idx="850" w="353" h="434" x="-29.500000" y="-130.714874">
   <element name="spiderchair01" layername="spiderchair" frame="0" z_index="2" m_a="1.000000" m_b="0.000000" m_c="0.000000" m_d="1.000000" m_tx="-147.000000" m_ty="-227.214874"/>
  </frame>
  <frame idx="875" w="353" h="434" x="-29.500000" y="-130.714874">
   <element name="spiderchair01" layername="spiderchair" frame="0" z_index="2" m_a="1.000000" m_b="0.000000" m_c="0.000000" m_d="1.000000" m_tx="-147.000000" m_ty="-227.214874"/>
  </frame>
  <frame idx="900" w="353" h="434" x="-29.500000" y="-130.714874">
   <element name="spiderchair01" layername="spiderchair" frame="0" z_index="2" m_a="1.000000" m_b="0.000000" m_c="0.000000" m_d="1.000000" m_tx="-147.000000" m_ty="-227.214874"/>
  </frame>
  <frame idx="925" w="353" h="434" x="-29.500000" y="-130.714874">
   <element name="spiderchair01" layername="spiderchair" frame="0" z_index="2" m_a="1.000000" m_b="0.000000" m_c="0.000000" m_d="1.000000" m_tx="-147.000000" m_ty="-227.214874"/>
  </frame>
  <frame idx="950" w="353" h="434" x="-29.500000" y="-130.714874">
   <element name="spiderchair01" layername="spiderchair" frame="0" z_index="2" m_a="1.000000" m_b="0.000000" m_c="0.000000" m_d="1.000000" m_tx="-147.000000" m_ty="-227.214874"/>
  </frame>
  <frame idx="975" w="353" h="434" x="-29.500000" y="-130.714874">
   <element name="spiderchair01" layername="spiderchair" frame="0" z_index="2" m_a="1.000000" m_b="0.000000" m_c="0.000000" m_d="1.000000" m_tx="-147.000000" m_ty="-227.214874"/>
  </frame>
 </anim>
 <anim name="hit" root="spiderchair1" numframes="300" framerate="40">
  <frame idx="0" w="353" h="434" x="-29.500000" y="-130.714874">
   <element name="spiderchair01" layername="spiderchair" frame="0" z_index="2" m_a="1.000000" m_b="0.000000" m_c="0.000000" m_d="1.000000" m_tx="-147.000000" m_ty="-227.214874"/>
  </frame>
  <frame idx="25" w="371" h="370" x="-31.397348" y="-107.778549">
   <element name="spiderchair01" layername="spiderchair" frame="0" z_index="2" m_a="1.047848" m_b="0.000000" m_c="0.000000" m_d="0.869391" m_tx="-154.430984" m_ty="-192.407532"/>
  </frame>
  <frame idx="50" w="388" h="308" x="-33.294697" y="-85.342201">
   <element name="spiderchair01" layername="spiderchair" frame="0" z_index="2" m_a="1.095696" m_b="0.000000" m_c="0.000000" m_d="0.738782" m_tx="-161.861954" m_ty="-157.600174"/>
  </frame>
  <frame idx="75" w="405" h="244" x="-35.192047" y="-62.405869">
   <element name="spiderchair01" layername="spiderchair" frame="0" z_index="2" m_a="1.143543" m_b="0.000000" m_c="0.000000" m_d="0.608173" m_tx="-169.292938" m_ty="-122.792824"/>
  </frame>
  <frame idx="100" w="422" h="180" x="-37.089378" y="-39.469540">
   <element name="spiderchair01" layername="spiderchair" frame="0" z_index="2" m_a="1.191391" m_b="0.000000" m_c="0.000000" m_d="0.477563" m_tx="-176.723907" m_ty="-87.985481"/>
  </frame>
  <frame idx="125" w="413" h="213" x="-35.887978" y="-51.307495">
   <element name="spiderchair01" layername="spiderchair" frame="0" z_index="2" m_a="1.167139" m_b="0.000000" m_c="0.000000" m_d="0.543765" m_tx="-172.957367" m_ty="-105.628281"/>
  </frame>
  <frame idx="150" w="399" h="263" x="-34.572529" y="-69.150078">
   <element name="spiderchair01" layername="spiderchair" frame="0" z_index="2" m_a="1.129153" m_b="0.000000" m_c="0.000000" m_d="0.647455" m_tx="-167.057968" m_ty="-133.261597"/>
  </frame>
  <frame idx="175" w="386" h="314" x="-33.257095" y="-87.492668">
   <element name="spiderchair01" layername="spiderchair" frame="0" z_index="2" m_a="1.091166" m_b="0.000000" m_c="0.000000" m_d="0.751145" m_tx="-161.158569" m_ty="-160.894913"/>
  </frame>
  <frame idx="200" w="372" h="363" x="-31.441643" y="-105.335251">
   <element name="spiderchair01" layername="spiderchair" frame="0" z_index="2" m_a="1.053180" m_b="0.000000" m_c="0.000000" m_d="0.854834" m_tx="-155.259171" m_ty="-188.528229"/>
  </frame>
  <frame idx="225" w="359" h="413" x="-30.126177" y="-123.177841">
   <element name="spiderchair01" layername="spiderchair" frame="0" z_index="2" m_a="1.015194" m_b="0.000000" m_c="0.000000" m_d="0.958524" m_tx="-149.359756" m_ty="-216.161545"/>
  </frame>
  <frame idx="250" w="353" h="434" x="-29.500000" y="-130.714874">
   <element name="spiderchair01" layername="spiderchair" frame="0" z_index="2" m_a="1.000000" m_b="0.000000" m_c="0.000000" m_d="1.000000" m_tx="-147.000000" m_ty="-227.214874"/>
  </frame>
  <frame idx="275" w="353" h="434" x="-29.500000" y="-130.714874">
   <element name="spiderchair01" layername="spiderchair" frame="0" z_index="2" m_a="1.000000" m_b="0.000000" m_c="0.000000" m_d="1.000000" m_tx="-147.000000" m_ty="-227.214874"/>
  </frame>
 </anim>
</Anims>
