<Anims>
 <anim name="idle" root="balloonchair" numframes="300" framerate="40">
  <frame idx="0" w="267" h="308" x="-15.725349" y="-84.021133">
   <element name="balloonchair01" layername="balloonchair" frame="0" z_index="2" m_a="1.000000" m_b="0.000000" m_c="0.000000" m_d="1.000000" m_tx="-104.225349" m_ty="-153.521133"/>
  </frame>
  <frame idx="25" w="267" h="308" x="-15.725349" y="-84.021133">
   <element name="balloonchair01" layername="balloonchair" frame="0" z_index="2" m_a="1.000000" m_b="0.000000" m_c="0.000000" m_d="1.000000" m_tx="-104.225349" m_ty="-153.521133"/>
  </frame>
  <frame idx="50" w="267" h="308" x="-15.725349" y="-84.021133">
   <element name="balloonchair01" layername="balloonchair" frame="0" z_index="2" m_a="1.000000" m_b="0.000000" m_c="0.000000" m_d="1.000000" m_tx="-104.225349" m_ty="-153.521133"/>
  </frame>
  <frame idx="75" w="267" h="308" x="-15.725349" y="-84.021133">
   <element name="balloonchair01" layername="balloonchair" frame="0" z_index="2" m_a="1.000000" m_b="0.000000" m_c="0.000000" m_d="1.000000" m_tx="-104.225349" m_ty="-153.521133"/>
  </frame>
  <frame idx="100" w="267" h="308" x="-15.725349" y="-84.021133">
   <element name="balloonchair01" layername="balloonchair" frame="0" z_index="2" m_a="1.000000" m_b="0.000000" m_c="0.000000" m_d="1.000000" m_tx="-104.225349" m_ty="-153.521133"/>
  </frame>
  <frame idx="125" w="267" h="308" x="-15.725349" y="-84.021133">
   <element name="balloonchair01" layername="balloonchair" frame="0" z_index="2" m_a="1.000000" m_b="0.000000" m_c="0.000000" m_d="1.000000" m_tx="-104.225349" m_ty="-153.521133"/>
  </frame>
  <frame idx="150" w="267" h="308" x="-15.725349" y="-84.021133">
   <element name="balloonchair01" layername="balloonchair" frame="0" z_index="2" m_a="1.000000" m_b="0.000000" m_c="0.000000" m_d="1.000000" m_tx="-104.225349" m_ty="-153.521133"/>
  </frame>
  <frame idx="175" w="267" h="308" x="-15.725349" y="-84.021133">
   <element name="balloonchair01" layername="balloonchair" frame="0" z_index="2" m_a="1.000000" m_b="0.000000" m_c="0.000000" m_d="1.000000" m_tx="-104.225349" m_ty="-153.521133"/>
  </frame>
  <frame idx="200" w="267" h="308" x="-15.725349" y="-84.021133">
   <element name="balloonchair01" layername="balloonchair" frame="0" z_index="2" m_a="1.000000" m_b="0.000000" m_c="0.000000" m_d="1.000000" m_tx="-104.225349" m_ty="-153.521133"/>
  </frame>
  <frame idx="225" w="267" h="308" x="-15.725349" y="-84.021133">
   <element name="balloonchair01" layername="balloonchair" frame="0" z_index="2" m_a="1.000000" m_b="0.000000" m_c="0.000000" m_d="1.000000" m_tx="-104.225349" m_ty="-153.521133"/>
  </frame>
  <frame idx="250" w="267" h="308" x="-15.725349" y="-84.021133">
   <element name="balloonchair01" layername="balloonchair" frame="0" z_index="2" m_a="1.000000" m_b="0.000000" m_c="0.000000" m_d="1.000000" m_tx="-104.225349" m_ty="-153.521133"/>
  </frame>
  <frame idx="275" w="267" h="308" x="-15.725349" y="-84.021133">
   <element name="balloonchair01" layername="balloonchair" frame="0" z_index="2" m_a="1.000000" m_b="0.000000" m_c="0.000000" m_d="1.000000" m_tx="-104.225349" m_ty="-153.521133"/>
  </frame>
 </anim>
 <anim name="hit" root="balloonchair" numframes="300" framerate="40">
  <frame idx="0" w="267" h="308" x="-15.725349" y="-84.021133">
   <element name="balloonchair01" layername="balloonchair" frame="0" z_index="2" m_a="1.000000" m_b="0.000000" m_c="0.000000" m_d="1.000000" m_tx="-104.225349" m_ty="-153.521133"/>
  </frame>
  <frame idx="25" w="285" h="239" x="-17.994110" y="-59.137630">
   <element name="balloonchair01" layername="balloonchair" frame="0" z_index="2" m_a="1.064923" m_b="0.000000" m_c="0.000000" m_d="0.803297" m_tx="-112.200516" m_ty="-115.852463"/>
  </frame>
  <frame idx="50" w="302" h="171" x="-20.262884" y="-34.754128">
   <element name="balloonchair01" layername="balloonchair" frame="0" z_index="2" m_a="1.129845" m_b="0.000000" m_c="0.000000" m_d="0.606593" m_tx="-120.175682" m_ty="-78.183792"/>
  </frame>
  <frame idx="75" w="294" h="178" x="-19.858486" y="-42.186005">
   <element name="balloonchair01" layername="balloonchair" frame="0" z_index="2" m_a="1.103277" m_b="0.000000" m_c="0.000000" m_d="0.604937" m_tx="-117.822243" m_ty="-84.957458"/>
  </frame>
  <frame idx="100" w="272" h="236" x="-18.838627" y="-71.328110">
   <element name="balloonchair01" layername="balloonchair" frame="0" z_index="2" m_a="1.015715" m_b="0.000000" m_c="0.000000" m_d="0.733311" m_tx="-108.583046" m_ty="-121.359337"/>
  </frame>
  <frame idx="125" w="249" h="293" x="-17.318785" y="-99.970222">
   <element name="balloonchair01" layername="balloonchair" frame="0" z_index="2" m_a="0.928154" m_b="0.000000" m_c="0.000000" m_d="0.861686" m_tx="-99.343864" m_ty="-157.761215"/>
  </frame>
  <frame idx="150" w="225" h="351" x="-15.798926" y="-129.112335">
   <element name="balloonchair01" layername="balloonchair" frame="0" z_index="2" m_a="0.840592" m_b="0.000000" m_c="0.000000" m_d="0.990060" m_tx="-90.104668" m_ty="-194.163101"/>
  </frame>
  <frame idx="175" w="212" h="391" x="-14.853242" y="-146.850616">
   <element name="balloonchair01" layername="balloonchair" frame="0" z_index="2" m_a="0.789664" m_b="0.000000" m_c="0.000000" m_d="1.085030" m_tx="-84.505989" m_ty="-217.470978"/>
  </frame>
  <frame idx="200" w="237" h="353" x="-15.204195" y="-117.973572">
   <element name="balloonchair01" layername="balloonchair" frame="0" z_index="2" m_a="0.885271" m_b="0.000000" m_c="0.000000" m_d="1.046380" m_tx="-93.469330" m_ty="-188.402863"/>
  </frame>
  <frame idx="225" w="262" h="316" x="-15.555155" y="-89.596527">
   <element name="balloonchair01" layername="balloonchair" frame="0" z_index="2" m_a="0.980879" m_b="0.000000" m_c="0.000000" m_d="1.007730" m_tx="-102.432678" m_ty="-159.334747"/>
  </frame>
  <frame idx="250" w="267" h="308" x="-15.725349" y="-84.021133">
   <element name="balloonchair01" layername="balloonchair" frame="0" z_index="2" m_a="1.000000" m_b="0.000000" m_c="0.000000" m_d="1.000000" m_tx="-104.225349" m_ty="-153.521133"/>
  </frame>
  <frame idx="275" w="267" h="308" x="-15.725349" y="-84.021133">
   <element name="balloonchair01" layername="balloonchair" frame="0" z_index="2" m_a="1.000000" m_b="0.000000" m_c="0.000000" m_d="1.000000" m_tx="-104.225349" m_ty="-153.521133"/>
  </frame>
 </anim>
</Anims>
