<Anims>
 <anim name="idle" root="cabintable" numframes="300" framerate="40">
  <frame idx="0" w="508" h="328" x="-35.145157" y="-152.253616">
   <element name="table01" layername="tabl" frame="0" z_index="4" m_a="1.000000" m_b="0.000000" m_c="0.000000" m_d="1.000000" m_tx="-130.645157" m_ty="-88.709679"/>
   <element name="table01" layername="tabl" frame="1" z_index="3" m_a="1.000000" m_b="0.000000" m_c="0.000000" m_d="1.000000" m_tx="-200.000000" m_ty="-192.753616"/>
  </frame>
  <frame idx="25" w="508" h="328" x="-35.145157" y="-152.253616">
   <element name="table01" layername="tabl" frame="0" z_index="4" m_a="1.000000" m_b="0.000000" m_c="0.000000" m_d="1.000000" m_tx="-130.645157" m_ty="-88.709679"/>
   <element name="table01" layername="tabl" frame="1" z_index="3" m_a="1.000000" m_b="0.000000" m_c="0.000000" m_d="1.000000" m_tx="-200.000000" m_ty="-192.753616"/>
  </frame>
  <frame idx="50" w="508" h="328" x="-35.145157" y="-152.253616">
   <element name="table01" layername="tabl" frame="0" z_index="4" m_a="1.000000" m_b="0.000000" m_c="0.000000" m_d="1.000000" m_tx="-130.645157" m_ty="-88.709679"/>
   <element name="table01" layername="tabl" frame="1" z_index="3" m_a="1.000000" m_b="0.000000" m_c="0.000000" m_d="1.000000" m_tx="-200.000000" m_ty="-192.753616"/>
  </frame>
  <frame idx="75" w="508" h="328" x="-35.145157" y="-152.253616">
   <element name="table01" layername="tabl" frame="0" z_index="4" m_a="1.000000" m_b="0.000000" m_c="0.000000" m_d="1.000000" m_tx="-130.645157" m_ty="-88.709679"/>
   <element name="table01" layername="tabl" frame="1" z_index="3" m_a="1.000000" m_b="0.000000" m_c="0.000000" m_d="1.000000" m_tx="-200.000000" m_ty="-192.753616"/>
  </frame>
  <frame idx="100" w="508" h="328" x="-35.145157" y="-152.253616">
   <element name="table01" layername="tabl" frame="0" z_index="4" m_a="1.000000" m_b="0.000000" m_c="0.000000" m_d="1.000000" m_tx="-130.645157" m_ty="-88.709679"/>
   <element name="table01" layername="tabl" frame="1" z_index="3" m_a="1.000000" m_b="0.000000" m_c="0.000000" m_d="1.000000" m_tx="-200.000000" m_ty="-192.753616"/>
  </frame>
  <frame idx="125" w="508" h="328" x="-35.145157" y="-152.253616">
   <element name="table01" layername="tabl" frame="0" z_index="4" m_a="1.000000" m_b="0.000000" m_c="0.000000" m_d="1.000000" m_tx="-130.645157" m_ty="-88.709679"/>
   <element name="table01" layername="tabl" frame="1" z_index="3" m_a="1.000000" m_b="0.000000" m_c="0.000000" m_d="1.000000" m_tx="-200.000000" m_ty="-192.753616"/>
  </frame>
  <frame idx="150" w="508" h="328" x="-35.145157" y="-152.253616">
   <element name="table01" layername="tabl" frame="0" z_index="4" m_a="1.000000" m_b="0.000000" m_c="0.000000" m_d="1.000000" m_tx="-130.645157" m_ty="-88.709679"/>
   <element name="table01" layername="tabl" frame="1" z_index="3" m_a="1.000000" m_b="0.000000" m_c="0.000000" m_d="1.000000" m_tx="-200.000000" m_ty="-192.753616"/>
  </frame>
  <frame idx="175" w="508" h="328" x="-35.145157" y="-152.253616">
   <element name="table01" layername="tabl" frame="0" z_index="4" m_a="1.000000" m_b="0.000000" m_c="0.000000" m_d="1.000000" m_tx="-130.645157" m_ty="-88.709679"/>
   <element name="table01" layername="tabl" frame="1" z_index="3" m_a="1.000000" m_b="0.000000" m_c="0.000000" m_d="1.000000" m_tx="-200.000000" m_ty="-192.753616"/>
  </frame>
  <frame idx="200" w="508" h="328" x="-35.145157" y="-152.253616">
   <element name="table01" layername="tabl" frame="0" z_index="4" m_a="1.000000" m_b="0.000000" m_c="0.000000" m_d="1.000000" m_tx="-130.645157" m_ty="-88.709679"/>
   <element name="table01" layername="tabl" frame="1" z_index="3" m_a="1.000000" m_b="0.000000" m_c="0.000000" m_d="1.000000" m_tx="-200.000000" m_ty="-192.753616"/>
  </frame>
  <frame idx="225" w="508" h="328" x="-35.145157" y="-152.253616">
   <element name="table01" layername="tabl" frame="0" z_index="4" m_a="1.000000" m_b="0.000000" m_c="0.000000" m_d="1.000000" m_tx="-130.645157" m_ty="-88.709679"/>
   <element name="table01" layername="tabl" frame="1" z_index="3" m_a="1.000000" m_b="0.000000" m_c="0.000000" m_d="1.000000" m_tx="-200.000000" m_ty="-192.753616"/>
  </frame>
  <frame idx="250" w="508" h="328" x="-35.145157" y="-152.253616">
   <element name="table01" layername="tabl" frame="0" z_index="4" m_a="1.000000" m_b="0.000000" m_c="0.000000" m_d="1.000000" m_tx="-130.645157" m_ty="-88.709679"/>
   <element name="table01" layername="tabl" frame="1" z_index="3" m_a="1.000000" m_b="0.000000" m_c="0.000000" m_d="1.000000" m_tx="-200.000000" m_ty="-192.753616"/>
  </frame>
  <frame idx="275" w="508" h="328" x="-35.145157" y="-152.253616">
   <element name="table01" layername="tabl" frame="0" z_index="4" m_a="1.000000" m_b="0.000000" m_c="0.000000" m_d="1.000000" m_tx="-130.645157" m_ty="-88.709679"/>
   <element name="table01" layername="tabl" frame="1" z_index="3" m_a="1.000000" m_b="0.000000" m_c="0.000000" m_d="1.000000" m_tx="-200.000000" m_ty="-192.753616"/>
  </frame>
 </anim>
 <anim name="hit" root="cabintable" numframes="300" framerate="40">
  <frame idx="0" w="508" h="328" x="-35.145157" y="-152.253616">
   <element name="table01" layername="tabl" frame="0" z_index="4" m_a="1.000000" m_b="0.000000" m_c="0.000000" m_d="1.000000" m_tx="-130.645157" m_ty="-88.709679"/>
   <element name="table01" layername="tabl" frame="1" z_index="3" m_a="1.000000" m_b="0.000000" m_c="0.000000" m_d="1.000000" m_tx="-200.000000" m_ty="-192.753616"/>
  </frame>
  <frame idx="25" w="512" h="314" x="-35.796028" y="-139.331924">
   <element name="table01" layername="tabl" frame="0" z_index="4" m_a="1.037115" m_b="0.000000" m_c="0.000000" m_d="0.951527" m_tx="-135.917847" m_ty="-81.899162"/>
   <element name="table01" layername="tabl" frame="1" z_index="3" m_a="1.018630" m_b="0.022584" m_c="-0.021286" m_d="0.960060" m_tx="-205.097626" m_ty="-182.858765"/>
  </frame>
  <frame idx="50" w="522" h="285" x="-37.565395" y="-123.405716">
   <element name="table01" layername="tabl" frame="0" z_index="4" m_a="1.082798" m_b="0.000000" m_c="0.000000" m_d="0.881785" m_tx="-142.341629" m_ty="-72.100517"/>
   <element name="table01" layername="tabl" frame="1" z_index="3" m_a="1.039421" m_b="0.015975" m_c="-0.014029" m_d="0.912794" m_tx="-211.389862" m_ty="-164.830566"/>
  </frame>
  <frame idx="75" w="531" h="278" x="-37.294243" y="-125.697311">
   <element name="table01" layername="tabl" frame="0" z_index="4" m_a="1.082557" m_b="0.000000" m_c="0.000000" m_d="0.863838" m_tx="-142.187073" m_ty="-69.578987"/>
   <element name="table01" layername="tabl" frame="1" z_index="3" m_a="1.033631" m_b="-0.048155" m_c="0.042621" m_d="0.914845" m_tx="-211.388580" m_ty="-154.294159"/>
  </frame>
  <frame idx="100" w="519" h="305" x="-36.211418" y="-140.130035">
   <element name="table01" layername="tabl" frame="0" z_index="4" m_a="1.036692" m_b="0.000000" m_c="0.000000" m_d="0.939484" m_tx="-135.774902" m_ty="-80.207153"/>
   <element name="table01" layername="tabl" frame="1" z_index="3" m_a="1.015228" m_b="-0.021009" m_c="0.019916" m_d="0.962388" m_tx="-205.061584" m_ty="-175.660522"/>
  </frame>
  <frame idx="125" w="508" h="328" x="-35.145157" y="-152.253616">
   <element name="table01" layername="tabl" frame="0" z_index="4" m_a="1.000000" m_b="0.000000" m_c="0.000000" m_d="1.000000" m_tx="-130.645157" m_ty="-88.709679"/>
   <element name="table01" layername="tabl" frame="1" z_index="3" m_a="1.000000" m_b="0.000000" m_c="0.000000" m_d="1.000000" m_tx="-200.000000" m_ty="-192.753616"/>
  </frame>
  <frame idx="150" w="508" h="328" x="-35.145157" y="-152.253616">
   <element name="table01" layername="tabl" frame="0" z_index="4" m_a="1.000000" m_b="0.000000" m_c="0.000000" m_d="1.000000" m_tx="-130.645157" m_ty="-88.709679"/>
   <element name="table01" layername="tabl" frame="1" z_index="3" m_a="1.000000" m_b="0.000000" m_c="0.000000" m_d="1.000000" m_tx="-200.000000" m_ty="-192.753616"/>
  </frame>
  <frame idx="175" w="508" h="328" x="-35.145157" y="-152.253616">
   <element name="table01" layername="tabl" frame="0" z_index="4" m_a="1.000000" m_b="0.000000" m_c="0.000000" m_d="1.000000" m_tx="-130.645157" m_ty="-88.709679"/>
   <element name="table01" layername="tabl" frame="1" z_index="3" m_a="1.000000" m_b="0.000000" m_c="0.000000" m_d="1.000000" m_tx="-200.000000" m_ty="-192.753616"/>
  </frame>
  <frame idx="200" w="508" h="328" x="-35.145157" y="-152.253616">
   <element name="table01" layername="tabl" frame="0" z_index="4" m_a="1.000000" m_b="0.000000" m_c="0.000000" m_d="1.000000" m_tx="-130.645157" m_ty="-88.709679"/>
   <element name="table01" layername="tabl" frame="1" z_index="3" m_a="1.000000" m_b="0.000000" m_c="0.000000" m_d="1.000000" m_tx="-200.000000" m_ty="-192.753616"/>
  </frame>
  <frame idx="225" w="508" h="328" x="-35.145157" y="-152.253616">
   <element name="table01" layername="tabl" frame="0" z_index="4" m_a="1.000000" m_b="0.000000" m_c="0.000000" m_d="1.000000" m_tx="-130.645157" m_ty="-88.709679"/>
   <element name="table01" layername="tabl" frame="1" z_index="3" m_a="1.000000" m_b="0.000000" m_c="0.000000" m_d="1.000000" m_tx="-200.000000" m_ty="-192.753616"/>
  </frame>
  <frame idx="250" w="508" h="328" x="-35.145157" y="-152.253616">
   <element name="table01" layername="tabl" frame="0" z_index="4" m_a="1.000000" m_b="0.000000" m_c="0.000000" m_d="1.000000" m_tx="-130.645157" m_ty="-88.709679"/>
   <element name="table01" layername="tabl" frame="1" z_index="3" m_a="1.000000" m_b="0.000000" m_c="0.000000" m_d="1.000000" m_tx="-200.000000" m_ty="-192.753616"/>
  </frame>
  <frame idx="275" w="508" h="328" x="-35.145157" y="-152.253616">
   <element name="table01" layername="tabl" frame="0" z_index="4" m_a="1.000000" m_b="0.000000" m_c="0.000000" m_d="1.000000" m_tx="-130.645157" m_ty="-88.709679"/>
   <element name="table01" layername="tabl" frame="1" z_index="3" m_a="1.000000" m_b="0.000000" m_c="0.000000" m_d="1.000000" m_tx="-200.000000" m_ty="-192.753616"/>
  </frame>
 </anim>
</Anims>
