<Anims>
 <anim name="anim" root="girlydisplay" numframes="1000" framerate="40">
  <frame idx="0" w="477" h="466" x="-38.375000" y="-140.250000">
   <element name="butterflydisplay01" layername="bdisplay" frame="0" z_index="6" m_a="1.000000" m_b="0.000000" m_c="0.000000" m_d="1.000000" m_tx="-196.875000" m_ty="-243.750000"/>
  </frame>
  <frame idx="25" w="477" h="466" x="-38.375000" y="-140.250000">
   <element name="butterflydisplay01" layername="bdisplay" frame="0" z_index="6" m_a="1.000000" m_b="0.000000" m_c="0.000000" m_d="1.000000" m_tx="-196.875000" m_ty="-243.750000"/>
  </frame>
  <frame idx="50" w="477" h="466" x="-38.375000" y="-140.250000">
   <element name="butterflydisplay01" layername="bdisplay" frame="0" z_index="6" m_a="1.000000" m_b="0.000000" m_c="0.000000" m_d="1.000000" m_tx="-196.875000" m_ty="-243.750000"/>
  </frame>
  <frame idx="75" w="477" h="466" x="-38.375000" y="-140.250000">
   <element name="butterflydisplay01" layername="bdisplay" frame="0" z_index="6" m_a="1.000000" m_b="0.000000" m_c="0.000000" m_d="1.000000" m_tx="-196.875000" m_ty="-243.750000"/>
  </frame>
  <frame idx="100" w="477" h="466" x="-38.375000" y="-140.250000">
   <element name="butterflydisplay01" layername="bdisplay" frame="0" z_index="6" m_a="1.000000" m_b="0.000000" m_c="0.000000" m_d="1.000000" m_tx="-196.875000" m_ty="-243.750000"/>
  </frame>
  <frame idx="125" w="477" h="466" x="-38.375000" y="-140.250000">
   <element name="butterflydisplay01" layername="bdisplay" frame="0" z_index="6" m_a="1.000000" m_b="0.000000" m_c="0.000000" m_d="1.000000" m_tx="-196.875000" m_ty="-243.750000"/>
  </frame>
  <frame idx="150" w="477" h="466" x="-38.375000" y="-140.250000">
   <element name="butterflydisplay01" layername="bdisplay" frame="0" z_index="6" m_a="1.000000" m_b="0.000000" m_c="0.000000" m_d="1.000000" m_tx="-196.875000" m_ty="-243.750000"/>
  </frame>
  <frame idx="175" w="477" h="466" x="-38.375000" y="-140.250000">
   <element name="butterflydisplay01" layername="bdisplay" frame="0" z_index="6" m_a="1.000000" m_b="0.000000" m_c="0.000000" m_d="1.000000" m_tx="-196.875000" m_ty="-243.750000"/>
  </frame>
  <frame idx="200" w="477" h="466" x="-38.375000" y="-140.250000">
   <element name="butterflydisplay01" layername="bdisplay" frame="0" z_index="6" m_a="1.000000" m_b="0.000000" m_c="0.000000" m_d="1.000000" m_tx="-196.875000" m_ty="-243.750000"/>
  </frame>
  <frame idx="225" w="477" h="466" x="-38.375000" y="-140.250000">
   <element name="butterflydisplay01" layername="bdisplay" frame="0" z_index="6" m_a="1.000000" m_b="0.000000" m_c="0.000000" m_d="1.000000" m_tx="-196.875000" m_ty="-243.750000"/>
  </frame>
  <frame idx="250" w="477" h="466" x="-38.375000" y="-140.250000">
   <element name="butterflydisplay01" layername="bdisplay" frame="0" z_index="6" m_a="1.000000" m_b="0.000000" m_c="0.000000" m_d="1.000000" m_tx="-196.875000" m_ty="-243.750000"/>
  </frame>
  <frame idx="275" w="477" h="466" x="-38.375000" y="-140.250000">
   <element name="butterflydisplay01" layername="bdisplay" frame="0" z_index="6" m_a="1.000000" m_b="0.000000" m_c="0.000000" m_d="1.000000" m_tx="-196.875000" m_ty="-243.750000"/>
  </frame>
  <frame idx="300" w="477" h="466" x="-38.375000" y="-140.250000">
   <element name="butterflydisplay01" layername="bdisplay" frame="0" z_index="6" m_a="1.000000" m_b="0.000000" m_c="0.000000" m_d="1.000000" m_tx="-196.875000" m_ty="-243.750000"/>
  </frame>
  <frame idx="325" w="477" h="466" x="-38.375000" y="-140.250000">
   <element name="butterflydisplay01" layername="bdisplay" frame="0" z_index="6" m_a="1.000000" m_b="0.000000" m_c="0.000000" m_d="1.000000" m_tx="-196.875000" m_ty="-243.750000"/>
  </frame>
  <frame idx="350" w="477" h="466" x="-38.375000" y="-140.250000">
   <element name="butterflydisplay01" layername="bdisplay" frame="0" z_index="6" m_a="1.000000" m_b="0.000000" m_c="0.000000" m_d="1.000000" m_tx="-196.875000" m_ty="-243.750000"/>
  </frame>
  <frame idx="375" w="477" h="466" x="-38.375000" y="-140.250000">
   <element name="butterflydisplay01" layername="bdisplay" frame="0" z_index="6" m_a="1.000000" m_b="0.000000" m_c="0.000000" m_d="1.000000" m_tx="-196.875000" m_ty="-243.750000"/>
  </frame>
  <frame idx="400" w="477" h="466" x="-38.375000" y="-140.250000">
   <element name="butterflydisplay01" layername="bdisplay" frame="0" z_index="6" m_a="1.000000" m_b="0.000000" m_c="0.000000" m_d="1.000000" m_tx="-196.875000" m_ty="-243.750000"/>
  </frame>
  <frame idx="425" w="477" h="466" x="-38.375000" y="-140.250000">
   <element name="butterflydisplay01" layername="bdisplay" frame="0" z_index="6" m_a="1.000000" m_b="0.000000" m_c="0.000000" m_d="1.000000" m_tx="-196.875000" m_ty="-243.750000"/>
  </frame>
  <frame idx="450" w="477" h="466" x="-38.375000" y="-140.250000">
   <element name="butterflydisplay01" layername="bdisplay" frame="0" z_index="6" m_a="1.000000" m_b="0.000000" m_c="0.000000" m_d="1.000000" m_tx="-196.875000" m_ty="-243.750000"/>
  </frame>
  <frame idx="475" w="477" h="466" x="-38.375000" y="-140.250000">
   <element name="butterflydisplay01" layername="bdisplay" frame="0" z_index="6" m_a="1.000000" m_b="0.000000" m_c="0.000000" m_d="1.000000" m_tx="-196.875000" m_ty="-243.750000"/>
  </frame>
  <frame idx="500" w="477" h="466" x="-38.375000" y="-140.250000">
   <element name="butterflydisplay01" layername="bdisplay" frame="0" z_index="6" m_a="1.000000" m_b="0.000000" m_c="0.000000" m_d="1.000000" m_tx="-196.875000" m_ty="-243.750000"/>
  </frame>
  <frame idx="525" w="477" h="466" x="-38.375000" y="-140.250000">
   <element name="butterflydisplay01" layername="bdisplay" frame="0" z_index="6" m_a="1.000000" m_b="0.000000" m_c="0.000000" m_d="1.000000" m_tx="-196.875000" m_ty="-243.750000"/>
  </frame>
  <frame idx="550" w="477" h="466" x="-38.375000" y="-140.250000">
   <element name="butterflydisplay01" layername="bdisplay" frame="0" z_index="6" m_a="1.000000" m_b="0.000000" m_c="0.000000" m_d="1.000000" m_tx="-196.875000" m_ty="-243.750000"/>
  </frame>
  <frame idx="575" w="477" h="466" x="-38.375000" y="-140.250000">
   <element name="butterflydisplay01" layername="bdisplay" frame="0" z_index="6" m_a="1.000000" m_b="0.000000" m_c="0.000000" m_d="1.000000" m_tx="-196.875000" m_ty="-243.750000"/>
  </frame>
  <frame idx="600" w="477" h="466" x="-38.375000" y="-140.250000">
   <element name="butterflydisplay01" layername="bdisplay" frame="0" z_index="6" m_a="1.000000" m_b="0.000000" m_c="0.000000" m_d="1.000000" m_tx="-196.875000" m_ty="-243.750000"/>
  </frame>
  <frame idx="625" w="477" h="466" x="-38.375000" y="-140.250000">
   <element name="butterflydisplay01" layername="bdisplay" frame="0" z_index="6" m_a="1.000000" m_b="0.000000" m_c="0.000000" m_d="1.000000" m_tx="-196.875000" m_ty="-243.750000"/>
  </frame>
  <frame idx="650" w="477" h="466" x="-38.375000" y="-140.250000">
   <element name="butterflydisplay01" layername="bdisplay" frame="0" z_index="6" m_a="1.000000" m_b="0.000000" m_c="0.000000" m_d="1.000000" m_tx="-196.875000" m_ty="-243.750000"/>
  </frame>
  <frame idx="675" w="477" h="466" x="-38.375000" y="-140.250000">
   <element name="butterflydisplay01" layername="bdisplay" frame="0" z_index="6" m_a="1.000000" m_b="0.000000" m_c="0.000000" m_d="1.000000" m_tx="-196.875000" m_ty="-243.750000"/>
  </frame>
  <frame idx="700" w="477" h="466" x="-38.375000" y="-140.250000">
   <element name="butterflydisplay01" layername="bdisplay" frame="0" z_index="6" m_a="1.000000" m_b="0.000000" m_c="0.000000" m_d="1.000000" m_tx="-196.875000" m_ty="-243.750000"/>
  </frame>
  <frame idx="725" w="477" h="466" x="-38.375000" y="-140.250000">
   <element name="butterflydisplay01" layername="bdisplay" frame="0" z_index="6" m_a="1.000000" m_b="0.000000" m_c="0.000000" m_d="1.000000" m_tx="-196.875000" m_ty="-243.750000"/>
  </frame>
  <frame idx="750" w="477" h="466" x="-38.375000" y="-140.250000">
   <element name="butterflydisplay01" layername="bdisplay" frame="0" z_index="6" m_a="1.000000" m_b="0.000000" m_c="0.000000" m_d="1.000000" m_tx="-196.875000" m_ty="-243.750000"/>
  </frame>
  <frame idx="775" w="477" h="466" x="-38.375000" y="-140.250000">
   <element name="butterflydisplay01" layername="bdisplay" frame="0" z_index="6" m_a="1.000000" m_b="0.000000" m_c="0.000000" m_d="1.000000" m_tx="-196.875000" m_ty="-243.750000"/>
  </frame>
  <frame idx="800" w="477" h="466" x="-38.375000" y="-140.250000">
   <element name="butterflydisplay01" layername="bdisplay" frame="0" z_index="6" m_a="1.000000" m_b="0.000000" m_c="0.000000" m_d="1.000000" m_tx="-196.875000" m_ty="-243.750000"/>
  </frame>
  <frame idx="825" w="477" h="466" x="-38.375000" y="-140.250000">
   <element name="butterflydisplay01" layername="bdisplay" frame="0" z_index="6" m_a="1.000000" m_b="0.000000" m_c="0.000000" m_d="1.000000" m_tx="-196.875000" m_ty="-243.750000"/>
  </frame>
  <frame idx="850" w="477" h="466" x="-38.375000" y="-140.250000">
   <element name="butterflydisplay01" layername="bdisplay" frame="0" z_index="6" m_a="1.000000" m_b="0.000000" m_c="0.000000" m_d="1.000000" m_tx="-196.875000" m_ty="-243.750000"/>
  </frame>
  <frame idx="875" w="477" h="466" x="-38.375000" y="-140.250000">
   <element name="butterflydisplay01" layername="bdisplay" frame="0" z_index="6" m_a="1.000000" m_b="0.000000" m_c="0.000000" m_d="1.000000" m_tx="-196.875000" m_ty="-243.750000"/>
  </frame>
  <frame idx="900" w="477" h="466" x="-38.375000" y="-140.250000">
   <element name="butterflydisplay01" layername="bdisplay" frame="0" z_index="6" m_a="1.000000" m_b="0.000000" m_c="0.000000" m_d="1.000000" m_tx="-196.875000" m_ty="-243.750000"/>
  </frame>
  <frame idx="925" w="477" h="466" x="-38.375000" y="-140.250000">
   <element name="butterflydisplay01" layername="bdisplay" frame="0" z_index="6" m_a="1.000000" m_b="0.000000" m_c="0.000000" m_d="1.000000" m_tx="-196.875000" m_ty="-243.750000"/>
  </frame>
  <frame idx="950" w="477" h="466" x="-38.375000" y="-140.250000">
   <element name="butterflydisplay01" layername="bdisplay" frame="0" z_index="6" m_a="1.000000" m_b="0.000000" m_c="0.000000" m_d="1.000000" m_tx="-196.875000" m_ty="-243.750000"/>
  </frame>
  <frame idx="975" w="477" h="466" x="-38.375000" y="-140.250000">
   <element name="butterflydisplay01" layername="bdisplay" frame="0" z_index="6" m_a="1.000000" m_b="0.000000" m_c="0.000000" m_d="1.000000" m_tx="-196.875000" m_ty="-243.750000"/>
  </frame>
 </anim>
 <anim name="closed" root="girlydisplay" numframes="1000" framerate="40">
  <frame idx="0" w="477" h="466" x="-38.375000" y="-140.250000">
   <element name="butterflydisplay01" layername="bdisplay" frame="0" z_index="6" m_a="1.000000" m_b="0.000000" m_c="0.000000" m_d="1.000000" m_tx="-196.875000" m_ty="-243.750000"/>
  </frame>
  <frame idx="25" w="477" h="466" x="-38.375000" y="-140.250000">
   <element name="butterflydisplay01" layername="bdisplay" frame="0" z_index="6" m_a="1.000000" m_b="0.000000" m_c="0.000000" m_d="1.000000" m_tx="-196.875000" m_ty="-243.750000"/>
  </frame>
  <frame idx="50" w="477" h="466" x="-38.375000" y="-140.250000">
   <element name="butterflydisplay01" layername="bdisplay" frame="0" z_index="6" m_a="1.000000" m_b="0.000000" m_c="0.000000" m_d="1.000000" m_tx="-196.875000" m_ty="-243.750000"/>
  </frame>
  <frame idx="75" w="477" h="466" x="-38.375000" y="-140.250000">
   <element name="butterflydisplay01" layername="bdisplay" frame="0" z_index="6" m_a="1.000000" m_b="0.000000" m_c="0.000000" m_d="1.000000" m_tx="-196.875000" m_ty="-243.750000"/>
  </frame>
  <frame idx="100" w="477" h="466" x="-38.375000" y="-140.250000">
   <element name="butterflydisplay01" layername="bdisplay" frame="0" z_index="6" m_a="1.000000" m_b="0.000000" m_c="0.000000" m_d="1.000000" m_tx="-196.875000" m_ty="-243.750000"/>
  </frame>
  <frame idx="125" w="477" h="466" x="-38.375000" y="-140.250000">
   <element name="butterflydisplay01" layername="bdisplay" frame="0" z_index="6" m_a="1.000000" m_b="0.000000" m_c="0.000000" m_d="1.000000" m_tx="-196.875000" m_ty="-243.750000"/>
  </frame>
  <frame idx="150" w="477" h="466" x="-38.375000" y="-140.250000">
   <element name="butterflydisplay01" layername="bdisplay" frame="0" z_index="6" m_a="1.000000" m_b="0.000000" m_c="0.000000" m_d="1.000000" m_tx="-196.875000" m_ty="-243.750000"/>
  </frame>
  <frame idx="175" w="477" h="466" x="-38.375000" y="-140.250000">
   <element name="butterflydisplay01" layername="bdisplay" frame="0" z_index="6" m_a="1.000000" m_b="0.000000" m_c="0.000000" m_d="1.000000" m_tx="-196.875000" m_ty="-243.750000"/>
  </frame>
  <frame idx="200" w="477" h="466" x="-38.375000" y="-140.250000">
   <element name="butterflydisplay01" layername="bdisplay" frame="0" z_index="6" m_a="1.000000" m_b="0.000000" m_c="0.000000" m_d="1.000000" m_tx="-196.875000" m_ty="-243.750000"/>
  </frame>
  <frame idx="225" w="477" h="466" x="-38.375000" y="-140.250000">
   <element name="butterflydisplay01" layername="bdisplay" frame="0" z_index="6" m_a="1.000000" m_b="0.000000" m_c="0.000000" m_d="1.000000" m_tx="-196.875000" m_ty="-243.750000"/>
  </frame>
  <frame idx="250" w="477" h="466" x="-38.375000" y="-140.250000">
   <element name="butterflydisplay01" layername="bdisplay" frame="0" z_index="6" m_a="1.000000" m_b="0.000000" m_c="0.000000" m_d="1.000000" m_tx="-196.875000" m_ty="-243.750000"/>
  </frame>
  <frame idx="275" w="477" h="466" x="-38.375000" y="-140.250000">
   <element name="butterflydisplay01" layername="bdisplay" frame="0" z_index="6" m_a="1.000000" m_b="0.000000" m_c="0.000000" m_d="1.000000" m_tx="-196.875000" m_ty="-243.750000"/>
  </frame>
  <frame idx="300" w="477" h="466" x="-38.375000" y="-140.250000">
   <element name="butterflydisplay01" layername="bdisplay" frame="0" z_index="6" m_a="1.000000" m_b="0.000000" m_c="0.000000" m_d="1.000000" m_tx="-196.875000" m_ty="-243.750000"/>
  </frame>
  <frame idx="325" w="477" h="466" x="-38.375000" y="-140.250000">
   <element name="butterflydisplay01" layername="bdisplay" frame="0" z_index="6" m_a="1.000000" m_b="0.000000" m_c="0.000000" m_d="1.000000" m_tx="-196.875000" m_ty="-243.750000"/>
  </frame>
  <frame idx="350" w="477" h="466" x="-38.375000" y="-140.250000">
   <element name="butterflydisplay01" layername="bdisplay" frame="0" z_index="6" m_a="1.000000" m_b="0.000000" m_c="0.000000" m_d="1.000000" m_tx="-196.875000" m_ty="-243.750000"/>
  </frame>
  <frame idx="375" w="477" h="466" x="-38.375000" y="-140.250000">
   <element name="butterflydisplay01" layername="bdisplay" frame="0" z_index="6" m_a="1.000000" m_b="0.000000" m_c="0.000000" m_d="1.000000" m_tx="-196.875000" m_ty="-243.750000"/>
  </frame>
  <frame idx="400" w="477" h="466" x="-38.375000" y="-140.250000">
   <element name="butterflydisplay01" layername="bdisplay" frame="0" z_index="6" m_a="1.000000" m_b="0.000000" m_c="0.000000" m_d="1.000000" m_tx="-196.875000" m_ty="-243.750000"/>
  </frame>
  <frame idx="425" w="477" h="466" x="-38.375000" y="-140.250000">
   <element name="butterflydisplay01" layername="bdisplay" frame="0" z_index="6" m_a="1.000000" m_b="0.000000" m_c="0.000000" m_d="1.000000" m_tx="-196.875000" m_ty="-243.750000"/>
  </frame>
  <frame idx="450" w="477" h="466" x="-38.375000" y="-140.250000">
   <element name="butterflydisplay01" layername="bdisplay" frame="0" z_index="6" m_a="1.000000" m_b="0.000000" m_c="0.000000" m_d="1.000000" m_tx="-196.875000" m_ty="-243.750000"/>
  </frame>
  <frame idx="475" w="477" h="466" x="-38.375000" y="-140.250000">
   <element name="butterflydisplay01" layername="bdisplay" frame="0" z_index="6" m_a="1.000000" m_b="0.000000" m_c="0.000000" m_d="1.000000" m_tx="-196.875000" m_ty="-243.750000"/>
  </frame>
  <frame idx="500" w="477" h="466" x="-38.375000" y="-140.250000">
   <element name="butterflydisplay01" layername="bdisplay" frame="0" z_index="6" m_a="1.000000" m_b="0.000000" m_c="0.000000" m_d="1.000000" m_tx="-196.875000" m_ty="-243.750000"/>
  </frame>
  <frame idx="525" w="477" h="466" x="-38.375000" y="-140.250000">
   <element name="butterflydisplay01" layername="bdisplay" frame="0" z_index="6" m_a="1.000000" m_b="0.000000" m_c="0.000000" m_d="1.000000" m_tx="-196.875000" m_ty="-243.750000"/>
  </frame>
  <frame idx="550" w="477" h="466" x="-38.375000" y="-140.250000">
   <element name="butterflydisplay01" layername="bdisplay" frame="0" z_index="6" m_a="1.000000" m_b="0.000000" m_c="0.000000" m_d="1.000000" m_tx="-196.875000" m_ty="-243.750000"/>
  </frame>
  <frame idx="575" w="477" h="466" x="-38.375000" y="-140.250000">
   <element name="butterflydisplay01" layername="bdisplay" frame="0" z_index="6" m_a="1.000000" m_b="0.000000" m_c="0.000000" m_d="1.000000" m_tx="-196.875000" m_ty="-243.750000"/>
  </frame>
  <frame idx="600" w="477" h="466" x="-38.375000" y="-140.250000">
   <element name="butterflydisplay01" layername="bdisplay" frame="0" z_index="6" m_a="1.000000" m_b="0.000000" m_c="0.000000" m_d="1.000000" m_tx="-196.875000" m_ty="-243.750000"/>
  </frame>
  <frame idx="625" w="477" h="466" x="-38.375000" y="-140.250000">
   <element name="butterflydisplay01" layername="bdisplay" frame="0" z_index="6" m_a="1.000000" m_b="0.000000" m_c="0.000000" m_d="1.000000" m_tx="-196.875000" m_ty="-243.750000"/>
  </frame>
  <frame idx="650" w="477" h="466" x="-38.375000" y="-140.250000">
   <element name="butterflydisplay01" layername="bdisplay" frame="0" z_index="6" m_a="1.000000" m_b="0.000000" m_c="0.000000" m_d="1.000000" m_tx="-196.875000" m_ty="-243.750000"/>
  </frame>
  <frame idx="675" w="477" h="466" x="-38.375000" y="-140.250000">
   <element name="butterflydisplay01" layername="bdisplay" frame="0" z_index="6" m_a="1.000000" m_b="0.000000" m_c="0.000000" m_d="1.000000" m_tx="-196.875000" m_ty="-243.750000"/>
  </frame>
  <frame idx="700" w="477" h="466" x="-38.375000" y="-140.250000">
   <element name="butterflydisplay01" layername="bdisplay" frame="0" z_index="6" m_a="1.000000" m_b="0.000000" m_c="0.000000" m_d="1.000000" m_tx="-196.875000" m_ty="-243.750000"/>
  </frame>
  <frame idx="725" w="477" h="466" x="-38.375000" y="-140.250000">
   <element name="butterflydisplay01" layername="bdisplay" frame="0" z_index="6" m_a="1.000000" m_b="0.000000" m_c="0.000000" m_d="1.000000" m_tx="-196.875000" m_ty="-243.750000"/>
  </frame>
  <frame idx="750" w="477" h="466" x="-38.375000" y="-140.250000">
   <element name="butterflydisplay01" layername="bdisplay" frame="0" z_index="6" m_a="1.000000" m_b="0.000000" m_c="0.000000" m_d="1.000000" m_tx="-196.875000" m_ty="-243.750000"/>
  </frame>
  <frame idx="775" w="477" h="466" x="-38.375000" y="-140.250000">
   <element name="butterflydisplay01" layername="bdisplay" frame="0" z_index="6" m_a="1.000000" m_b="0.000000" m_c="0.000000" m_d="1.000000" m_tx="-196.875000" m_ty="-243.750000"/>
  </frame>
  <frame idx="800" w="477" h="466" x="-38.375000" y="-140.250000">
   <element name="butterflydisplay01" layername="bdisplay" frame="0" z_index="6" m_a="1.000000" m_b="0.000000" m_c="0.000000" m_d="1.000000" m_tx="-196.875000" m_ty="-243.750000"/>
  </frame>
  <frame idx="825" w="477" h="466" x="-38.375000" y="-140.250000">
   <element name="butterflydisplay01" layername="bdisplay" frame="0" z_index="6" m_a="1.000000" m_b="0.000000" m_c="0.000000" m_d="1.000000" m_tx="-196.875000" m_ty="-243.750000"/>
  </frame>
  <frame idx="850" w="477" h="466" x="-38.375000" y="-140.250000">
   <element name="butterflydisplay01" layername="bdisplay" frame="0" z_index="6" m_a="1.000000" m_b="0.000000" m_c="0.000000" m_d="1.000000" m_tx="-196.875000" m_ty="-243.750000"/>
  </frame>
  <frame idx="875" w="477" h="466" x="-38.375000" y="-140.250000">
   <element name="butterflydisplay01" layername="bdisplay" frame="0" z_index="6" m_a="1.000000" m_b="0.000000" m_c="0.000000" m_d="1.000000" m_tx="-196.875000" m_ty="-243.750000"/>
  </frame>
  <frame idx="900" w="477" h="466" x="-38.375000" y="-140.250000">
   <element name="butterflydisplay01" layername="bdisplay" frame="0" z_index="6" m_a="1.000000" m_b="0.000000" m_c="0.000000" m_d="1.000000" m_tx="-196.875000" m_ty="-243.750000"/>
  </frame>
  <frame idx="925" w="477" h="466" x="-38.375000" y="-140.250000">
   <element name="butterflydisplay01" layername="bdisplay" frame="0" z_index="6" m_a="1.000000" m_b="0.000000" m_c="0.000000" m_d="1.000000" m_tx="-196.875000" m_ty="-243.750000"/>
  </frame>
  <frame idx="950" w="477" h="466" x="-38.375000" y="-140.250000">
   <element name="butterflydisplay01" layername="bdisplay" frame="0" z_index="6" m_a="1.000000" m_b="0.000000" m_c="0.000000" m_d="1.000000" m_tx="-196.875000" m_ty="-243.750000"/>
  </frame>
  <frame idx="975" w="477" h="466" x="-38.375000" y="-140.250000">
   <element name="butterflydisplay01" layername="bdisplay" frame="0" z_index="6" m_a="1.000000" m_b="0.000000" m_c="0.000000" m_d="1.000000" m_tx="-196.875000" m_ty="-243.750000"/>
  </frame>
 </anim>
 <anim name="close" root="girlydisplay" numframes="300" framerate="40">
  <frame idx="0" w="497" h="452" x="-49.063278" y="-139.710876">
   <element name="butterflydisplay01" layername="bdisplay" frame="1" z_index="6" m_a="1.000000" m_b="0.000000" m_c="0.000000" m_d="1.000000" m_tx="-214.563278" m_ty="-242.210876"/>
  </frame>
  <frame idx="25" w="497" h="452" x="-49.063278" y="-139.710876">
   <element name="butterflydisplay01" layername="bdisplay" frame="1" z_index="6" m_a="1.000000" m_b="0.000000" m_c="0.000000" m_d="1.000000" m_tx="-214.563278" m_ty="-242.210876"/>
  </frame>
  <frame idx="50" w="497" h="452" x="-49.063278" y="-139.710876">
   <element name="butterflydisplay01" layername="bdisplay" frame="1" z_index="6" m_a="1.000000" m_b="0.000000" m_c="0.000000" m_d="1.000000" m_tx="-214.563278" m_ty="-242.210876"/>
  </frame>
  <frame idx="75" w="497" h="452" x="-49.063278" y="-139.710876">
   <element name="butterflydisplay01" layername="bdisplay" frame="1" z_index="6" m_a="1.000000" m_b="0.000000" m_c="0.000000" m_d="1.000000" m_tx="-214.563278" m_ty="-242.210876"/>
  </frame>
  <frame idx="100" w="497" h="466" x="-49.063278" y="-140.710876">
   <element name="butterflydisplay01" layername="bdisplay" frame="0" z_index="6" m_a="0.999999" m_b="-0.001540" m_c="0.001540" m_d="0.999999" m_tx="-196.884949" m_ty="-243.736710"/>
   <element name="butterflydisplay01" layername="bdisplay" frame="1" z_index="6" m_a="1.000000" m_b="0.000000" m_c="0.000000" m_d="1.000000" m_tx="-214.563278" m_ty="-242.210876"/>
  </frame>
  <frame idx="125" w="497" h="464" x="-49.063278" y="-141.954330">
   <element name="butterflydisplay01" layername="bdisplay" frame="0" z_index="6" m_a="0.999897" m_b="-0.014373" m_c="0.014373" m_d="0.999897" m_tx="-197.733383" m_ty="-242.586609"/>
   <element name="butterflydisplay01" layername="bdisplay" frame="1" z_index="6" m_a="1.000000" m_b="0.000000" m_c="0.000000" m_d="1.000000" m_tx="-214.563278" m_ty="-242.210876"/>
  </frame>
  <frame idx="150" w="499" h="455" x="-49.563278" y="-140.514679">
   <element name="butterflydisplay01" layername="bdisplay" frame="0" z_index="6" m_a="0.999630" m_b="-0.027203" m_c="0.027203" m_d="0.999630" m_tx="-199.923569" m_ty="-239.562088"/>
   <element name="butterflydisplay01" layername="bdisplay" frame="1" z_index="6" m_a="1.000000" m_b="0.000000" m_c="0.000000" m_d="1.000000" m_tx="-214.563278" m_ty="-242.210876"/>
  </frame>
  <frame idx="175" w="497" h="457" x="-49.063278" y="-140.210876">
   <element name="butterflydisplay01" layername="bdisplay" frame="0" z_index="6" m_a="0.999734" m_b="-0.023072" m_c="0.023072" m_d="0.999734" m_tx="-200.201675" m_ty="-239.199860"/>
   <element name="butterflydisplay01" layername="bdisplay" frame="1" z_index="6" m_a="1.000000" m_b="0.000000" m_c="0.000000" m_d="1.000000" m_tx="-214.563278" m_ty="-242.210876"/>
  </frame>
  <frame idx="200" w="497" h="470" x="-49.063278" y="-141.210876">
   <element name="butterflydisplay01" layername="bdisplay" frame="0" z_index="6" m_a="0.999979" m_b="0.006508" m_c="-0.006508" m_d="0.999979" m_tx="-195.917953" m_ty="-245.019516"/>
   <element name="butterflydisplay01" layername="bdisplay" frame="1" z_index="6" m_a="1.000000" m_b="0.000000" m_c="0.000000" m_d="1.000000" m_tx="-214.563278" m_ty="-242.210876"/>
  </frame>
  <frame idx="225" w="497" h="483" x="-49.063278" y="-142.210876">
   <element name="butterflydisplay01" layername="bdisplay" frame="0" z_index="6" m_a="0.999405" m_b="0.034489" m_c="-0.034489" m_d="0.999405" m_tx="-191.769058" m_ty="-250.328323"/>
   <element name="butterflydisplay01" layername="bdisplay" frame="1" z_index="6" m_a="1.000000" m_b="0.000000" m_c="0.000000" m_d="1.000000" m_tx="-214.563278" m_ty="-242.210876"/>
  </frame>
  <frame idx="250" w="497" h="477" x="-49.063278" y="-141.710876">
   <element name="butterflydisplay01" layername="bdisplay" frame="0" z_index="6" m_a="0.999707" m_b="0.024227" m_c="-0.024227" m_d="0.999707" m_tx="-194.372665" m_ty="-247.008377"/>
   <element name="butterflydisplay01" layername="bdisplay" frame="1" z_index="6" m_a="1.000000" m_b="0.000000" m_c="0.000000" m_d="1.000000" m_tx="-214.563278" m_ty="-242.210876"/>
  </frame>
  <frame idx="275" w="497" h="472" x="-49.063278" y="-141.210876">
   <element name="butterflydisplay01" layername="bdisplay" frame="0" z_index="6" m_a="0.999903" m_b="0.013962" m_c="-0.013962" m_d="0.999903" m_tx="-196.049606" m_ty="-244.836319"/>
   <element name="butterflydisplay01" layername="bdisplay" frame="1" z_index="6" m_a="1.000000" m_b="0.000000" m_c="0.000000" m_d="1.000000" m_tx="-214.563278" m_ty="-242.210876"/>
  </frame>
 </anim>
 <anim name="open" root="girlydisplay" numframes="1000" framerate="40">
  <frame idx="0" w="497" h="452" x="-49.063278" y="-139.710876">
   <element name="butterflydisplay01" layername="bdisplay" frame="1" z_index="6" m_a="1.000000" m_b="0.000000" m_c="0.000000" m_d="1.000000" m_tx="-214.563278" m_ty="-242.210876"/>
  </frame>
  <frame idx="25" w="497" h="452" x="-49.063278" y="-139.710876">
   <element name="butterflydisplay01" layername="bdisplay" frame="1" z_index="6" m_a="1.000000" m_b="0.000000" m_c="0.000000" m_d="1.000000" m_tx="-214.563278" m_ty="-242.210876"/>
  </frame>
  <frame idx="50" w="497" h="452" x="-49.063278" y="-139.710876">
   <element name="butterflydisplay01" layername="bdisplay" frame="1" z_index="6" m_a="1.000000" m_b="0.000000" m_c="0.000000" m_d="1.000000" m_tx="-214.563278" m_ty="-242.210876"/>
  </frame>
  <frame idx="75" w="497" h="452" x="-49.063278" y="-139.710876">
   <element name="butterflydisplay01" layername="bdisplay" frame="1" z_index="6" m_a="1.000000" m_b="0.000000" m_c="0.000000" m_d="1.000000" m_tx="-214.563278" m_ty="-242.210876"/>
  </frame>
  <frame idx="100" w="497" h="452" x="-49.063278" y="-139.710876">
   <element name="butterflydisplay01" layername="bdisplay" frame="1" z_index="6" m_a="1.000000" m_b="0.000000" m_c="0.000000" m_d="1.000000" m_tx="-214.563278" m_ty="-242.210876"/>
  </frame>
  <frame idx="125" w="497" h="452" x="-49.063278" y="-139.710876">
   <element name="butterflydisplay01" layername="bdisplay" frame="1" z_index="6" m_a="1.000000" m_b="0.000000" m_c="0.000000" m_d="1.000000" m_tx="-214.563278" m_ty="-242.210876"/>
  </frame>
  <frame idx="150" w="497" h="452" x="-49.063278" y="-139.710876">
   <element name="butterflydisplay01" layername="bdisplay" frame="1" z_index="6" m_a="1.000000" m_b="0.000000" m_c="0.000000" m_d="1.000000" m_tx="-214.563278" m_ty="-242.210876"/>
  </frame>
  <frame idx="175" w="497" h="452" x="-49.063278" y="-139.710876">
   <element name="butterflydisplay01" layername="bdisplay" frame="1" z_index="6" m_a="1.000000" m_b="0.000000" m_c="0.000000" m_d="1.000000" m_tx="-214.563278" m_ty="-242.210876"/>
  </frame>
  <frame idx="200" w="497" h="452" x="-49.063278" y="-139.710876">
   <element name="butterflydisplay01" layername="bdisplay" frame="1" z_index="6" m_a="1.000000" m_b="0.000000" m_c="0.000000" m_d="1.000000" m_tx="-214.563278" m_ty="-242.210876"/>
  </frame>
  <frame idx="225" w="497" h="452" x="-49.063278" y="-139.710876">
   <element name="butterflydisplay01" layername="bdisplay" frame="1" z_index="6" m_a="1.000000" m_b="0.000000" m_c="0.000000" m_d="1.000000" m_tx="-214.563278" m_ty="-242.210876"/>
  </frame>
  <frame idx="250" w="497" h="452" x="-49.063278" y="-139.710876">
   <element name="butterflydisplay01" layername="bdisplay" frame="1" z_index="6" m_a="1.000000" m_b="0.000000" m_c="0.000000" m_d="1.000000" m_tx="-214.563278" m_ty="-242.210876"/>
  </frame>
  <frame idx="275" w="497" h="452" x="-49.063278" y="-139.710876">
   <element name="butterflydisplay01" layername="bdisplay" frame="1" z_index="6" m_a="1.000000" m_b="0.000000" m_c="0.000000" m_d="1.000000" m_tx="-214.563278" m_ty="-242.210876"/>
  </frame>
  <frame idx="300" w="497" h="452" x="-49.063278" y="-139.710876">
   <element name="butterflydisplay01" layername="bdisplay" frame="1" z_index="6" m_a="1.000000" m_b="0.000000" m_c="0.000000" m_d="1.000000" m_tx="-214.563278" m_ty="-242.210876"/>
  </frame>
  <frame idx="325" w="497" h="452" x="-49.063278" y="-139.710876">
   <element name="butterflydisplay01" layername="bdisplay" frame="1" z_index="6" m_a="1.000000" m_b="0.000000" m_c="0.000000" m_d="1.000000" m_tx="-214.563278" m_ty="-242.210876"/>
  </frame>
  <frame idx="350" w="497" h="452" x="-49.063278" y="-139.710876">
   <element name="butterflydisplay01" layername="bdisplay" frame="1" z_index="6" m_a="1.000000" m_b="0.000000" m_c="0.000000" m_d="1.000000" m_tx="-214.563278" m_ty="-242.210876"/>
  </frame>
  <frame idx="375" w="497" h="452" x="-49.063278" y="-139.710876">
   <element name="butterflydisplay01" layername="bdisplay" frame="1" z_index="6" m_a="1.000000" m_b="0.000000" m_c="0.000000" m_d="1.000000" m_tx="-214.563278" m_ty="-242.210876"/>
  </frame>
  <frame idx="400" w="497" h="452" x="-49.063278" y="-139.710876">
   <element name="butterflydisplay01" layername="bdisplay" frame="1" z_index="6" m_a="1.000000" m_b="0.000000" m_c="0.000000" m_d="1.000000" m_tx="-214.563278" m_ty="-242.210876"/>
  </frame>
  <frame idx="425" w="497" h="452" x="-49.063278" y="-139.710876">
   <element name="butterflydisplay01" layername="bdisplay" frame="1" z_index="6" m_a="1.000000" m_b="0.000000" m_c="0.000000" m_d="1.000000" m_tx="-214.563278" m_ty="-242.210876"/>
  </frame>
  <frame idx="450" w="497" h="452" x="-49.063278" y="-139.710876">
   <element name="butterflydisplay01" layername="bdisplay" frame="1" z_index="6" m_a="1.000000" m_b="0.000000" m_c="0.000000" m_d="1.000000" m_tx="-214.563278" m_ty="-242.210876"/>
  </frame>
  <frame idx="475" w="497" h="452" x="-49.063278" y="-139.710876">
   <element name="butterflydisplay01" layername="bdisplay" frame="1" z_index="6" m_a="1.000000" m_b="0.000000" m_c="0.000000" m_d="1.000000" m_tx="-214.563278" m_ty="-242.210876"/>
  </frame>
  <frame idx="500" w="497" h="452" x="-49.063278" y="-139.710876">
   <element name="butterflydisplay01" layername="bdisplay" frame="1" z_index="6" m_a="1.000000" m_b="0.000000" m_c="0.000000" m_d="1.000000" m_tx="-214.563278" m_ty="-242.210876"/>
  </frame>
  <frame idx="525" w="497" h="452" x="-49.063278" y="-139.710876">
   <element name="butterflydisplay01" layername="bdisplay" frame="1" z_index="6" m_a="1.000000" m_b="0.000000" m_c="0.000000" m_d="1.000000" m_tx="-214.563278" m_ty="-242.210876"/>
  </frame>
  <frame idx="550" w="497" h="452" x="-49.063278" y="-139.710876">
   <element name="butterflydisplay01" layername="bdisplay" frame="1" z_index="6" m_a="1.000000" m_b="0.000000" m_c="0.000000" m_d="1.000000" m_tx="-214.563278" m_ty="-242.210876"/>
  </frame>
  <frame idx="575" w="497" h="452" x="-49.063278" y="-139.710876">
   <element name="butterflydisplay01" layername="bdisplay" frame="1" z_index="6" m_a="1.000000" m_b="0.000000" m_c="0.000000" m_d="1.000000" m_tx="-214.563278" m_ty="-242.210876"/>
  </frame>
  <frame idx="600" w="497" h="452" x="-49.063278" y="-139.710876">
   <element name="butterflydisplay01" layername="bdisplay" frame="1" z_index="6" m_a="1.000000" m_b="0.000000" m_c="0.000000" m_d="1.000000" m_tx="-214.563278" m_ty="-242.210876"/>
  </frame>
  <frame idx="625" w="497" h="452" x="-49.063278" y="-139.710876">
   <element name="butterflydisplay01" layername="bdisplay" frame="1" z_index="6" m_a="1.000000" m_b="0.000000" m_c="0.000000" m_d="1.000000" m_tx="-214.563278" m_ty="-242.210876"/>
  </frame>
  <frame idx="650" w="497" h="452" x="-49.063278" y="-139.710876">
   <element name="butterflydisplay01" layername="bdisplay" frame="1" z_index="6" m_a="1.000000" m_b="0.000000" m_c="0.000000" m_d="1.000000" m_tx="-214.563278" m_ty="-242.210876"/>
  </frame>
  <frame idx="675" w="497" h="452" x="-49.063278" y="-139.710876">
   <element name="butterflydisplay01" layername="bdisplay" frame="1" z_index="6" m_a="1.000000" m_b="0.000000" m_c="0.000000" m_d="1.000000" m_tx="-214.563278" m_ty="-242.210876"/>
  </frame>
  <frame idx="700" w="497" h="452" x="-49.063278" y="-139.710876">
   <element name="butterflydisplay01" layername="bdisplay" frame="1" z_index="6" m_a="1.000000" m_b="0.000000" m_c="0.000000" m_d="1.000000" m_tx="-214.563278" m_ty="-242.210876"/>
  </frame>
  <frame idx="725" w="497" h="452" x="-49.063278" y="-139.710876">
   <element name="butterflydisplay01" layername="bdisplay" frame="1" z_index="6" m_a="1.000000" m_b="0.000000" m_c="0.000000" m_d="1.000000" m_tx="-214.563278" m_ty="-242.210876"/>
  </frame>
  <frame idx="750" w="497" h="452" x="-49.063278" y="-139.710876">
   <element name="butterflydisplay01" layername="bdisplay" frame="1" z_index="6" m_a="1.000000" m_b="0.000000" m_c="0.000000" m_d="1.000000" m_tx="-214.563278" m_ty="-242.210876"/>
  </frame>
  <frame idx="775" w="497" h="452" x="-49.063278" y="-139.710876">
   <element name="butterflydisplay01" layername="bdisplay" frame="1" z_index="6" m_a="1.000000" m_b="0.000000" m_c="0.000000" m_d="1.000000" m_tx="-214.563278" m_ty="-242.210876"/>
  </frame>
  <frame idx="800" w="497" h="452" x="-49.063278" y="-139.710876">
   <element name="butterflydisplay01" layername="bdisplay" frame="1" z_index="6" m_a="1.000000" m_b="0.000000" m_c="0.000000" m_d="1.000000" m_tx="-214.563278" m_ty="-242.210876"/>
  </frame>
  <frame idx="825" w="497" h="452" x="-49.063278" y="-139.710876">
   <element name="butterflydisplay01" layername="bdisplay" frame="1" z_index="6" m_a="1.000000" m_b="0.000000" m_c="0.000000" m_d="1.000000" m_tx="-214.563278" m_ty="-242.210876"/>
  </frame>
  <frame idx="850" w="497" h="452" x="-49.063278" y="-139.710876">
   <element name="butterflydisplay01" layername="bdisplay" frame="1" z_index="6" m_a="1.000000" m_b="0.000000" m_c="0.000000" m_d="1.000000" m_tx="-214.563278" m_ty="-242.210876"/>
  </frame>
  <frame idx="875" w="497" h="452" x="-49.063278" y="-139.710876">
   <element name="butterflydisplay01" layername="bdisplay" frame="1" z_index="6" m_a="1.000000" m_b="0.000000" m_c="0.000000" m_d="1.000000" m_tx="-214.563278" m_ty="-242.210876"/>
  </frame>
  <frame idx="900" w="497" h="452" x="-49.063278" y="-139.710876">
   <element name="butterflydisplay01" layername="bdisplay" frame="1" z_index="6" m_a="1.000000" m_b="0.000000" m_c="0.000000" m_d="1.000000" m_tx="-214.563278" m_ty="-242.210876"/>
  </frame>
  <frame idx="925" w="497" h="452" x="-49.063278" y="-139.710876">
   <element name="butterflydisplay01" layername="bdisplay" frame="1" z_index="6" m_a="1.000000" m_b="0.000000" m_c="0.000000" m_d="1.000000" m_tx="-214.563278" m_ty="-242.210876"/>
  </frame>
  <frame idx="950" w="497" h="452" x="-49.063278" y="-139.710876">
   <element name="butterflydisplay01" layername="bdisplay" frame="1" z_index="6" m_a="1.000000" m_b="0.000000" m_c="0.000000" m_d="1.000000" m_tx="-214.563278" m_ty="-242.210876"/>
  </frame>
  <frame idx="975" w="497" h="452" x="-49.063278" y="-139.710876">
   <element name="butterflydisplay01" layername="bdisplay" frame="1" z_index="6" m_a="1.000000" m_b="0.000000" m_c="0.000000" m_d="1.000000" m_tx="-214.563278" m_ty="-242.210876"/>
  </frame>
 </anim>
 <anim name="hit" root="girlydisplay" numframes="1000" framerate="40">
  <frame idx="0" w="477" h="466" x="-38.375000" y="-140.250000">
   <element name="butterflydisplay01" layername="bdisplay" frame="0" z_index="6" m_a="1.000000" m_b="0.000000" m_c="0.000000" m_d="1.000000" m_tx="-196.875000" m_ty="-243.750000"/>
  </frame>
  <frame idx="25" w="493" h="423" x="-39.223240" y="-124.489105">
   <element name="butterflydisplay01" layername="bdisplay" frame="0" z_index="6" m_a="1.031073" m_b="0.000000" m_c="0.000000" m_d="0.914259" m_tx="-202.391251" m_ty="-219.271057"/>
  </frame>
  <frame idx="50" w="507" h="380" x="-39.571468" y="-108.728203">
   <element name="butterflydisplay01" layername="bdisplay" frame="0" z_index="6" m_a="1.062146" m_b="0.000000" m_c="0.000000" m_d="0.828519" m_tx="-207.907486" m_ty="-194.792099"/>
  </frame>
  <frame idx="75" w="522" h="336" x="-39.919693" y="-92.467308">
   <element name="butterflydisplay01" layername="bdisplay" frame="0" z_index="6" m_a="1.093219" m_b="0.000000" m_c="0.000000" m_d="0.742778" m_tx="-213.423721" m_ty="-170.313156"/>
  </frame>
  <frame idx="100" w="513" h="363" x="-39.812424" y="-102.354820">
   <element name="butterflydisplay01" layername="bdisplay" frame="0" z_index="6" m_a="1.074497" m_b="0.000000" m_c="0.000000" m_d="0.794439" m_tx="-210.100052" m_ty="-185.062363"/>
  </frame>
  <frame idx="125" w="501" h="399" x="-39.347542" y="-115.421661">
   <element name="butterflydisplay01" layername="bdisplay" frame="0" z_index="6" m_a="1.048984" m_b="0.000000" m_c="0.000000" m_d="0.864837" m_tx="-205.570923" m_ty="-205.160873"/>
  </frame>
  <frame idx="150" w="489" h="434" x="-38.882683" y="-128.488510">
   <element name="butterflydisplay01" layername="bdisplay" frame="0" z_index="6" m_a="1.023472" m_b="0.000000" m_c="0.000000" m_d="0.935234" m_tx="-201.041794" m_ty="-225.259384"/>
  </frame>
  <frame idx="175" w="477" h="466" x="-38.375000" y="-140.250000">
   <element name="butterflydisplay01" layername="bdisplay" frame="0" z_index="6" m_a="1.000000" m_b="0.000000" m_c="0.000000" m_d="1.000000" m_tx="-196.875000" m_ty="-243.750000"/>
  </frame>
  <frame idx="200" w="477" h="466" x="-38.375000" y="-140.250000">
   <element name="butterflydisplay01" layername="bdisplay" frame="0" z_index="6" m_a="1.000000" m_b="0.000000" m_c="0.000000" m_d="1.000000" m_tx="-196.875000" m_ty="-243.750000"/>
  </frame>
  <frame idx="225" w="477" h="466" x="-38.375000" y="-140.250000">
   <element name="butterflydisplay01" layername="bdisplay" frame="0" z_index="6" m_a="1.000000" m_b="0.000000" m_c="0.000000" m_d="1.000000" m_tx="-196.875000" m_ty="-243.750000"/>
  </frame>
  <frame idx="250" w="477" h="466" x="-38.375000" y="-140.250000">
   <element name="butterflydisplay01" layername="bdisplay" frame="0" z_index="6" m_a="1.000000" m_b="0.000000" m_c="0.000000" m_d="1.000000" m_tx="-196.875000" m_ty="-243.750000"/>
  </frame>
  <frame idx="275" w="477" h="466" x="-38.375000" y="-140.250000">
   <element name="butterflydisplay01" layername="bdisplay" frame="0" z_index="6" m_a="1.000000" m_b="0.000000" m_c="0.000000" m_d="1.000000" m_tx="-196.875000" m_ty="-243.750000"/>
  </frame>
  <frame idx="300" w="477" h="466" x="-38.375000" y="-140.250000">
   <element name="butterflydisplay01" layername="bdisplay" frame="0" z_index="6" m_a="1.000000" m_b="0.000000" m_c="0.000000" m_d="1.000000" m_tx="-196.875000" m_ty="-243.750000"/>
  </frame>
  <frame idx="325" w="477" h="466" x="-38.375000" y="-140.250000">
   <element name="butterflydisplay01" layername="bdisplay" frame="0" z_index="6" m_a="1.000000" m_b="0.000000" m_c="0.000000" m_d="1.000000" m_tx="-196.875000" m_ty="-243.750000"/>
  </frame>
  <frame idx="350" w="477" h="466" x="-38.375000" y="-140.250000">
   <element name="butterflydisplay01" layername="bdisplay" frame="0" z_index="6" m_a="1.000000" m_b="0.000000" m_c="0.000000" m_d="1.000000" m_tx="-196.875000" m_ty="-243.750000"/>
  </frame>
  <frame idx="375" w="477" h="466" x="-38.375000" y="-140.250000">
   <element name="butterflydisplay01" layername="bdisplay" frame="0" z_index="6" m_a="1.000000" m_b="0.000000" m_c="0.000000" m_d="1.000000" m_tx="-196.875000" m_ty="-243.750000"/>
  </frame>
  <frame idx="400" w="477" h="466" x="-38.375000" y="-140.250000">
   <element name="butterflydisplay01" layername="bdisplay" frame="0" z_index="6" m_a="1.000000" m_b="0.000000" m_c="0.000000" m_d="1.000000" m_tx="-196.875000" m_ty="-243.750000"/>
  </frame>
  <frame idx="425" w="477" h="466" x="-38.375000" y="-140.250000">
   <element name="butterflydisplay01" layername="bdisplay" frame="0" z_index="6" m_a="1.000000" m_b="0.000000" m_c="0.000000" m_d="1.000000" m_tx="-196.875000" m_ty="-243.750000"/>
  </frame>
  <frame idx="450" w="477" h="466" x="-38.375000" y="-140.250000">
   <element name="butterflydisplay01" layername="bdisplay" frame="0" z_index="6" m_a="1.000000" m_b="0.000000" m_c="0.000000" m_d="1.000000" m_tx="-196.875000" m_ty="-243.750000"/>
  </frame>
  <frame idx="475" w="477" h="466" x="-38.375000" y="-140.250000">
   <element name="butterflydisplay01" layername="bdisplay" frame="0" z_index="6" m_a="1.000000" m_b="0.000000" m_c="0.000000" m_d="1.000000" m_tx="-196.875000" m_ty="-243.750000"/>
  </frame>
  <frame idx="500" w="477" h="466" x="-38.375000" y="-140.250000">
   <element name="butterflydisplay01" layername="bdisplay" frame="0" z_index="6" m_a="1.000000" m_b="0.000000" m_c="0.000000" m_d="1.000000" m_tx="-196.875000" m_ty="-243.750000"/>
  </frame>
  <frame idx="525" w="477" h="466" x="-38.375000" y="-140.250000">
   <element name="butterflydisplay01" layername="bdisplay" frame="0" z_index="6" m_a="1.000000" m_b="0.000000" m_c="0.000000" m_d="1.000000" m_tx="-196.875000" m_ty="-243.750000"/>
  </frame>
  <frame idx="550" w="477" h="466" x="-38.375000" y="-140.250000">
   <element name="butterflydisplay01" layername="bdisplay" frame="0" z_index="6" m_a="1.000000" m_b="0.000000" m_c="0.000000" m_d="1.000000" m_tx="-196.875000" m_ty="-243.750000"/>
  </frame>
  <frame idx="575" w="477" h="466" x="-38.375000" y="-140.250000">
   <element name="butterflydisplay01" layername="bdisplay" frame="0" z_index="6" m_a="1.000000" m_b="0.000000" m_c="0.000000" m_d="1.000000" m_tx="-196.875000" m_ty="-243.750000"/>
  </frame>
  <frame idx="600" w="477" h="466" x="-38.375000" y="-140.250000">
   <element name="butterflydisplay01" layername="bdisplay" frame="0" z_index="6" m_a="1.000000" m_b="0.000000" m_c="0.000000" m_d="1.000000" m_tx="-196.875000" m_ty="-243.750000"/>
  </frame>
  <frame idx="625" w="477" h="466" x="-38.375000" y="-140.250000">
   <element name="butterflydisplay01" layername="bdisplay" frame="0" z_index="6" m_a="1.000000" m_b="0.000000" m_c="0.000000" m_d="1.000000" m_tx="-196.875000" m_ty="-243.750000"/>
  </frame>
  <frame idx="650" w="477" h="466" x="-38.375000" y="-140.250000">
   <element name="butterflydisplay01" layername="bdisplay" frame="0" z_index="6" m_a="1.000000" m_b="0.000000" m_c="0.000000" m_d="1.000000" m_tx="-196.875000" m_ty="-243.750000"/>
  </frame>
  <frame idx="675" w="477" h="466" x="-38.375000" y="-140.250000">
   <element name="butterflydisplay01" layername="bdisplay" frame="0" z_index="6" m_a="1.000000" m_b="0.000000" m_c="0.000000" m_d="1.000000" m_tx="-196.875000" m_ty="-243.750000"/>
  </frame>
  <frame idx="700" w="477" h="466" x="-38.375000" y="-140.250000">
   <element name="butterflydisplay01" layername="bdisplay" frame="0" z_index="6" m_a="1.000000" m_b="0.000000" m_c="0.000000" m_d="1.000000" m_tx="-196.875000" m_ty="-243.750000"/>
  </frame>
  <frame idx="725" w="477" h="466" x="-38.375000" y="-140.250000">
   <element name="butterflydisplay01" layername="bdisplay" frame="0" z_index="6" m_a="1.000000" m_b="0.000000" m_c="0.000000" m_d="1.000000" m_tx="-196.875000" m_ty="-243.750000"/>
  </frame>
  <frame idx="750" w="477" h="466" x="-38.375000" y="-140.250000">
   <element name="butterflydisplay01" layername="bdisplay" frame="0" z_index="6" m_a="1.000000" m_b="0.000000" m_c="0.000000" m_d="1.000000" m_tx="-196.875000" m_ty="-243.750000"/>
  </frame>
  <frame idx="775" w="477" h="466" x="-38.375000" y="-140.250000">
   <element name="butterflydisplay01" layername="bdisplay" frame="0" z_index="6" m_a="1.000000" m_b="0.000000" m_c="0.000000" m_d="1.000000" m_tx="-196.875000" m_ty="-243.750000"/>
  </frame>
  <frame idx="800" w="477" h="466" x="-38.375000" y="-140.250000">
   <element name="butterflydisplay01" layername="bdisplay" frame="0" z_index="6" m_a="1.000000" m_b="0.000000" m_c="0.000000" m_d="1.000000" m_tx="-196.875000" m_ty="-243.750000"/>
  </frame>
  <frame idx="825" w="477" h="466" x="-38.375000" y="-140.250000">
   <element name="butterflydisplay01" layername="bdisplay" frame="0" z_index="6" m_a="1.000000" m_b="0.000000" m_c="0.000000" m_d="1.000000" m_tx="-196.875000" m_ty="-243.750000"/>
  </frame>
  <frame idx="850" w="477" h="466" x="-38.375000" y="-140.250000">
   <element name="butterflydisplay01" layername="bdisplay" frame="0" z_index="6" m_a="1.000000" m_b="0.000000" m_c="0.000000" m_d="1.000000" m_tx="-196.875000" m_ty="-243.750000"/>
  </frame>
  <frame idx="875" w="477" h="466" x="-38.375000" y="-140.250000">
   <element name="butterflydisplay01" layername="bdisplay" frame="0" z_index="6" m_a="1.000000" m_b="0.000000" m_c="0.000000" m_d="1.000000" m_tx="-196.875000" m_ty="-243.750000"/>
  </frame>
  <frame idx="900" w="477" h="466" x="-38.375000" y="-140.250000">
   <element name="butterflydisplay01" layername="bdisplay" frame="0" z_index="6" m_a="1.000000" m_b="0.000000" m_c="0.000000" m_d="1.000000" m_tx="-196.875000" m_ty="-243.750000"/>
  </frame>
  <frame idx="925" w="477" h="466" x="-38.375000" y="-140.250000">
   <element name="butterflydisplay01" layername="bdisplay" frame="0" z_index="6" m_a="1.000000" m_b="0.000000" m_c="0.000000" m_d="1.000000" m_tx="-196.875000" m_ty="-243.750000"/>
  </frame>
  <frame idx="950" w="477" h="466" x="-38.375000" y="-140.250000">
   <element name="butterflydisplay01" layername="bdisplay" frame="0" z_index="6" m_a="1.000000" m_b="0.000000" m_c="0.000000" m_d="1.000000" m_tx="-196.875000" m_ty="-243.750000"/>
  </frame>
  <frame idx="975" w="477" h="466" x="-38.375000" y="-140.250000">
   <element name="butterflydisplay01" layername="bdisplay" frame="0" z_index="6" m_a="1.000000" m_b="0.000000" m_c="0.000000" m_d="1.000000" m_tx="-196.875000" m_ty="-243.750000"/>
  </frame>
 </anim>
</Anims>
