<Anims>
 <anim name="idle" root="balloontable" numframes="1000" framerate="40">
  <frame idx="0" w="574" h="394" x="-66.746490" y="-114.584503">
   <element name="balloontable01" layername="balloontable" frame="0" z_index="3" m_a="1.000000" m_b="0.000000" m_c="0.000000" m_d="1.000000" m_tx="-257.746490" m_ty="-214.084503"/>
  </frame>
  <frame idx="25" w="574" h="394" x="-66.746490" y="-114.584503">
   <element name="balloontable01" layername="balloontable" frame="0" z_index="3" m_a="1.000000" m_b="0.000000" m_c="0.000000" m_d="1.000000" m_tx="-257.746490" m_ty="-214.084503"/>
  </frame>
  <frame idx="50" w="574" h="394" x="-66.746490" y="-114.584503">
   <element name="balloontable01" layername="balloontable" frame="0" z_index="3" m_a="1.000000" m_b="0.000000" m_c="0.000000" m_d="1.000000" m_tx="-257.746490" m_ty="-214.084503"/>
  </frame>
  <frame idx="75" w="574" h="394" x="-66.746490" y="-114.584503">
   <element name="balloontable01" layername="balloontable" frame="0" z_index="3" m_a="1.000000" m_b="0.000000" m_c="0.000000" m_d="1.000000" m_tx="-257.746490" m_ty="-214.084503"/>
  </frame>
  <frame idx="100" w="574" h="394" x="-66.746490" y="-114.584503">
   <element name="balloontable01" layername="balloontable" frame="0" z_index="3" m_a="1.000000" m_b="0.000000" m_c="0.000000" m_d="1.000000" m_tx="-257.746490" m_ty="-214.084503"/>
  </frame>
  <frame idx="125" w="574" h="394" x="-66.746490" y="-114.584503">
   <element name="balloontable01" layername="balloontable" frame="0" z_index="3" m_a="1.000000" m_b="0.000000" m_c="0.000000" m_d="1.000000" m_tx="-257.746490" m_ty="-214.084503"/>
  </frame>
  <frame idx="150" w="574" h="394" x="-66.746490" y="-114.584503">
   <element name="balloontable01" layername="balloontable" frame="0" z_index="3" m_a="1.000000" m_b="0.000000" m_c="0.000000" m_d="1.000000" m_tx="-257.746490" m_ty="-214.084503"/>
  </frame>
  <frame idx="175" w="574" h="394" x="-66.746490" y="-114.584503">
   <element name="balloontable01" layername="balloontable" frame="0" z_index="3" m_a="1.000000" m_b="0.000000" m_c="0.000000" m_d="1.000000" m_tx="-257.746490" m_ty="-214.084503"/>
  </frame>
  <frame idx="200" w="574" h="394" x="-66.746490" y="-114.584503">
   <element name="balloontable01" layername="balloontable" frame="0" z_index="3" m_a="1.000000" m_b="0.000000" m_c="0.000000" m_d="1.000000" m_tx="-257.746490" m_ty="-214.084503"/>
  </frame>
  <frame idx="225" w="574" h="394" x="-66.746490" y="-114.584503">
   <element name="balloontable01" layername="balloontable" frame="0" z_index="3" m_a="1.000000" m_b="0.000000" m_c="0.000000" m_d="1.000000" m_tx="-257.746490" m_ty="-214.084503"/>
  </frame>
  <frame idx="250" w="574" h="394" x="-66.746490" y="-114.584503">
   <element name="balloontable01" layername="balloontable" frame="0" z_index="3" m_a="1.000000" m_b="0.000000" m_c="0.000000" m_d="1.000000" m_tx="-257.746490" m_ty="-214.084503"/>
  </frame>
  <frame idx="275" w="574" h="394" x="-66.746490" y="-114.584503">
   <element name="balloontable01" layername="balloontable" frame="0" z_index="3" m_a="1.000000" m_b="0.000000" m_c="0.000000" m_d="1.000000" m_tx="-257.746490" m_ty="-214.084503"/>
  </frame>
  <frame idx="300" w="574" h="394" x="-66.746490" y="-114.584503">
   <element name="balloontable01" layername="balloontable" frame="0" z_index="3" m_a="1.000000" m_b="0.000000" m_c="0.000000" m_d="1.000000" m_tx="-257.746490" m_ty="-214.084503"/>
  </frame>
  <frame idx="325" w="574" h="394" x="-66.746490" y="-114.584503">
   <element name="balloontable01" layername="balloontable" frame="0" z_index="3" m_a="1.000000" m_b="0.000000" m_c="0.000000" m_d="1.000000" m_tx="-257.746490" m_ty="-214.084503"/>
  </frame>
  <frame idx="350" w="574" h="394" x="-66.746490" y="-114.584503">
   <element name="balloontable01" layername="balloontable" frame="0" z_index="3" m_a="1.000000" m_b="0.000000" m_c="0.000000" m_d="1.000000" m_tx="-257.746490" m_ty="-214.084503"/>
  </frame>
  <frame idx="375" w="574" h="394" x="-66.746490" y="-114.584503">
   <element name="balloontable01" layername="balloontable" frame="0" z_index="3" m_a="1.000000" m_b="0.000000" m_c="0.000000" m_d="1.000000" m_tx="-257.746490" m_ty="-214.084503"/>
  </frame>
  <frame idx="400" w="574" h="394" x="-66.746490" y="-114.584503">
   <element name="balloontable01" layername="balloontable" frame="0" z_index="3" m_a="1.000000" m_b="0.000000" m_c="0.000000" m_d="1.000000" m_tx="-257.746490" m_ty="-214.084503"/>
  </frame>
  <frame idx="425" w="574" h="394" x="-66.746490" y="-114.584503">
   <element name="balloontable01" layername="balloontable" frame="0" z_index="3" m_a="1.000000" m_b="0.000000" m_c="0.000000" m_d="1.000000" m_tx="-257.746490" m_ty="-214.084503"/>
  </frame>
  <frame idx="450" w="574" h="394" x="-66.746490" y="-114.584503">
   <element name="balloontable01" layername="balloontable" frame="0" z_index="3" m_a="1.000000" m_b="0.000000" m_c="0.000000" m_d="1.000000" m_tx="-257.746490" m_ty="-214.084503"/>
  </frame>
  <frame idx="475" w="574" h="394" x="-66.746490" y="-114.584503">
   <element name="balloontable01" layername="balloontable" frame="0" z_index="3" m_a="1.000000" m_b="0.000000" m_c="0.000000" m_d="1.000000" m_tx="-257.746490" m_ty="-214.084503"/>
  </frame>
  <frame idx="500" w="574" h="394" x="-66.746490" y="-114.584503">
   <element name="balloontable01" layername="balloontable" frame="0" z_index="3" m_a="1.000000" m_b="0.000000" m_c="0.000000" m_d="1.000000" m_tx="-257.746490" m_ty="-214.084503"/>
  </frame>
  <frame idx="525" w="574" h="394" x="-66.746490" y="-114.584503">
   <element name="balloontable01" layername="balloontable" frame="0" z_index="3" m_a="1.000000" m_b="0.000000" m_c="0.000000" m_d="1.000000" m_tx="-257.746490" m_ty="-214.084503"/>
  </frame>
  <frame idx="550" w="574" h="394" x="-66.746490" y="-114.584503">
   <element name="balloontable01" layername="balloontable" frame="0" z_index="3" m_a="1.000000" m_b="0.000000" m_c="0.000000" m_d="1.000000" m_tx="-257.746490" m_ty="-214.084503"/>
  </frame>
  <frame idx="575" w="574" h="394" x="-66.746490" y="-114.584503">
   <element name="balloontable01" layername="balloontable" frame="0" z_index="3" m_a="1.000000" m_b="0.000000" m_c="0.000000" m_d="1.000000" m_tx="-257.746490" m_ty="-214.084503"/>
  </frame>
  <frame idx="600" w="574" h="394" x="-66.746490" y="-114.584503">
   <element name="balloontable01" layername="balloontable" frame="0" z_index="3" m_a="1.000000" m_b="0.000000" m_c="0.000000" m_d="1.000000" m_tx="-257.746490" m_ty="-214.084503"/>
  </frame>
  <frame idx="625" w="574" h="394" x="-66.746490" y="-114.584503">
   <element name="balloontable01" layername="balloontable" frame="0" z_index="3" m_a="1.000000" m_b="0.000000" m_c="0.000000" m_d="1.000000" m_tx="-257.746490" m_ty="-214.084503"/>
  </frame>
  <frame idx="650" w="574" h="394" x="-66.746490" y="-114.584503">
   <element name="balloontable01" layername="balloontable" frame="0" z_index="3" m_a="1.000000" m_b="0.000000" m_c="0.000000" m_d="1.000000" m_tx="-257.746490" m_ty="-214.084503"/>
  </frame>
  <frame idx="675" w="574" h="394" x="-66.746490" y="-114.584503">
   <element name="balloontable01" layername="balloontable" frame="0" z_index="3" m_a="1.000000" m_b="0.000000" m_c="0.000000" m_d="1.000000" m_tx="-257.746490" m_ty="-214.084503"/>
  </frame>
  <frame idx="700" w="574" h="394" x="-66.746490" y="-114.584503">
   <element name="balloontable01" layername="balloontable" frame="0" z_index="3" m_a="1.000000" m_b="0.000000" m_c="0.000000" m_d="1.000000" m_tx="-257.746490" m_ty="-214.084503"/>
  </frame>
  <frame idx="725" w="574" h="394" x="-66.746490" y="-114.584503">
   <element name="balloontable01" layername="balloontable" frame="0" z_index="3" m_a="1.000000" m_b="0.000000" m_c="0.000000" m_d="1.000000" m_tx="-257.746490" m_ty="-214.084503"/>
  </frame>
  <frame idx="750" w="574" h="394" x="-66.746490" y="-114.584503">
   <element name="balloontable01" layername="balloontable" frame="0" z_index="3" m_a="1.000000" m_b="0.000000" m_c="0.000000" m_d="1.000000" m_tx="-257.746490" m_ty="-214.084503"/>
  </frame>
  <frame idx="775" w="574" h="394" x="-66.746490" y="-114.584503">
   <element name="balloontable01" layername="balloontable" frame="0" z_index="3" m_a="1.000000" m_b="0.000000" m_c="0.000000" m_d="1.000000" m_tx="-257.746490" m_ty="-214.084503"/>
  </frame>
  <frame idx="800" w="574" h="394" x="-66.746490" y="-114.584503">
   <element name="balloontable01" layername="balloontable" frame="0" z_index="3" m_a="1.000000" m_b="0.000000" m_c="0.000000" m_d="1.000000" m_tx="-257.746490" m_ty="-214.084503"/>
  </frame>
  <frame idx="825" w="574" h="394" x="-66.746490" y="-114.584503">
   <element name="balloontable01" layername="balloontable" frame="0" z_index="3" m_a="1.000000" m_b="0.000000" m_c="0.000000" m_d="1.000000" m_tx="-257.746490" m_ty="-214.084503"/>
  </frame>
  <frame idx="850" w="574" h="394" x="-66.746490" y="-114.584503">
   <element name="balloontable01" layername="balloontable" frame="0" z_index="3" m_a="1.000000" m_b="0.000000" m_c="0.000000" m_d="1.000000" m_tx="-257.746490" m_ty="-214.084503"/>
  </frame>
  <frame idx="875" w="574" h="394" x="-66.746490" y="-114.584503">
   <element name="balloontable01" layername="balloontable" frame="0" z_index="3" m_a="1.000000" m_b="0.000000" m_c="0.000000" m_d="1.000000" m_tx="-257.746490" m_ty="-214.084503"/>
  </frame>
  <frame idx="900" w="574" h="394" x="-66.746490" y="-114.584503">
   <element name="balloontable01" layername="balloontable" frame="0" z_index="3" m_a="1.000000" m_b="0.000000" m_c="0.000000" m_d="1.000000" m_tx="-257.746490" m_ty="-214.084503"/>
  </frame>
  <frame idx="925" w="574" h="394" x="-66.746490" y="-114.584503">
   <element name="balloontable01" layername="balloontable" frame="0" z_index="3" m_a="1.000000" m_b="0.000000" m_c="0.000000" m_d="1.000000" m_tx="-257.746490" m_ty="-214.084503"/>
  </frame>
  <frame idx="950" w="574" h="394" x="-66.746490" y="-114.584503">
   <element name="balloontable01" layername="balloontable" frame="0" z_index="3" m_a="1.000000" m_b="0.000000" m_c="0.000000" m_d="1.000000" m_tx="-257.746490" m_ty="-214.084503"/>
  </frame>
  <frame idx="975" w="574" h="394" x="-66.746490" y="-114.584503">
   <element name="balloontable01" layername="balloontable" frame="0" z_index="3" m_a="1.000000" m_b="0.000000" m_c="0.000000" m_d="1.000000" m_tx="-257.746490" m_ty="-214.084503"/>
  </frame>
 </anim>
 <anim name="hit" root="balloontable" numframes="800" framerate="40">
  <frame idx="0" w="648" h="812" x="-72.746490" y="-180.136353">
   <element name="invtable01" layername="invtable" frame="0" z_index="3" m_a="1.000000" m_b="0.000000" m_c="0.000000" m_d="1.000000" m_tx="-207.954544" m_ty="-376.136353"/>
   <element name="balloontable01" layername="balloontable" frame="0" z_index="3" m_a="1.000000" m_b="0.000000" m_c="0.000000" m_d="1.000000" m_tx="-257.746490" m_ty="-214.084503"/>
  </frame>
  <frame idx="25" w="650" h="812" x="-73.847549" y="-180.136353">
   <element name="invtable01" layername="invtable" frame="0" z_index="3" m_a="1.000000" m_b="0.000000" m_c="0.000000" m_d="1.000000" m_tx="-207.954544" m_ty="-376.136353"/>
   <element name="balloontable01" layername="balloontable" frame="0" z_index="3" m_a="1.032604" m_b="0.000000" m_c="0.000000" m_d="0.877849" m_tx="-266.139984" m_ty="-181.653412"/>
  </frame>
  <frame idx="50" w="650" h="812" x="-74.448631" y="-180.136353">
   <element name="invtable01" layername="invtable" frame="0" z_index="3" m_a="1.000000" m_b="0.000000" m_c="0.000000" m_d="1.000000" m_tx="-207.954544" m_ty="-376.136353"/>
   <element name="balloontable01" layername="balloontable" frame="0" z_index="3" m_a="1.065209" m_b="0.000000" m_c="0.000000" m_d="0.755698" m_tx="-274.533478" m_ty="-149.222305"/>
  </frame>
  <frame idx="75" w="651" h="812" x="-75.049690" y="-180.136353">
   <element name="invtable01" layername="invtable" frame="0" z_index="3" m_a="1.000000" m_b="0.000000" m_c="0.000000" m_d="1.000000" m_tx="-207.954544" m_ty="-376.136353"/>
   <element name="balloontable01" layername="balloontable" frame="0" z_index="3" m_a="1.097813" m_b="0.000000" m_c="0.000000" m_d="0.633547" m_tx="-282.926971" m_ty="-116.791206"/>
  </frame>
  <frame idx="100" w="652" h="812" x="-75.618172" y="-180.136353">
   <element name="invtable01" layername="invtable" frame="0" z_index="3" m_a="1.000000" m_b="0.000000" m_c="0.000000" m_d="1.000000" m_tx="-207.954544" m_ty="-376.136353"/>
   <element name="balloontable01" layername="balloontable" frame="0" z_index="3" m_a="1.127428" m_b="0.000000" m_c="0.000000" m_d="0.520107" m_tx="-290.573364" m_ty="-86.996040"/>
  </frame>
  <frame idx="125" w="651" h="812" x="-75.403488" y="-180.136353">
   <element name="invtable01" layername="invtable" frame="0" z_index="3" m_a="1.000000" m_b="0.000000" m_c="0.000000" m_d="1.000000" m_tx="-207.954544" m_ty="-376.136353"/>
   <element name="balloontable01" layername="balloontable" frame="0" z_index="3" m_a="1.085294" m_b="0.000000" m_c="0.000000" m_d="0.615730" m_tx="-280.288696" m_ty="-120.463341"/>
  </frame>
  <frame idx="150" w="651" h="812" x="-75.188797" y="-180.136353">
   <element name="invtable01" layername="invtable" frame="0" z_index="3" m_a="1.000000" m_b="0.000000" m_c="0.000000" m_d="1.000000" m_tx="-207.954544" m_ty="-376.136353"/>
   <element name="balloontable01" layername="balloontable" frame="0" z_index="3" m_a="1.043160" m_b="0.000000" m_c="0.000000" m_d="0.711354" m_tx="-270.004028" m_ty="-153.930649"/>
  </frame>
  <frame idx="175" w="651" h="812" x="-74.974075" y="-180.136353">
   <element name="invtable01" layername="invtable" frame="0" z_index="3" m_a="1.000000" m_b="0.000000" m_c="0.000000" m_d="1.000000" m_tx="-207.954544" m_ty="-376.136353"/>
   <element name="balloontable01" layername="balloontable" frame="0" z_index="3" m_a="1.001026" m_b="0.000000" m_c="0.000000" m_d="0.806977" m_tx="-259.719330" m_ty="-187.397949"/>
  </frame>
  <frame idx="200" w="651" h="812" x="-74.759422" y="-180.136353">
   <element name="invtable01" layername="invtable" frame="0" z_index="3" m_a="1.000000" m_b="0.000000" m_c="0.000000" m_d="1.000000" m_tx="-207.954544" m_ty="-376.136353"/>
   <element name="balloontable01" layername="balloontable" frame="0" z_index="3" m_a="0.958892" m_b="0.000000" m_c="0.000000" m_d="0.902601" m_tx="-249.434677" m_ty="-220.865250"/>
  </frame>
  <frame idx="225" w="651" h="824" x="-74.544746" y="-191.067825">
   <element name="invtable01" layername="invtable" frame="0" z_index="3" m_a="1.000000" m_b="0.000000" m_c="0.000000" m_d="1.000000" m_tx="-207.954544" m_ty="-376.136353"/>
   <element name="balloontable01" layername="balloontable" frame="0" z_index="3" m_a="0.916758" m_b="0.000000" m_c="0.000000" m_d="0.998224" m_tx="-239.150009" m_ty="-254.332550"/>
  </frame>
  <frame idx="250" w="650" h="848" x="-74.330048" y="-213.865036">
   <element name="invtable01" layername="invtable" frame="0" z_index="3" m_a="1.000000" m_b="0.000000" m_c="0.000000" m_d="1.000000" m_tx="-207.954544" m_ty="-376.136353"/>
   <element name="balloontable01" layername="balloontable" frame="0" z_index="3" m_a="0.874625" m_b="0.000000" m_c="0.000000" m_d="1.093848" m_tx="-228.865326" m_ty="-287.799866"/>
  </frame>
  <frame idx="275" w="650" h="851" x="-74.109421" y="-216.594131">
   <element name="invtable01" layername="invtable" frame="0" z_index="3" m_a="1.000000" m_b="0.000000" m_c="0.000000" m_d="1.000000" m_tx="-207.954544" m_ty="-376.136353"/>
   <element name="balloontable01" layername="balloontable" frame="0" z_index="3" m_a="0.869233" m_b="0.000000" m_c="0.000000" m_d="1.127470" m_tx="-227.356094" m_ty="-294.983978"/>
  </frame>
  <frame idx="300" w="650" h="831" x="-73.882324" y="-198.249496">
   <element name="invtable01" layername="invtable" frame="0" z_index="3" m_a="1.000000" m_b="0.000000" m_c="0.000000" m_d="1.000000" m_tx="-207.954544" m_ty="-376.136353"/>
   <element name="balloontable01" layername="balloontable" frame="0" z_index="3" m_a="0.903645" m_b="0.000000" m_c="0.000000" m_d="1.093926" m_tx="-235.353561" m_ty="-273.694641"/>
  </frame>
  <frame idx="325" w="650" h="812" x="-73.655251" y="-180.136353">
   <element name="invtable01" layername="invtable" frame="0" z_index="3" m_a="1.000000" m_b="0.000000" m_c="0.000000" m_d="1.000000" m_tx="-207.954544" m_ty="-376.136353"/>
   <element name="balloontable01" layername="balloontable" frame="0" z_index="3" m_a="0.938058" m_b="0.000000" m_c="0.000000" m_d="1.060381" m_tx="-243.351044" m_ty="-252.405304"/>
  </frame>
  <frame idx="350" w="648" h="812" x="-72.928154" y="-180.136353">
   <element name="invtable01" layername="invtable" frame="0" z_index="3" m_a="1.000000" m_b="0.000000" m_c="0.000000" m_d="1.000000" m_tx="-207.954544" m_ty="-376.136353"/>
   <element name="balloontable01" layername="balloontable" frame="0" z_index="3" m_a="0.972470" m_b="0.000000" m_c="0.000000" m_d="1.026836" m_tx="-251.348511" m_ty="-231.115967"/>
  </frame>
  <frame idx="375" w="648" h="812" x="-72.746490" y="-180.136353">
   <element name="invtable01" layername="invtable" frame="0" z_index="3" m_a="1.000000" m_b="0.000000" m_c="0.000000" m_d="1.000000" m_tx="-207.954544" m_ty="-376.136353"/>
   <element name="balloontable01" layername="balloontable" frame="0" z_index="3" m_a="1.000000" m_b="0.000000" m_c="0.000000" m_d="1.000000" m_tx="-257.746490" m_ty="-214.084503"/>
  </frame>
  <frame idx="400" w="648" h="812" x="-72.746490" y="-180.136353">
   <element name="invtable01" layername="invtable" frame="0" z_index="3" m_a="1.000000" m_b="0.000000" m_c="0.000000" m_d="1.000000" m_tx="-207.954544" m_ty="-376.136353"/>
   <element name="balloontable01" layername="balloontable" frame="0" z_index="3" m_a="1.000000" m_b="0.000000" m_c="0.000000" m_d="1.000000" m_tx="-257.746490" m_ty="-214.084503"/>
  </frame>
  <frame idx="425" w="648" h="812" x="-72.746490" y="-180.136353">
   <element name="invtable01" layername="invtable" frame="0" z_index="3" m_a="1.000000" m_b="0.000000" m_c="0.000000" m_d="1.000000" m_tx="-207.954544" m_ty="-376.136353"/>
   <element name="balloontable01" layername="balloontable" frame="0" z_index="3" m_a="1.000000" m_b="0.000000" m_c="0.000000" m_d="1.000000" m_tx="-257.746490" m_ty="-214.084503"/>
  </frame>
  <frame idx="450" w="648" h="812" x="-72.746490" y="-180.136353">
   <element name="invtable01" layername="invtable" frame="0" z_index="3" m_a="1.000000" m_b="0.000000" m_c="0.000000" m_d="1.000000" m_tx="-207.954544" m_ty="-376.136353"/>
   <element name="balloontable01" layername="balloontable" frame="0" z_index="3" m_a="1.000000" m_b="0.000000" m_c="0.000000" m_d="1.000000" m_tx="-257.746490" m_ty="-214.084503"/>
  </frame>
  <frame idx="475" w="648" h="812" x="-72.746490" y="-180.136353">
   <element name="invtable01" layername="invtable" frame="0" z_index="3" m_a="1.000000" m_b="0.000000" m_c="0.000000" m_d="1.000000" m_tx="-207.954544" m_ty="-376.136353"/>
   <element name="balloontable01" layername="balloontable" frame="0" z_index="3" m_a="1.000000" m_b="0.000000" m_c="0.000000" m_d="1.000000" m_tx="-257.746490" m_ty="-214.084503"/>
  </frame>
  <frame idx="500" w="648" h="812" x="-72.746490" y="-180.136353">
   <element name="invtable01" layername="invtable" frame="0" z_index="3" m_a="1.000000" m_b="0.000000" m_c="0.000000" m_d="1.000000" m_tx="-207.954544" m_ty="-376.136353"/>
   <element name="balloontable01" layername="balloontable" frame="0" z_index="3" m_a="1.000000" m_b="0.000000" m_c="0.000000" m_d="1.000000" m_tx="-257.746490" m_ty="-214.084503"/>
  </frame>
  <frame idx="525" w="648" h="812" x="-72.746490" y="-180.136353">
   <element name="invtable01" layername="invtable" frame="0" z_index="3" m_a="1.000000" m_b="0.000000" m_c="0.000000" m_d="1.000000" m_tx="-207.954544" m_ty="-376.136353"/>
   <element name="balloontable01" layername="balloontable" frame="0" z_index="3" m_a="1.000000" m_b="0.000000" m_c="0.000000" m_d="1.000000" m_tx="-257.746490" m_ty="-214.084503"/>
  </frame>
  <frame idx="550" w="648" h="812" x="-72.746490" y="-180.136353">
   <element name="invtable01" layername="invtable" frame="0" z_index="3" m_a="1.000000" m_b="0.000000" m_c="0.000000" m_d="1.000000" m_tx="-207.954544" m_ty="-376.136353"/>
   <element name="balloontable01" layername="balloontable" frame="0" z_index="3" m_a="1.000000" m_b="0.000000" m_c="0.000000" m_d="1.000000" m_tx="-257.746490" m_ty="-214.084503"/>
  </frame>
  <frame idx="575" w="648" h="812" x="-72.746490" y="-180.136353">
   <element name="invtable01" layername="invtable" frame="0" z_index="3" m_a="1.000000" m_b="0.000000" m_c="0.000000" m_d="1.000000" m_tx="-207.954544" m_ty="-376.136353"/>
   <element name="balloontable01" layername="balloontable" frame="0" z_index="3" m_a="1.000000" m_b="0.000000" m_c="0.000000" m_d="1.000000" m_tx="-257.746490" m_ty="-214.084503"/>
  </frame>
  <frame idx="600" w="648" h="812" x="-72.746490" y="-180.136353">
   <element name="invtable01" layername="invtable" frame="0" z_index="3" m_a="1.000000" m_b="0.000000" m_c="0.000000" m_d="1.000000" m_tx="-207.954544" m_ty="-376.136353"/>
   <element name="balloontable01" layername="balloontable" frame="0" z_index="3" m_a="1.000000" m_b="0.000000" m_c="0.000000" m_d="1.000000" m_tx="-257.746490" m_ty="-214.084503"/>
  </frame>
  <frame idx="625" w="648" h="812" x="-72.746490" y="-180.136353">
   <element name="invtable01" layername="invtable" frame="0" z_index="3" m_a="1.000000" m_b="0.000000" m_c="0.000000" m_d="1.000000" m_tx="-207.954544" m_ty="-376.136353"/>
   <element name="balloontable01" layername="balloontable" frame="0" z_index="3" m_a="1.000000" m_b="0.000000" m_c="0.000000" m_d="1.000000" m_tx="-257.746490" m_ty="-214.084503"/>
  </frame>
  <frame idx="650" w="648" h="812" x="-72.746490" y="-180.136353">
   <element name="invtable01" layername="invtable" frame="0" z_index="3" m_a="1.000000" m_b="0.000000" m_c="0.000000" m_d="1.000000" m_tx="-207.954544" m_ty="-376.136353"/>
   <element name="balloontable01" layername="balloontable" frame="0" z_index="3" m_a="1.000000" m_b="0.000000" m_c="0.000000" m_d="1.000000" m_tx="-257.746490" m_ty="-214.084503"/>
  </frame>
  <frame idx="675" w="648" h="812" x="-72.746490" y="-180.136353">
   <element name="invtable01" layername="invtable" frame="0" z_index="3" m_a="1.000000" m_b="0.000000" m_c="0.000000" m_d="1.000000" m_tx="-207.954544" m_ty="-376.136353"/>
   <element name="balloontable01" layername="balloontable" frame="0" z_index="3" m_a="1.000000" m_b="0.000000" m_c="0.000000" m_d="1.000000" m_tx="-257.746490" m_ty="-214.084503"/>
  </frame>
  <frame idx="700" w="648" h="812" x="-72.746490" y="-180.136353">
   <element name="invtable01" layername="invtable" frame="0" z_index="3" m_a="1.000000" m_b="0.000000" m_c="0.000000" m_d="1.000000" m_tx="-207.954544" m_ty="-376.136353"/>
   <element name="balloontable01" layername="balloontable" frame="0" z_index="3" m_a="1.000000" m_b="0.000000" m_c="0.000000" m_d="1.000000" m_tx="-257.746490" m_ty="-214.084503"/>
  </frame>
  <frame idx="725" w="648" h="812" x="-72.746490" y="-180.136353">
   <element name="invtable01" layername="invtable" frame="0" z_index="3" m_a="1.000000" m_b="0.000000" m_c="0.000000" m_d="1.000000" m_tx="-207.954544" m_ty="-376.136353"/>
   <element name="balloontable01" layername="balloontable" frame="0" z_index="3" m_a="1.000000" m_b="0.000000" m_c="0.000000" m_d="1.000000" m_tx="-257.746490" m_ty="-214.084503"/>
  </frame>
  <frame idx="750" w="648" h="812" x="-72.746490" y="-180.136353">
   <element name="invtable01" layername="invtable" frame="0" z_index="3" m_a="1.000000" m_b="0.000000" m_c="0.000000" m_d="1.000000" m_tx="-207.954544" m_ty="-376.136353"/>
   <element name="balloontable01" layername="balloontable" frame="0" z_index="3" m_a="1.000000" m_b="0.000000" m_c="0.000000" m_d="1.000000" m_tx="-257.746490" m_ty="-214.084503"/>
  </frame>
  <frame idx="775" w="648" h="812" x="-72.746490" y="-180.136353">
   <element name="invtable01" layername="invtable" frame="0" z_index="3" m_a="1.000000" m_b="0.000000" m_c="0.000000" m_d="1.000000" m_tx="-207.954544" m_ty="-376.136353"/>
   <element name="balloontable01" layername="balloontable" frame="0" z_index="3" m_a="1.000000" m_b="0.000000" m_c="0.000000" m_d="1.000000" m_tx="-257.746490" m_ty="-214.084503"/>
  </frame>
 </anim>
</Anims>
