<Anims>
 <anim name="idle" root="workchair1" numframes="1000" framerate="40">
  <frame idx="0" w="303" h="445" x="-39.500000" y="-133.500000">
   <element name="invchair01" layername="invchair" frame="0" z_index="2" m_a="1.000000" m_b="0.000000" m_c="0.000000" m_d="1.000000" m_tx="-140.000000" m_ty="-240.000000"/>
  </frame>
  <frame idx="25" w="303" h="445" x="-39.500000" y="-133.500000">
   <element name="invchair01" layername="invchair" frame="0" z_index="2" m_a="1.000000" m_b="0.000000" m_c="0.000000" m_d="1.000000" m_tx="-140.000000" m_ty="-240.000000"/>
  </frame>
  <frame idx="50" w="303" h="445" x="-39.500000" y="-133.500000">
   <element name="invchair01" layername="invchair" frame="0" z_index="2" m_a="1.000000" m_b="0.000000" m_c="0.000000" m_d="1.000000" m_tx="-140.000000" m_ty="-240.000000"/>
  </frame>
  <frame idx="75" w="303" h="445" x="-39.500000" y="-133.500000">
   <element name="invchair01" layername="invchair" frame="0" z_index="2" m_a="1.000000" m_b="0.000000" m_c="0.000000" m_d="1.000000" m_tx="-140.000000" m_ty="-240.000000"/>
  </frame>
  <frame idx="100" w="303" h="445" x="-39.500000" y="-133.500000">
   <element name="invchair01" layername="invchair" frame="0" z_index="2" m_a="1.000000" m_b="0.000000" m_c="0.000000" m_d="1.000000" m_tx="-140.000000" m_ty="-240.000000"/>
  </frame>
  <frame idx="125" w="303" h="445" x="-39.500000" y="-133.500000">
   <element name="invchair01" layername="invchair" frame="0" z_index="2" m_a="1.000000" m_b="0.000000" m_c="0.000000" m_d="1.000000" m_tx="-140.000000" m_ty="-240.000000"/>
  </frame>
  <frame idx="150" w="303" h="445" x="-39.500000" y="-133.500000">
   <element name="invchair01" layername="invchair" frame="0" z_index="2" m_a="1.000000" m_b="0.000000" m_c="0.000000" m_d="1.000000" m_tx="-140.000000" m_ty="-240.000000"/>
  </frame>
  <frame idx="175" w="303" h="445" x="-39.500000" y="-133.500000">
   <element name="invchair01" layername="invchair" frame="0" z_index="2" m_a="1.000000" m_b="0.000000" m_c="0.000000" m_d="1.000000" m_tx="-140.000000" m_ty="-240.000000"/>
  </frame>
  <frame idx="200" w="303" h="445" x="-39.500000" y="-133.500000">
   <element name="invchair01" layername="invchair" frame="0" z_index="2" m_a="1.000000" m_b="0.000000" m_c="0.000000" m_d="1.000000" m_tx="-140.000000" m_ty="-240.000000"/>
  </frame>
  <frame idx="225" w="303" h="445" x="-39.500000" y="-133.500000">
   <element name="invchair01" layername="invchair" frame="0" z_index="2" m_a="1.000000" m_b="0.000000" m_c="0.000000" m_d="1.000000" m_tx="-140.000000" m_ty="-240.000000"/>
  </frame>
  <frame idx="250" w="303" h="445" x="-39.500000" y="-133.500000">
   <element name="invchair01" layername="invchair" frame="0" z_index="2" m_a="1.000000" m_b="0.000000" m_c="0.000000" m_d="1.000000" m_tx="-140.000000" m_ty="-240.000000"/>
  </frame>
  <frame idx="275" w="303" h="445" x="-39.500000" y="-133.500000">
   <element name="invchair01" layername="invchair" frame="0" z_index="2" m_a="1.000000" m_b="0.000000" m_c="0.000000" m_d="1.000000" m_tx="-140.000000" m_ty="-240.000000"/>
  </frame>
  <frame idx="300" w="303" h="445" x="-39.500000" y="-133.500000">
   <element name="invchair01" layername="invchair" frame="0" z_index="2" m_a="1.000000" m_b="0.000000" m_c="0.000000" m_d="1.000000" m_tx="-140.000000" m_ty="-240.000000"/>
  </frame>
  <frame idx="325" w="303" h="445" x="-39.500000" y="-133.500000">
   <element name="invchair01" layername="invchair" frame="0" z_index="2" m_a="1.000000" m_b="0.000000" m_c="0.000000" m_d="1.000000" m_tx="-140.000000" m_ty="-240.000000"/>
  </frame>
  <frame idx="350" w="303" h="445" x="-39.500000" y="-133.500000">
   <element name="invchair01" layername="invchair" frame="0" z_index="2" m_a="1.000000" m_b="0.000000" m_c="0.000000" m_d="1.000000" m_tx="-140.000000" m_ty="-240.000000"/>
  </frame>
  <frame idx="375" w="303" h="445" x="-39.500000" y="-133.500000">
   <element name="invchair01" layername="invchair" frame="0" z_index="2" m_a="1.000000" m_b="0.000000" m_c="0.000000" m_d="1.000000" m_tx="-140.000000" m_ty="-240.000000"/>
  </frame>
  <frame idx="400" w="303" h="445" x="-39.500000" y="-133.500000">
   <element name="invchair01" layername="invchair" frame="0" z_index="2" m_a="1.000000" m_b="0.000000" m_c="0.000000" m_d="1.000000" m_tx="-140.000000" m_ty="-240.000000"/>
  </frame>
  <frame idx="425" w="303" h="445" x="-39.500000" y="-133.500000">
   <element name="invchair01" layername="invchair" frame="0" z_index="2" m_a="1.000000" m_b="0.000000" m_c="0.000000" m_d="1.000000" m_tx="-140.000000" m_ty="-240.000000"/>
  </frame>
  <frame idx="450" w="303" h="445" x="-39.500000" y="-133.500000">
   <element name="invchair01" layername="invchair" frame="0" z_index="2" m_a="1.000000" m_b="0.000000" m_c="0.000000" m_d="1.000000" m_tx="-140.000000" m_ty="-240.000000"/>
  </frame>
  <frame idx="475" w="303" h="445" x="-39.500000" y="-133.500000">
   <element name="invchair01" layername="invchair" frame="0" z_index="2" m_a="1.000000" m_b="0.000000" m_c="0.000000" m_d="1.000000" m_tx="-140.000000" m_ty="-240.000000"/>
  </frame>
  <frame idx="500" w="303" h="445" x="-39.500000" y="-133.500000">
   <element name="invchair01" layername="invchair" frame="0" z_index="2" m_a="1.000000" m_b="0.000000" m_c="0.000000" m_d="1.000000" m_tx="-140.000000" m_ty="-240.000000"/>
  </frame>
  <frame idx="525" w="303" h="445" x="-39.500000" y="-133.500000">
   <element name="invchair01" layername="invchair" frame="0" z_index="2" m_a="1.000000" m_b="0.000000" m_c="0.000000" m_d="1.000000" m_tx="-140.000000" m_ty="-240.000000"/>
  </frame>
  <frame idx="550" w="303" h="445" x="-39.500000" y="-133.500000">
   <element name="invchair01" layername="invchair" frame="0" z_index="2" m_a="1.000000" m_b="0.000000" m_c="0.000000" m_d="1.000000" m_tx="-140.000000" m_ty="-240.000000"/>
  </frame>
  <frame idx="575" w="303" h="445" x="-39.500000" y="-133.500000">
   <element name="invchair01" layername="invchair" frame="0" z_index="2" m_a="1.000000" m_b="0.000000" m_c="0.000000" m_d="1.000000" m_tx="-140.000000" m_ty="-240.000000"/>
  </frame>
  <frame idx="600" w="303" h="445" x="-39.500000" y="-133.500000">
   <element name="invchair01" layername="invchair" frame="0" z_index="2" m_a="1.000000" m_b="0.000000" m_c="0.000000" m_d="1.000000" m_tx="-140.000000" m_ty="-240.000000"/>
  </frame>
  <frame idx="625" w="303" h="445" x="-39.500000" y="-133.500000">
   <element name="invchair01" layername="invchair" frame="0" z_index="2" m_a="1.000000" m_b="0.000000" m_c="0.000000" m_d="1.000000" m_tx="-140.000000" m_ty="-240.000000"/>
  </frame>
  <frame idx="650" w="303" h="445" x="-39.500000" y="-133.500000">
   <element name="invchair01" layername="invchair" frame="0" z_index="2" m_a="1.000000" m_b="0.000000" m_c="0.000000" m_d="1.000000" m_tx="-140.000000" m_ty="-240.000000"/>
  </frame>
  <frame idx="675" w="303" h="445" x="-39.500000" y="-133.500000">
   <element name="invchair01" layername="invchair" frame="0" z_index="2" m_a="1.000000" m_b="0.000000" m_c="0.000000" m_d="1.000000" m_tx="-140.000000" m_ty="-240.000000"/>
  </frame>
  <frame idx="700" w="303" h="445" x="-39.500000" y="-133.500000">
   <element name="invchair01" layername="invchair" frame="0" z_index="2" m_a="1.000000" m_b="0.000000" m_c="0.000000" m_d="1.000000" m_tx="-140.000000" m_ty="-240.000000"/>
  </frame>
  <frame idx="725" w="303" h="445" x="-39.500000" y="-133.500000">
   <element name="invchair01" layername="invchair" frame="0" z_index="2" m_a="1.000000" m_b="0.000000" m_c="0.000000" m_d="1.000000" m_tx="-140.000000" m_ty="-240.000000"/>
  </frame>
  <frame idx="750" w="303" h="445" x="-39.500000" y="-133.500000">
   <element name="invchair01" layername="invchair" frame="0" z_index="2" m_a="1.000000" m_b="0.000000" m_c="0.000000" m_d="1.000000" m_tx="-140.000000" m_ty="-240.000000"/>
  </frame>
  <frame idx="775" w="303" h="445" x="-39.500000" y="-133.500000">
   <element name="invchair01" layername="invchair" frame="0" z_index="2" m_a="1.000000" m_b="0.000000" m_c="0.000000" m_d="1.000000" m_tx="-140.000000" m_ty="-240.000000"/>
  </frame>
  <frame idx="800" w="303" h="445" x="-39.500000" y="-133.500000">
   <element name="invchair01" layername="invchair" frame="0" z_index="2" m_a="1.000000" m_b="0.000000" m_c="0.000000" m_d="1.000000" m_tx="-140.000000" m_ty="-240.000000"/>
  </frame>
  <frame idx="825" w="303" h="445" x="-39.500000" y="-133.500000">
   <element name="invchair01" layername="invchair" frame="0" z_index="2" m_a="1.000000" m_b="0.000000" m_c="0.000000" m_d="1.000000" m_tx="-140.000000" m_ty="-240.000000"/>
  </frame>
  <frame idx="850" w="303" h="445" x="-39.500000" y="-133.500000">
   <element name="invchair01" layername="invchair" frame="0" z_index="2" m_a="1.000000" m_b="0.000000" m_c="0.000000" m_d="1.000000" m_tx="-140.000000" m_ty="-240.000000"/>
  </frame>
  <frame idx="875" w="303" h="445" x="-39.500000" y="-133.500000">
   <element name="invchair01" layername="invchair" frame="0" z_index="2" m_a="1.000000" m_b="0.000000" m_c="0.000000" m_d="1.000000" m_tx="-140.000000" m_ty="-240.000000"/>
  </frame>
  <frame idx="900" w="303" h="445" x="-39.500000" y="-133.500000">
   <element name="invchair01" layername="invchair" frame="0" z_index="2" m_a="1.000000" m_b="0.000000" m_c="0.000000" m_d="1.000000" m_tx="-140.000000" m_ty="-240.000000"/>
  </frame>
  <frame idx="925" w="303" h="445" x="-39.500000" y="-133.500000">
   <element name="invchair01" layername="invchair" frame="0" z_index="2" m_a="1.000000" m_b="0.000000" m_c="0.000000" m_d="1.000000" m_tx="-140.000000" m_ty="-240.000000"/>
  </frame>
  <frame idx="950" w="303" h="445" x="-39.500000" y="-133.500000">
   <element name="invchair01" layername="invchair" frame="0" z_index="2" m_a="1.000000" m_b="0.000000" m_c="0.000000" m_d="1.000000" m_tx="-140.000000" m_ty="-240.000000"/>
  </frame>
  <frame idx="975" w="303" h="445" x="-39.500000" y="-133.500000">
   <element name="invchair01" layername="invchair" frame="0" z_index="2" m_a="1.000000" m_b="0.000000" m_c="0.000000" m_d="1.000000" m_tx="-140.000000" m_ty="-240.000000"/>
  </frame>
 </anim>
 <anim name="hit" root="workchair1" numframes="1000" framerate="40">
  <frame idx="0" w="303" h="445" x="-39.500000" y="-133.500000">
   <element name="invchair01" layername="invchair" frame="0" z_index="2" m_a="1.000000" m_b="0.000000" m_c="0.000000" m_d="1.000000" m_tx="-140.000000" m_ty="-240.000000"/>
  </frame>
  <frame idx="25" w="315" h="399" x="-41.257584" y="-116.784126">
   <element name="invchair01" layername="invchair" frame="0" z_index="2" m_a="1.039565" m_b="0.000000" m_c="0.000000" m_d="0.912001" m_tx="-145.742813" m_ty="-214.612289"/>
  </frame>
  <frame idx="50" w="327" h="352" x="-43.015148" y="-100.068253">
   <element name="invchair01" layername="invchair" frame="0" z_index="2" m_a="1.079131" m_b="0.000000" m_c="0.000000" m_d="0.824002" m_tx="-151.485611" m_ty="-189.224579"/>
  </frame>
  <frame idx="75" w="339" h="305" x="-44.772732" y="-83.352379">
   <element name="invchair01" layername="invchair" frame="0" z_index="2" m_a="1.118696" m_b="0.000000" m_c="0.000000" m_d="0.736003" m_tx="-157.228424" m_ty="-163.836868"/>
  </frame>
  <frame idx="100" w="340" h="302" x="-44.826233" y="-82.454155">
   <element name="invchair01" layername="invchair" frame="0" z_index="2" m_a="1.121491" m_b="0.000000" m_c="0.000000" m_d="0.729787" m_tx="-157.634079" m_ty="-162.043533"/>
  </frame>
  <frame idx="125" w="329" h="346" x="-43.117004" y="-97.858376">
   <element name="invchair01" layername="invchair" frame="0" z_index="2" m_a="1.084451" m_b="0.000000" m_c="0.000000" m_d="0.812169" m_tx="-152.257828" m_ty="-185.810745"/>
  </frame>
  <frame idx="150" w="317" h="389" x="-41.407795" y="-113.262589">
   <element name="invchair01" layername="invchair" frame="0" z_index="2" m_a="1.047411" m_b="0.000000" m_c="0.000000" m_d="0.894551" m_tx="-146.881592" m_ty="-209.577957"/>
  </frame>
  <frame idx="175" w="306" h="433" x="-39.698570" y="-129.166824">
   <element name="invchair01" layername="invchair" frame="0" z_index="2" m_a="1.010371" m_b="0.000000" m_c="0.000000" m_d="0.976933" m_tx="-141.505341" m_ty="-233.345184"/>
  </frame>
  <frame idx="200" w="303" h="445" x="-39.500000" y="-133.500000">
   <element name="invchair01" layername="invchair" frame="0" z_index="2" m_a="1.000000" m_b="0.000000" m_c="0.000000" m_d="1.000000" m_tx="-140.000000" m_ty="-240.000000"/>
  </frame>
  <frame idx="225" w="303" h="445" x="-39.500000" y="-133.500000">
   <element name="invchair01" layername="invchair" frame="0" z_index="2" m_a="1.000000" m_b="0.000000" m_c="0.000000" m_d="1.000000" m_tx="-140.000000" m_ty="-240.000000"/>
  </frame>
  <frame idx="250" w="303" h="445" x="-39.500000" y="-133.500000">
   <element name="invchair01" layername="invchair" frame="0" z_index="2" m_a="1.000000" m_b="0.000000" m_c="0.000000" m_d="1.000000" m_tx="-140.000000" m_ty="-240.000000"/>
  </frame>
  <frame idx="275" w="303" h="445" x="-39.500000" y="-133.500000">
   <element name="invchair01" layername="invchair" frame="0" z_index="2" m_a="1.000000" m_b="0.000000" m_c="0.000000" m_d="1.000000" m_tx="-140.000000" m_ty="-240.000000"/>
  </frame>
  <frame idx="300" w="303" h="445" x="-39.500000" y="-133.500000">
   <element name="invchair01" layername="invchair" frame="0" z_index="2" m_a="1.000000" m_b="0.000000" m_c="0.000000" m_d="1.000000" m_tx="-140.000000" m_ty="-240.000000"/>
  </frame>
  <frame idx="325" w="303" h="445" x="-39.500000" y="-133.500000">
   <element name="invchair01" layername="invchair" frame="0" z_index="2" m_a="1.000000" m_b="0.000000" m_c="0.000000" m_d="1.000000" m_tx="-140.000000" m_ty="-240.000000"/>
  </frame>
  <frame idx="350" w="303" h="445" x="-39.500000" y="-133.500000">
   <element name="invchair01" layername="invchair" frame="0" z_index="2" m_a="1.000000" m_b="0.000000" m_c="0.000000" m_d="1.000000" m_tx="-140.000000" m_ty="-240.000000"/>
  </frame>
  <frame idx="375" w="303" h="445" x="-39.500000" y="-133.500000">
   <element name="invchair01" layername="invchair" frame="0" z_index="2" m_a="1.000000" m_b="0.000000" m_c="0.000000" m_d="1.000000" m_tx="-140.000000" m_ty="-240.000000"/>
  </frame>
  <frame idx="400" w="303" h="445" x="-39.500000" y="-133.500000">
   <element name="invchair01" layername="invchair" frame="0" z_index="2" m_a="1.000000" m_b="0.000000" m_c="0.000000" m_d="1.000000" m_tx="-140.000000" m_ty="-240.000000"/>
  </frame>
  <frame idx="425" w="303" h="445" x="-39.500000" y="-133.500000">
   <element name="invchair01" layername="invchair" frame="0" z_index="2" m_a="1.000000" m_b="0.000000" m_c="0.000000" m_d="1.000000" m_tx="-140.000000" m_ty="-240.000000"/>
  </frame>
  <frame idx="450" w="303" h="445" x="-39.500000" y="-133.500000">
   <element name="invchair01" layername="invchair" frame="0" z_index="2" m_a="1.000000" m_b="0.000000" m_c="0.000000" m_d="1.000000" m_tx="-140.000000" m_ty="-240.000000"/>
  </frame>
  <frame idx="475" w="303" h="445" x="-39.500000" y="-133.500000">
   <element name="invchair01" layername="invchair" frame="0" z_index="2" m_a="1.000000" m_b="0.000000" m_c="0.000000" m_d="1.000000" m_tx="-140.000000" m_ty="-240.000000"/>
  </frame>
  <frame idx="500" w="303" h="445" x="-39.500000" y="-133.500000">
   <element name="invchair01" layername="invchair" frame="0" z_index="2" m_a="1.000000" m_b="0.000000" m_c="0.000000" m_d="1.000000" m_tx="-140.000000" m_ty="-240.000000"/>
  </frame>
  <frame idx="525" w="303" h="445" x="-39.500000" y="-133.500000">
   <element name="invchair01" layername="invchair" frame="0" z_index="2" m_a="1.000000" m_b="0.000000" m_c="0.000000" m_d="1.000000" m_tx="-140.000000" m_ty="-240.000000"/>
  </frame>
  <frame idx="550" w="303" h="445" x="-39.500000" y="-133.500000">
   <element name="invchair01" layername="invchair" frame="0" z_index="2" m_a="1.000000" m_b="0.000000" m_c="0.000000" m_d="1.000000" m_tx="-140.000000" m_ty="-240.000000"/>
  </frame>
  <frame idx="575" w="303" h="445" x="-39.500000" y="-133.500000">
   <element name="invchair01" layername="invchair" frame="0" z_index="2" m_a="1.000000" m_b="0.000000" m_c="0.000000" m_d="1.000000" m_tx="-140.000000" m_ty="-240.000000"/>
  </frame>
  <frame idx="600" w="303" h="445" x="-39.500000" y="-133.500000">
   <element name="invchair01" layername="invchair" frame="0" z_index="2" m_a="1.000000" m_b="0.000000" m_c="0.000000" m_d="1.000000" m_tx="-140.000000" m_ty="-240.000000"/>
  </frame>
  <frame idx="625" w="303" h="445" x="-39.500000" y="-133.500000">
   <element name="invchair01" layername="invchair" frame="0" z_index="2" m_a="1.000000" m_b="0.000000" m_c="0.000000" m_d="1.000000" m_tx="-140.000000" m_ty="-240.000000"/>
  </frame>
  <frame idx="650" w="303" h="445" x="-39.500000" y="-133.500000">
   <element name="invchair01" layername="invchair" frame="0" z_index="2" m_a="1.000000" m_b="0.000000" m_c="0.000000" m_d="1.000000" m_tx="-140.000000" m_ty="-240.000000"/>
  </frame>
  <frame idx="675" w="303" h="445" x="-39.500000" y="-133.500000">
   <element name="invchair01" layername="invchair" frame="0" z_index="2" m_a="1.000000" m_b="0.000000" m_c="0.000000" m_d="1.000000" m_tx="-140.000000" m_ty="-240.000000"/>
  </frame>
  <frame idx="700" w="303" h="445" x="-39.500000" y="-133.500000">
   <element name="invchair01" layername="invchair" frame="0" z_index="2" m_a="1.000000" m_b="0.000000" m_c="0.000000" m_d="1.000000" m_tx="-140.000000" m_ty="-240.000000"/>
  </frame>
  <frame idx="725" w="303" h="445" x="-39.500000" y="-133.500000">
   <element name="invchair01" layername="invchair" frame="0" z_index="2" m_a="1.000000" m_b="0.000000" m_c="0.000000" m_d="1.000000" m_tx="-140.000000" m_ty="-240.000000"/>
  </frame>
  <frame idx="750" w="303" h="445" x="-39.500000" y="-133.500000">
   <element name="invchair01" layername="invchair" frame="0" z_index="2" m_a="1.000000" m_b="0.000000" m_c="0.000000" m_d="1.000000" m_tx="-140.000000" m_ty="-240.000000"/>
  </frame>
  <frame idx="775" w="303" h="445" x="-39.500000" y="-133.500000">
   <element name="invchair01" layername="invchair" frame="0" z_index="2" m_a="1.000000" m_b="0.000000" m_c="0.000000" m_d="1.000000" m_tx="-140.000000" m_ty="-240.000000"/>
  </frame>
  <frame idx="800" w="303" h="445" x="-39.500000" y="-133.500000">
   <element name="invchair01" layername="invchair" frame="0" z_index="2" m_a="1.000000" m_b="0.000000" m_c="0.000000" m_d="1.000000" m_tx="-140.000000" m_ty="-240.000000"/>
  </frame>
  <frame idx="825" w="303" h="445" x="-39.500000" y="-133.500000">
   <element name="invchair01" layername="invchair" frame="0" z_index="2" m_a="1.000000" m_b="0.000000" m_c="0.000000" m_d="1.000000" m_tx="-140.000000" m_ty="-240.000000"/>
  </frame>
  <frame idx="850" w="303" h="445" x="-39.500000" y="-133.500000">
   <element name="invchair01" layername="invchair" frame="0" z_index="2" m_a="1.000000" m_b="0.000000" m_c="0.000000" m_d="1.000000" m_tx="-140.000000" m_ty="-240.000000"/>
  </frame>
  <frame idx="875" w="303" h="445" x="-39.500000" y="-133.500000">
   <element name="invchair01" layername="invchair" frame="0" z_index="2" m_a="1.000000" m_b="0.000000" m_c="0.000000" m_d="1.000000" m_tx="-140.000000" m_ty="-240.000000"/>
  </frame>
  <frame idx="900" w="303" h="445" x="-39.500000" y="-133.500000">
   <element name="invchair01" layername="invchair" frame="0" z_index="2" m_a="1.000000" m_b="0.000000" m_c="0.000000" m_d="1.000000" m_tx="-140.000000" m_ty="-240.000000"/>
  </frame>
  <frame idx="925" w="303" h="445" x="-39.500000" y="-133.500000">
   <element name="invchair01" layername="invchair" frame="0" z_index="2" m_a="1.000000" m_b="0.000000" m_c="0.000000" m_d="1.000000" m_tx="-140.000000" m_ty="-240.000000"/>
  </frame>
  <frame idx="950" w="303" h="445" x="-39.500000" y="-133.500000">
   <element name="invchair01" layername="invchair" frame="0" z_index="2" m_a="1.000000" m_b="0.000000" m_c="0.000000" m_d="1.000000" m_tx="-140.000000" m_ty="-240.000000"/>
  </frame>
  <frame idx="975" w="303" h="445" x="-39.500000" y="-133.500000">
   <element name="invchair01" layername="invchair" frame="0" z_index="2" m_a="1.000000" m_b="0.000000" m_c="0.000000" m_d="1.000000" m_tx="-140.000000" m_ty="-240.000000"/>
  </frame>
 </anim>
</Anims>
