<Anims>
 <anim name="idle" root="girlychair1" numframes="1000" framerate="40">
  <frame idx="0" w="303" h="457" x="-29.500000" y="-134.500000">
   <element name="girlychair01" layername="girlychair" frame="0" z_index="2" m_a="1.000000" m_b="0.000000" m_c="0.000000" m_d="1.000000" m_tx="-130.000000" m_ty="-240.000000"/>
  </frame>
  <frame idx="25" w="303" h="457" x="-29.500000" y="-134.500000">
   <element name="girlychair01" layername="girlychair" frame="0" z_index="2" m_a="1.000000" m_b="0.000000" m_c="0.000000" m_d="1.000000" m_tx="-130.000000" m_ty="-240.000000"/>
  </frame>
  <frame idx="50" w="303" h="457" x="-29.500000" y="-134.500000">
   <element name="girlychair01" layername="girlychair" frame="0" z_index="2" m_a="1.000000" m_b="0.000000" m_c="0.000000" m_d="1.000000" m_tx="-130.000000" m_ty="-240.000000"/>
  </frame>
  <frame idx="75" w="303" h="457" x="-29.500000" y="-134.500000">
   <element name="girlychair01" layername="girlychair" frame="0" z_index="2" m_a="1.000000" m_b="0.000000" m_c="0.000000" m_d="1.000000" m_tx="-130.000000" m_ty="-240.000000"/>
  </frame>
  <frame idx="100" w="303" h="457" x="-29.500000" y="-134.500000">
   <element name="girlychair01" layername="girlychair" frame="0" z_index="2" m_a="1.000000" m_b="0.000000" m_c="0.000000" m_d="1.000000" m_tx="-130.000000" m_ty="-240.000000"/>
  </frame>
  <frame idx="125" w="303" h="457" x="-29.500000" y="-134.500000">
   <element name="girlychair01" layername="girlychair" frame="0" z_index="2" m_a="1.000000" m_b="0.000000" m_c="0.000000" m_d="1.000000" m_tx="-130.000000" m_ty="-240.000000"/>
  </frame>
  <frame idx="150" w="303" h="457" x="-29.500000" y="-134.500000">
   <element name="girlychair01" layername="girlychair" frame="0" z_index="2" m_a="1.000000" m_b="0.000000" m_c="0.000000" m_d="1.000000" m_tx="-130.000000" m_ty="-240.000000"/>
  </frame>
  <frame idx="175" w="303" h="457" x="-29.500000" y="-134.500000">
   <element name="girlychair01" layername="girlychair" frame="0" z_index="2" m_a="1.000000" m_b="0.000000" m_c="0.000000" m_d="1.000000" m_tx="-130.000000" m_ty="-240.000000"/>
  </frame>
  <frame idx="200" w="303" h="457" x="-29.500000" y="-134.500000">
   <element name="girlychair01" layername="girlychair" frame="0" z_index="2" m_a="1.000000" m_b="0.000000" m_c="0.000000" m_d="1.000000" m_tx="-130.000000" m_ty="-240.000000"/>
  </frame>
  <frame idx="225" w="303" h="457" x="-29.500000" y="-134.500000">
   <element name="girlychair01" layername="girlychair" frame="0" z_index="2" m_a="1.000000" m_b="0.000000" m_c="0.000000" m_d="1.000000" m_tx="-130.000000" m_ty="-240.000000"/>
  </frame>
  <frame idx="250" w="303" h="457" x="-29.500000" y="-134.500000">
   <element name="girlychair01" layername="girlychair" frame="0" z_index="2" m_a="1.000000" m_b="0.000000" m_c="0.000000" m_d="1.000000" m_tx="-130.000000" m_ty="-240.000000"/>
  </frame>
  <frame idx="275" w="303" h="457" x="-29.500000" y="-134.500000">
   <element name="girlychair01" layername="girlychair" frame="0" z_index="2" m_a="1.000000" m_b="0.000000" m_c="0.000000" m_d="1.000000" m_tx="-130.000000" m_ty="-240.000000"/>
  </frame>
  <frame idx="300" w="303" h="457" x="-29.500000" y="-134.500000">
   <element name="girlychair01" layername="girlychair" frame="0" z_index="2" m_a="1.000000" m_b="0.000000" m_c="0.000000" m_d="1.000000" m_tx="-130.000000" m_ty="-240.000000"/>
  </frame>
  <frame idx="325" w="303" h="457" x="-29.500000" y="-134.500000">
   <element name="girlychair01" layername="girlychair" frame="0" z_index="2" m_a="1.000000" m_b="0.000000" m_c="0.000000" m_d="1.000000" m_tx="-130.000000" m_ty="-240.000000"/>
  </frame>
  <frame idx="350" w="303" h="457" x="-29.500000" y="-134.500000">
   <element name="girlychair01" layername="girlychair" frame="0" z_index="2" m_a="1.000000" m_b="0.000000" m_c="0.000000" m_d="1.000000" m_tx="-130.000000" m_ty="-240.000000"/>
  </frame>
  <frame idx="375" w="303" h="457" x="-29.500000" y="-134.500000">
   <element name="girlychair01" layername="girlychair" frame="0" z_index="2" m_a="1.000000" m_b="0.000000" m_c="0.000000" m_d="1.000000" m_tx="-130.000000" m_ty="-240.000000"/>
  </frame>
  <frame idx="400" w="303" h="457" x="-29.500000" y="-134.500000">
   <element name="girlychair01" layername="girlychair" frame="0" z_index="2" m_a="1.000000" m_b="0.000000" m_c="0.000000" m_d="1.000000" m_tx="-130.000000" m_ty="-240.000000"/>
  </frame>
  <frame idx="425" w="303" h="457" x="-29.500000" y="-134.500000">
   <element name="girlychair01" layername="girlychair" frame="0" z_index="2" m_a="1.000000" m_b="0.000000" m_c="0.000000" m_d="1.000000" m_tx="-130.000000" m_ty="-240.000000"/>
  </frame>
  <frame idx="450" w="303" h="457" x="-29.500000" y="-134.500000">
   <element name="girlychair01" layername="girlychair" frame="0" z_index="2" m_a="1.000000" m_b="0.000000" m_c="0.000000" m_d="1.000000" m_tx="-130.000000" m_ty="-240.000000"/>
  </frame>
  <frame idx="475" w="303" h="457" x="-29.500000" y="-134.500000">
   <element name="girlychair01" layername="girlychair" frame="0" z_index="2" m_a="1.000000" m_b="0.000000" m_c="0.000000" m_d="1.000000" m_tx="-130.000000" m_ty="-240.000000"/>
  </frame>
  <frame idx="500" w="303" h="457" x="-29.500000" y="-134.500000">
   <element name="girlychair01" layername="girlychair" frame="0" z_index="2" m_a="1.000000" m_b="0.000000" m_c="0.000000" m_d="1.000000" m_tx="-130.000000" m_ty="-240.000000"/>
  </frame>
  <frame idx="525" w="303" h="457" x="-29.500000" y="-134.500000">
   <element name="girlychair01" layername="girlychair" frame="0" z_index="2" m_a="1.000000" m_b="0.000000" m_c="0.000000" m_d="1.000000" m_tx="-130.000000" m_ty="-240.000000"/>
  </frame>
  <frame idx="550" w="303" h="457" x="-29.500000" y="-134.500000">
   <element name="girlychair01" layername="girlychair" frame="0" z_index="2" m_a="1.000000" m_b="0.000000" m_c="0.000000" m_d="1.000000" m_tx="-130.000000" m_ty="-240.000000"/>
  </frame>
  <frame idx="575" w="303" h="457" x="-29.500000" y="-134.500000">
   <element name="girlychair01" layername="girlychair" frame="0" z_index="2" m_a="1.000000" m_b="0.000000" m_c="0.000000" m_d="1.000000" m_tx="-130.000000" m_ty="-240.000000"/>
  </frame>
  <frame idx="600" w="303" h="457" x="-29.500000" y="-134.500000">
   <element name="girlychair01" layername="girlychair" frame="0" z_index="2" m_a="1.000000" m_b="0.000000" m_c="0.000000" m_d="1.000000" m_tx="-130.000000" m_ty="-240.000000"/>
  </frame>
  <frame idx="625" w="303" h="457" x="-29.500000" y="-134.500000">
   <element name="girlychair01" layername="girlychair" frame="0" z_index="2" m_a="1.000000" m_b="0.000000" m_c="0.000000" m_d="1.000000" m_tx="-130.000000" m_ty="-240.000000"/>
  </frame>
  <frame idx="650" w="303" h="457" x="-29.500000" y="-134.500000">
   <element name="girlychair01" layername="girlychair" frame="0" z_index="2" m_a="1.000000" m_b="0.000000" m_c="0.000000" m_d="1.000000" m_tx="-130.000000" m_ty="-240.000000"/>
  </frame>
  <frame idx="675" w="303" h="457" x="-29.500000" y="-134.500000">
   <element name="girlychair01" layername="girlychair" frame="0" z_index="2" m_a="1.000000" m_b="0.000000" m_c="0.000000" m_d="1.000000" m_tx="-130.000000" m_ty="-240.000000"/>
  </frame>
  <frame idx="700" w="303" h="457" x="-29.500000" y="-134.500000">
   <element name="girlychair01" layername="girlychair" frame="0" z_index="2" m_a="1.000000" m_b="0.000000" m_c="0.000000" m_d="1.000000" m_tx="-130.000000" m_ty="-240.000000"/>
  </frame>
  <frame idx="725" w="303" h="457" x="-29.500000" y="-134.500000">
   <element name="girlychair01" layername="girlychair" frame="0" z_index="2" m_a="1.000000" m_b="0.000000" m_c="0.000000" m_d="1.000000" m_tx="-130.000000" m_ty="-240.000000"/>
  </frame>
  <frame idx="750" w="303" h="457" x="-29.500000" y="-134.500000">
   <element name="girlychair01" layername="girlychair" frame="0" z_index="2" m_a="1.000000" m_b="0.000000" m_c="0.000000" m_d="1.000000" m_tx="-130.000000" m_ty="-240.000000"/>
  </frame>
  <frame idx="775" w="303" h="457" x="-29.500000" y="-134.500000">
   <element name="girlychair01" layername="girlychair" frame="0" z_index="2" m_a="1.000000" m_b="0.000000" m_c="0.000000" m_d="1.000000" m_tx="-130.000000" m_ty="-240.000000"/>
  </frame>
  <frame idx="800" w="303" h="457" x="-29.500000" y="-134.500000">
   <element name="girlychair01" layername="girlychair" frame="0" z_index="2" m_a="1.000000" m_b="0.000000" m_c="0.000000" m_d="1.000000" m_tx="-130.000000" m_ty="-240.000000"/>
  </frame>
  <frame idx="825" w="303" h="457" x="-29.500000" y="-134.500000">
   <element name="girlychair01" layername="girlychair" frame="0" z_index="2" m_a="1.000000" m_b="0.000000" m_c="0.000000" m_d="1.000000" m_tx="-130.000000" m_ty="-240.000000"/>
  </frame>
  <frame idx="850" w="303" h="457" x="-29.500000" y="-134.500000">
   <element name="girlychair01" layername="girlychair" frame="0" z_index="2" m_a="1.000000" m_b="0.000000" m_c="0.000000" m_d="1.000000" m_tx="-130.000000" m_ty="-240.000000"/>
  </frame>
  <frame idx="875" w="303" h="457" x="-29.500000" y="-134.500000">
   <element name="girlychair01" layername="girlychair" frame="0" z_index="2" m_a="1.000000" m_b="0.000000" m_c="0.000000" m_d="1.000000" m_tx="-130.000000" m_ty="-240.000000"/>
  </frame>
  <frame idx="900" w="303" h="457" x="-29.500000" y="-134.500000">
   <element name="girlychair01" layername="girlychair" frame="0" z_index="2" m_a="1.000000" m_b="0.000000" m_c="0.000000" m_d="1.000000" m_tx="-130.000000" m_ty="-240.000000"/>
  </frame>
  <frame idx="925" w="303" h="457" x="-29.500000" y="-134.500000">
   <element name="girlychair01" layername="girlychair" frame="0" z_index="2" m_a="1.000000" m_b="0.000000" m_c="0.000000" m_d="1.000000" m_tx="-130.000000" m_ty="-240.000000"/>
  </frame>
  <frame idx="950" w="303" h="457" x="-29.500000" y="-134.500000">
   <element name="girlychair01" layername="girlychair" frame="0" z_index="2" m_a="1.000000" m_b="0.000000" m_c="0.000000" m_d="1.000000" m_tx="-130.000000" m_ty="-240.000000"/>
  </frame>
  <frame idx="975" w="303" h="457" x="-29.500000" y="-134.500000">
   <element name="girlychair01" layername="girlychair" frame="0" z_index="2" m_a="1.000000" m_b="0.000000" m_c="0.000000" m_d="1.000000" m_tx="-130.000000" m_ty="-240.000000"/>
  </frame>
 </anim>
 <anim name="hit" root="girlychair1" numframes="1000" framerate="40">
  <frame idx="0" w="303" h="457" x="-29.500000" y="-134.500000">
   <element name="girlychair01" layername="girlychair" frame="0" z_index="2" m_a="1.000000" m_b="0.000000" m_c="0.000000" m_d="1.000000" m_tx="-130.000000" m_ty="-240.000000"/>
  </frame>
  <frame idx="25" w="312" h="434" x="-30.427349" y="-126.173698">
   <element name="girlychair01" layername="girlychair" frame="0" z_index="2" m_a="1.030927" m_b="0.000000" m_c="0.000000" m_d="0.956219" m_tx="-134.324173" m_ty="-227.369263"/>
  </frame>
  <frame idx="50" w="322" h="411" x="-31.854696" y="-117.847389">
   <element name="girlychair01" layername="girlychair" frame="0" z_index="2" m_a="1.061854" m_b="0.000000" m_c="0.000000" m_d="0.912438" m_tx="-138.648361" m_ty="-214.738525"/>
  </frame>
  <frame idx="75" w="332" h="387" x="-33.282043" y="-109.521088">
   <element name="girlychair01" layername="girlychair" frame="0" z_index="2" m_a="1.092782" m_b="0.000000" m_c="0.000000" m_d="0.868658" m_tx="-142.972534" m_ty="-202.107788"/>
  </frame>
  <frame idx="100" w="334" h="380" x="-33.414139" y="-107.065689">
   <element name="girlychair01" layername="girlychair" frame="0" z_index="2" m_a="1.102341" m_b="0.000000" m_c="0.000000" m_d="0.855125" m_tx="-144.309097" m_ty="-198.203751"/>
  </frame>
  <frame idx="125" w="326" h="401" x="-32.521332" y="-114.380760">
   <element name="girlychair01" layername="girlychair" frame="0" z_index="2" m_a="1.073913" m_b="0.000000" m_c="0.000000" m_d="0.895368" m_tx="-140.334351" m_ty="-209.813812"/>
  </frame>
  <frame idx="150" w="317" h="423" x="-31.128506" y="-122.195862">
   <element name="girlychair01" layername="girlychair" frame="0" z_index="2" m_a="1.045485" m_b="0.000000" m_c="0.000000" m_d="0.935611" m_tx="-136.359604" m_ty="-221.423889"/>
  </frame>
  <frame idx="175" w="309" h="445" x="-30.235683" y="-130.010956">
   <element name="girlychair01" layername="girlychair" frame="0" z_index="2" m_a="1.017057" m_b="0.000000" m_c="0.000000" m_d="0.975854" m_tx="-132.384842" m_ty="-233.033966"/>
  </frame>
  <frame idx="200" w="303" h="457" x="-29.500000" y="-134.500000">
   <element name="girlychair01" layername="girlychair" frame="0" z_index="2" m_a="1.000000" m_b="0.000000" m_c="0.000000" m_d="1.000000" m_tx="-130.000000" m_ty="-240.000000"/>
  </frame>
  <frame idx="225" w="303" h="457" x="-29.500000" y="-134.500000">
   <element name="girlychair01" layername="girlychair" frame="0" z_index="2" m_a="1.000000" m_b="0.000000" m_c="0.000000" m_d="1.000000" m_tx="-130.000000" m_ty="-240.000000"/>
  </frame>
  <frame idx="250" w="303" h="457" x="-29.500000" y="-134.500000">
   <element name="girlychair01" layername="girlychair" frame="0" z_index="2" m_a="1.000000" m_b="0.000000" m_c="0.000000" m_d="1.000000" m_tx="-130.000000" m_ty="-240.000000"/>
  </frame>
  <frame idx="275" w="303" h="457" x="-29.500000" y="-134.500000">
   <element name="girlychair01" layername="girlychair" frame="0" z_index="2" m_a="1.000000" m_b="0.000000" m_c="0.000000" m_d="1.000000" m_tx="-130.000000" m_ty="-240.000000"/>
  </frame>
  <frame idx="300" w="303" h="457" x="-29.500000" y="-134.500000">
   <element name="girlychair01" layername="girlychair" frame="0" z_index="2" m_a="1.000000" m_b="0.000000" m_c="0.000000" m_d="1.000000" m_tx="-130.000000" m_ty="-240.000000"/>
  </frame>
  <frame idx="325" w="303" h="457" x="-29.500000" y="-134.500000">
   <element name="girlychair01" layername="girlychair" frame="0" z_index="2" m_a="1.000000" m_b="0.000000" m_c="0.000000" m_d="1.000000" m_tx="-130.000000" m_ty="-240.000000"/>
  </frame>
  <frame idx="350" w="303" h="457" x="-29.500000" y="-134.500000">
   <element name="girlychair01" layername="girlychair" frame="0" z_index="2" m_a="1.000000" m_b="0.000000" m_c="0.000000" m_d="1.000000" m_tx="-130.000000" m_ty="-240.000000"/>
  </frame>
  <frame idx="375" w="303" h="457" x="-29.500000" y="-134.500000">
   <element name="girlychair01" layername="girlychair" frame="0" z_index="2" m_a="1.000000" m_b="0.000000" m_c="0.000000" m_d="1.000000" m_tx="-130.000000" m_ty="-240.000000"/>
  </frame>
  <frame idx="400" w="303" h="457" x="-29.500000" y="-134.500000">
   <element name="girlychair01" layername="girlychair" frame="0" z_index="2" m_a="1.000000" m_b="0.000000" m_c="0.000000" m_d="1.000000" m_tx="-130.000000" m_ty="-240.000000"/>
  </frame>
  <frame idx="425" w="303" h="457" x="-29.500000" y="-134.500000">
   <element name="girlychair01" layername="girlychair" frame="0" z_index="2" m_a="1.000000" m_b="0.000000" m_c="0.000000" m_d="1.000000" m_tx="-130.000000" m_ty="-240.000000"/>
  </frame>
  <frame idx="450" w="303" h="457" x="-29.500000" y="-134.500000">
   <element name="girlychair01" layername="girlychair" frame="0" z_index="2" m_a="1.000000" m_b="0.000000" m_c="0.000000" m_d="1.000000" m_tx="-130.000000" m_ty="-240.000000"/>
  </frame>
  <frame idx="475" w="303" h="457" x="-29.500000" y="-134.500000">
   <element name="girlychair01" layername="girlychair" frame="0" z_index="2" m_a="1.000000" m_b="0.000000" m_c="0.000000" m_d="1.000000" m_tx="-130.000000" m_ty="-240.000000"/>
  </frame>
  <frame idx="500" w="303" h="457" x="-29.500000" y="-134.500000">
   <element name="girlychair01" layername="girlychair" frame="0" z_index="2" m_a="1.000000" m_b="0.000000" m_c="0.000000" m_d="1.000000" m_tx="-130.000000" m_ty="-240.000000"/>
  </frame>
  <frame idx="525" w="303" h="457" x="-29.500000" y="-134.500000">
   <element name="girlychair01" layername="girlychair" frame="0" z_index="2" m_a="1.000000" m_b="0.000000" m_c="0.000000" m_d="1.000000" m_tx="-130.000000" m_ty="-240.000000"/>
  </frame>
  <frame idx="550" w="303" h="457" x="-29.500000" y="-134.500000">
   <element name="girlychair01" layername="girlychair" frame="0" z_index="2" m_a="1.000000" m_b="0.000000" m_c="0.000000" m_d="1.000000" m_tx="-130.000000" m_ty="-240.000000"/>
  </frame>
  <frame idx="575" w="303" h="457" x="-29.500000" y="-134.500000">
   <element name="girlychair01" layername="girlychair" frame="0" z_index="2" m_a="1.000000" m_b="0.000000" m_c="0.000000" m_d="1.000000" m_tx="-130.000000" m_ty="-240.000000"/>
  </frame>
  <frame idx="600" w="303" h="457" x="-29.500000" y="-134.500000">
   <element name="girlychair01" layername="girlychair" frame="0" z_index="2" m_a="1.000000" m_b="0.000000" m_c="0.000000" m_d="1.000000" m_tx="-130.000000" m_ty="-240.000000"/>
  </frame>
  <frame idx="625" w="303" h="457" x="-29.500000" y="-134.500000">
   <element name="girlychair01" layername="girlychair" frame="0" z_index="2" m_a="1.000000" m_b="0.000000" m_c="0.000000" m_d="1.000000" m_tx="-130.000000" m_ty="-240.000000"/>
  </frame>
  <frame idx="650" w="303" h="457" x="-29.500000" y="-134.500000">
   <element name="girlychair01" layername="girlychair" frame="0" z_index="2" m_a="1.000000" m_b="0.000000" m_c="0.000000" m_d="1.000000" m_tx="-130.000000" m_ty="-240.000000"/>
  </frame>
  <frame idx="675" w="303" h="457" x="-29.500000" y="-134.500000">
   <element name="girlychair01" layername="girlychair" frame="0" z_index="2" m_a="1.000000" m_b="0.000000" m_c="0.000000" m_d="1.000000" m_tx="-130.000000" m_ty="-240.000000"/>
  </frame>
  <frame idx="700" w="303" h="457" x="-29.500000" y="-134.500000">
   <element name="girlychair01" layername="girlychair" frame="0" z_index="2" m_a="1.000000" m_b="0.000000" m_c="0.000000" m_d="1.000000" m_tx="-130.000000" m_ty="-240.000000"/>
  </frame>
  <frame idx="725" w="303" h="457" x="-29.500000" y="-134.500000">
   <element name="girlychair01" layername="girlychair" frame="0" z_index="2" m_a="1.000000" m_b="0.000000" m_c="0.000000" m_d="1.000000" m_tx="-130.000000" m_ty="-240.000000"/>
  </frame>
  <frame idx="750" w="303" h="457" x="-29.500000" y="-134.500000">
   <element name="girlychair01" layername="girlychair" frame="0" z_index="2" m_a="1.000000" m_b="0.000000" m_c="0.000000" m_d="1.000000" m_tx="-130.000000" m_ty="-240.000000"/>
  </frame>
  <frame idx="775" w="303" h="457" x="-29.500000" y="-134.500000">
   <element name="girlychair01" layername="girlychair" frame="0" z_index="2" m_a="1.000000" m_b="0.000000" m_c="0.000000" m_d="1.000000" m_tx="-130.000000" m_ty="-240.000000"/>
  </frame>
  <frame idx="800" w="303" h="457" x="-29.500000" y="-134.500000">
   <element name="girlychair01" layername="girlychair" frame="0" z_index="2" m_a="1.000000" m_b="0.000000" m_c="0.000000" m_d="1.000000" m_tx="-130.000000" m_ty="-240.000000"/>
  </frame>
  <frame idx="825" w="303" h="457" x="-29.500000" y="-134.500000">
   <element name="girlychair01" layername="girlychair" frame="0" z_index="2" m_a="1.000000" m_b="0.000000" m_c="0.000000" m_d="1.000000" m_tx="-130.000000" m_ty="-240.000000"/>
  </frame>
  <frame idx="850" w="303" h="457" x="-29.500000" y="-134.500000">
   <element name="girlychair01" layername="girlychair" frame="0" z_index="2" m_a="1.000000" m_b="0.000000" m_c="0.000000" m_d="1.000000" m_tx="-130.000000" m_ty="-240.000000"/>
  </frame>
  <frame idx="875" w="303" h="457" x="-29.500000" y="-134.500000">
   <element name="girlychair01" layername="girlychair" frame="0" z_index="2" m_a="1.000000" m_b="0.000000" m_c="0.000000" m_d="1.000000" m_tx="-130.000000" m_ty="-240.000000"/>
  </frame>
  <frame idx="900" w="303" h="457" x="-29.500000" y="-134.500000">
   <element name="girlychair01" layername="girlychair" frame="0" z_index="2" m_a="1.000000" m_b="0.000000" m_c="0.000000" m_d="1.000000" m_tx="-130.000000" m_ty="-240.000000"/>
  </frame>
  <frame idx="925" w="303" h="457" x="-29.500000" y="-134.500000">
   <element name="girlychair01" layername="girlychair" frame="0" z_index="2" m_a="1.000000" m_b="0.000000" m_c="0.000000" m_d="1.000000" m_tx="-130.000000" m_ty="-240.000000"/>
  </frame>
  <frame idx="950" w="303" h="457" x="-29.500000" y="-134.500000">
   <element name="girlychair01" layername="girlychair" frame="0" z_index="2" m_a="1.000000" m_b="0.000000" m_c="0.000000" m_d="1.000000" m_tx="-130.000000" m_ty="-240.000000"/>
  </frame>
  <frame idx="975" w="303" h="457" x="-29.500000" y="-134.500000">
   <element name="girlychair01" layername="girlychair" frame="0" z_index="2" m_a="1.000000" m_b="0.000000" m_c="0.000000" m_d="1.000000" m_tx="-130.000000" m_ty="-240.000000"/>
  </frame>
 </anim>
</Anims>
