<Anims>
 <anim name="idle" root="kinglytable" numframes="1000" framerate="40">
  <frame idx="0" w="375" h="423" x="-29.346161" y="-136.500000">
   <element name="kingtable01" layername="kingtable" frame="0" z_index="2" m_a="1.000000" m_b="0.000000" m_c="0.000000" m_d="1.000000" m_tx="-153.846161" m_ty="-225.000000"/>
  </frame>
  <frame idx="25" w="375" h="423" x="-29.346161" y="-136.500000">
   <element name="kingtable01" layername="kingtable" frame="0" z_index="2" m_a="1.000000" m_b="0.000000" m_c="0.000000" m_d="1.000000" m_tx="-153.846161" m_ty="-225.000000"/>
  </frame>
  <frame idx="50" w="375" h="423" x="-29.346161" y="-136.500000">
   <element name="kingtable01" layername="kingtable" frame="0" z_index="2" m_a="1.000000" m_b="0.000000" m_c="0.000000" m_d="1.000000" m_tx="-153.846161" m_ty="-225.000000"/>
  </frame>
  <frame idx="75" w="375" h="423" x="-29.346161" y="-136.500000">
   <element name="kingtable01" layername="kingtable" frame="0" z_index="2" m_a="1.000000" m_b="0.000000" m_c="0.000000" m_d="1.000000" m_tx="-153.846161" m_ty="-225.000000"/>
  </frame>
  <frame idx="100" w="375" h="423" x="-29.346161" y="-136.500000">
   <element name="kingtable01" layername="kingtable" frame="0" z_index="2" m_a="1.000000" m_b="0.000000" m_c="0.000000" m_d="1.000000" m_tx="-153.846161" m_ty="-225.000000"/>
  </frame>
  <frame idx="125" w="375" h="423" x="-29.346161" y="-136.500000">
   <element name="kingtable01" layername="kingtable" frame="0" z_index="2" m_a="1.000000" m_b="0.000000" m_c="0.000000" m_d="1.000000" m_tx="-153.846161" m_ty="-225.000000"/>
  </frame>
  <frame idx="150" w="375" h="423" x="-29.346161" y="-136.500000">
   <element name="kingtable01" layername="kingtable" frame="0" z_index="2" m_a="1.000000" m_b="0.000000" m_c="0.000000" m_d="1.000000" m_tx="-153.846161" m_ty="-225.000000"/>
  </frame>
  <frame idx="175" w="375" h="423" x="-29.346161" y="-136.500000">
   <element name="kingtable01" layername="kingtable" frame="0" z_index="2" m_a="1.000000" m_b="0.000000" m_c="0.000000" m_d="1.000000" m_tx="-153.846161" m_ty="-225.000000"/>
  </frame>
  <frame idx="200" w="375" h="423" x="-29.346161" y="-136.500000">
   <element name="kingtable01" layername="kingtable" frame="0" z_index="2" m_a="1.000000" m_b="0.000000" m_c="0.000000" m_d="1.000000" m_tx="-153.846161" m_ty="-225.000000"/>
  </frame>
  <frame idx="225" w="375" h="423" x="-29.346161" y="-136.500000">
   <element name="kingtable01" layername="kingtable" frame="0" z_index="2" m_a="1.000000" m_b="0.000000" m_c="0.000000" m_d="1.000000" m_tx="-153.846161" m_ty="-225.000000"/>
  </frame>
  <frame idx="250" w="375" h="423" x="-29.346161" y="-136.500000">
   <element name="kingtable01" layername="kingtable" frame="0" z_index="2" m_a="1.000000" m_b="0.000000" m_c="0.000000" m_d="1.000000" m_tx="-153.846161" m_ty="-225.000000"/>
  </frame>
  <frame idx="275" w="375" h="423" x="-29.346161" y="-136.500000">
   <element name="kingtable01" layername="kingtable" frame="0" z_index="2" m_a="1.000000" m_b="0.000000" m_c="0.000000" m_d="1.000000" m_tx="-153.846161" m_ty="-225.000000"/>
  </frame>
  <frame idx="300" w="375" h="423" x="-29.346161" y="-136.500000">
   <element name="kingtable01" layername="kingtable" frame="0" z_index="2" m_a="1.000000" m_b="0.000000" m_c="0.000000" m_d="1.000000" m_tx="-153.846161" m_ty="-225.000000"/>
  </frame>
  <frame idx="325" w="375" h="423" x="-29.346161" y="-136.500000">
   <element name="kingtable01" layername="kingtable" frame="0" z_index="2" m_a="1.000000" m_b="0.000000" m_c="0.000000" m_d="1.000000" m_tx="-153.846161" m_ty="-225.000000"/>
  </frame>
  <frame idx="350" w="375" h="423" x="-29.346161" y="-136.500000">
   <element name="kingtable01" layername="kingtable" frame="0" z_index="2" m_a="1.000000" m_b="0.000000" m_c="0.000000" m_d="1.000000" m_tx="-153.846161" m_ty="-225.000000"/>
  </frame>
  <frame idx="375" w="375" h="423" x="-29.346161" y="-136.500000">
   <element name="kingtable01" layername="kingtable" frame="0" z_index="2" m_a="1.000000" m_b="0.000000" m_c="0.000000" m_d="1.000000" m_tx="-153.846161" m_ty="-225.000000"/>
  </frame>
  <frame idx="400" w="375" h="423" x="-29.346161" y="-136.500000">
   <element name="kingtable01" layername="kingtable" frame="0" z_index="2" m_a="1.000000" m_b="0.000000" m_c="0.000000" m_d="1.000000" m_tx="-153.846161" m_ty="-225.000000"/>
  </frame>
  <frame idx="425" w="375" h="423" x="-29.346161" y="-136.500000">
   <element name="kingtable01" layername="kingtable" frame="0" z_index="2" m_a="1.000000" m_b="0.000000" m_c="0.000000" m_d="1.000000" m_tx="-153.846161" m_ty="-225.000000"/>
  </frame>
  <frame idx="450" w="375" h="423" x="-29.346161" y="-136.500000">
   <element name="kingtable01" layername="kingtable" frame="0" z_index="2" m_a="1.000000" m_b="0.000000" m_c="0.000000" m_d="1.000000" m_tx="-153.846161" m_ty="-225.000000"/>
  </frame>
  <frame idx="475" w="375" h="423" x="-29.346161" y="-136.500000">
   <element name="kingtable01" layername="kingtable" frame="0" z_index="2" m_a="1.000000" m_b="0.000000" m_c="0.000000" m_d="1.000000" m_tx="-153.846161" m_ty="-225.000000"/>
  </frame>
  <frame idx="500" w="375" h="423" x="-29.346161" y="-136.500000">
   <element name="kingtable01" layername="kingtable" frame="0" z_index="2" m_a="1.000000" m_b="0.000000" m_c="0.000000" m_d="1.000000" m_tx="-153.846161" m_ty="-225.000000"/>
  </frame>
  <frame idx="525" w="375" h="423" x="-29.346161" y="-136.500000">
   <element name="kingtable01" layername="kingtable" frame="0" z_index="2" m_a="1.000000" m_b="0.000000" m_c="0.000000" m_d="1.000000" m_tx="-153.846161" m_ty="-225.000000"/>
  </frame>
  <frame idx="550" w="375" h="423" x="-29.346161" y="-136.500000">
   <element name="kingtable01" layername="kingtable" frame="0" z_index="2" m_a="1.000000" m_b="0.000000" m_c="0.000000" m_d="1.000000" m_tx="-153.846161" m_ty="-225.000000"/>
  </frame>
  <frame idx="575" w="375" h="423" x="-29.346161" y="-136.500000">
   <element name="kingtable01" layername="kingtable" frame="0" z_index="2" m_a="1.000000" m_b="0.000000" m_c="0.000000" m_d="1.000000" m_tx="-153.846161" m_ty="-225.000000"/>
  </frame>
  <frame idx="600" w="375" h="423" x="-29.346161" y="-136.500000">
   <element name="kingtable01" layername="kingtable" frame="0" z_index="2" m_a="1.000000" m_b="0.000000" m_c="0.000000" m_d="1.000000" m_tx="-153.846161" m_ty="-225.000000"/>
  </frame>
  <frame idx="625" w="375" h="423" x="-29.346161" y="-136.500000">
   <element name="kingtable01" layername="kingtable" frame="0" z_index="2" m_a="1.000000" m_b="0.000000" m_c="0.000000" m_d="1.000000" m_tx="-153.846161" m_ty="-225.000000"/>
  </frame>
  <frame idx="650" w="375" h="423" x="-29.346161" y="-136.500000">
   <element name="kingtable01" layername="kingtable" frame="0" z_index="2" m_a="1.000000" m_b="0.000000" m_c="0.000000" m_d="1.000000" m_tx="-153.846161" m_ty="-225.000000"/>
  </frame>
  <frame idx="675" w="375" h="423" x="-29.346161" y="-136.500000">
   <element name="kingtable01" layername="kingtable" frame="0" z_index="2" m_a="1.000000" m_b="0.000000" m_c="0.000000" m_d="1.000000" m_tx="-153.846161" m_ty="-225.000000"/>
  </frame>
  <frame idx="700" w="375" h="423" x="-29.346161" y="-136.500000">
   <element name="kingtable01" layername="kingtable" frame="0" z_index="2" m_a="1.000000" m_b="0.000000" m_c="0.000000" m_d="1.000000" m_tx="-153.846161" m_ty="-225.000000"/>
  </frame>
  <frame idx="725" w="375" h="423" x="-29.346161" y="-136.500000">
   <element name="kingtable01" layername="kingtable" frame="0" z_index="2" m_a="1.000000" m_b="0.000000" m_c="0.000000" m_d="1.000000" m_tx="-153.846161" m_ty="-225.000000"/>
  </frame>
  <frame idx="750" w="375" h="423" x="-29.346161" y="-136.500000">
   <element name="kingtable01" layername="kingtable" frame="0" z_index="2" m_a="1.000000" m_b="0.000000" m_c="0.000000" m_d="1.000000" m_tx="-153.846161" m_ty="-225.000000"/>
  </frame>
  <frame idx="775" w="375" h="423" x="-29.346161" y="-136.500000">
   <element name="kingtable01" layername="kingtable" frame="0" z_index="2" m_a="1.000000" m_b="0.000000" m_c="0.000000" m_d="1.000000" m_tx="-153.846161" m_ty="-225.000000"/>
  </frame>
  <frame idx="800" w="375" h="423" x="-29.346161" y="-136.500000">
   <element name="kingtable01" layername="kingtable" frame="0" z_index="2" m_a="1.000000" m_b="0.000000" m_c="0.000000" m_d="1.000000" m_tx="-153.846161" m_ty="-225.000000"/>
  </frame>
  <frame idx="825" w="375" h="423" x="-29.346161" y="-136.500000">
   <element name="kingtable01" layername="kingtable" frame="0" z_index="2" m_a="1.000000" m_b="0.000000" m_c="0.000000" m_d="1.000000" m_tx="-153.846161" m_ty="-225.000000"/>
  </frame>
  <frame idx="850" w="375" h="423" x="-29.346161" y="-136.500000">
   <element name="kingtable01" layername="kingtable" frame="0" z_index="2" m_a="1.000000" m_b="0.000000" m_c="0.000000" m_d="1.000000" m_tx="-153.846161" m_ty="-225.000000"/>
  </frame>
  <frame idx="875" w="375" h="423" x="-29.346161" y="-136.500000">
   <element name="kingtable01" layername="kingtable" frame="0" z_index="2" m_a="1.000000" m_b="0.000000" m_c="0.000000" m_d="1.000000" m_tx="-153.846161" m_ty="-225.000000"/>
  </frame>
  <frame idx="900" w="375" h="423" x="-29.346161" y="-136.500000">
   <element name="kingtable01" layername="kingtable" frame="0" z_index="2" m_a="1.000000" m_b="0.000000" m_c="0.000000" m_d="1.000000" m_tx="-153.846161" m_ty="-225.000000"/>
  </frame>
  <frame idx="925" w="375" h="423" x="-29.346161" y="-136.500000">
   <element name="kingtable01" layername="kingtable" frame="0" z_index="2" m_a="1.000000" m_b="0.000000" m_c="0.000000" m_d="1.000000" m_tx="-153.846161" m_ty="-225.000000"/>
  </frame>
  <frame idx="950" w="375" h="423" x="-29.346161" y="-136.500000">
   <element name="kingtable01" layername="kingtable" frame="0" z_index="2" m_a="1.000000" m_b="0.000000" m_c="0.000000" m_d="1.000000" m_tx="-153.846161" m_ty="-225.000000"/>
  </frame>
  <frame idx="975" w="375" h="423" x="-29.346161" y="-136.500000">
   <element name="kingtable01" layername="kingtable" frame="0" z_index="2" m_a="1.000000" m_b="0.000000" m_c="0.000000" m_d="1.000000" m_tx="-153.846161" m_ty="-225.000000"/>
  </frame>
 </anim>
 <anim name="hit" root="kinglytable" numframes="1000" framerate="40">
  <frame idx="0" w="375" h="423" x="-29.346161" y="-136.500000">
   <element name="kingtable01" layername="kingtable" frame="0" z_index="2" m_a="1.000000" m_b="0.000000" m_c="0.000000" m_d="1.000000" m_tx="-153.846161" m_ty="-225.000000"/>
  </frame>
  <frame idx="25" w="386" h="397" x="-30.429142" y="-127.181625">
   <element name="kingtable01" layername="kingtable" frame="0" z_index="2" m_a="1.027599" m_b="0.000000" m_c="0.000000" m_d="0.941218" m_tx="-158.234619" m_ty="-210.392639"/>
  </frame>
  <frame idx="50" w="397" h="370" x="-31.512140" y="-117.363251">
   <element name="kingtable01" layername="kingtable" frame="0" z_index="2" m_a="1.055198" m_b="0.000000" m_c="0.000000" m_d="0.882436" m_tx="-162.623077" m_ty="-195.785278"/>
  </frame>
  <frame idx="75" w="406" h="344" x="-32.095123" y="-108.044884">
   <element name="kingtable01" layername="kingtable" frame="0" z_index="2" m_a="1.082798" m_b="0.000000" m_c="0.000000" m_d="0.823654" m_tx="-167.011536" m_ty="-181.177917"/>
  </frame>
  <frame idx="100" w="410" h="334" x="-32.624374" y="-104.464188">
   <element name="kingtable01" layername="kingtable" frame="0" z_index="2" m_a="1.092530" m_b="0.000000" m_c="0.000000" m_d="0.802925" m_tx="-168.559036" m_ty="-176.026901"/>
  </frame>
  <frame idx="125" w="401" h="356" x="-31.558134" y="-112.306053">
   <element name="kingtable01" layername="kingtable" frame="0" z_index="2" m_a="1.070499" m_b="0.000000" m_c="0.000000" m_d="0.849848" m_tx="-165.055969" m_ty="-187.687164"/>
  </frame>
  <frame idx="150" w="394" h="376" x="-30.991896" y="-119.647911">
   <element name="kingtable01" layername="kingtable" frame="0" z_index="2" m_a="1.048468" m_b="0.000000" m_c="0.000000" m_d="0.896770" m_tx="-161.552902" m_ty="-199.347427"/>
  </frame>
  <frame idx="175" w="386" h="398" x="-30.425638" y="-127.489777">
   <element name="kingtable01" layername="kingtable" frame="0" z_index="2" m_a="1.026437" m_b="0.000000" m_c="0.000000" m_d="0.943693" m_tx="-158.049835" m_ty="-211.007690"/>
  </frame>
  <frame idx="200" w="377" h="418" x="-29.359398" y="-134.831635">
   <element name="kingtable01" layername="kingtable" frame="0" z_index="2" m_a="1.004406" m_b="0.000000" m_c="0.000000" m_d="0.990615" m_tx="-154.546768" m_ty="-222.667953"/>
  </frame>
  <frame idx="225" w="375" h="423" x="-29.346161" y="-136.500000">
   <element name="kingtable01" layername="kingtable" frame="0" z_index="2" m_a="1.000000" m_b="0.000000" m_c="0.000000" m_d="1.000000" m_tx="-153.846161" m_ty="-225.000000"/>
  </frame>
  <frame idx="250" w="375" h="423" x="-29.346161" y="-136.500000">
   <element name="kingtable01" layername="kingtable" frame="0" z_index="2" m_a="1.000000" m_b="0.000000" m_c="0.000000" m_d="1.000000" m_tx="-153.846161" m_ty="-225.000000"/>
  </frame>
  <frame idx="275" w="375" h="423" x="-29.346161" y="-136.500000">
   <element name="kingtable01" layername="kingtable" frame="0" z_index="2" m_a="1.000000" m_b="0.000000" m_c="0.000000" m_d="1.000000" m_tx="-153.846161" m_ty="-225.000000"/>
  </frame>
  <frame idx="300" w="375" h="423" x="-29.346161" y="-136.500000">
   <element name="kingtable01" layername="kingtable" frame="0" z_index="2" m_a="1.000000" m_b="0.000000" m_c="0.000000" m_d="1.000000" m_tx="-153.846161" m_ty="-225.000000"/>
  </frame>
  <frame idx="325" w="375" h="423" x="-29.346161" y="-136.500000">
   <element name="kingtable01" layername="kingtable" frame="0" z_index="2" m_a="1.000000" m_b="0.000000" m_c="0.000000" m_d="1.000000" m_tx="-153.846161" m_ty="-225.000000"/>
  </frame>
  <frame idx="350" w="375" h="423" x="-29.346161" y="-136.500000">
   <element name="kingtable01" layername="kingtable" frame="0" z_index="2" m_a="1.000000" m_b="0.000000" m_c="0.000000" m_d="1.000000" m_tx="-153.846161" m_ty="-225.000000"/>
  </frame>
  <frame idx="375" w="375" h="423" x="-29.346161" y="-136.500000">
   <element name="kingtable01" layername="kingtable" frame="0" z_index="2" m_a="1.000000" m_b="0.000000" m_c="0.000000" m_d="1.000000" m_tx="-153.846161" m_ty="-225.000000"/>
  </frame>
  <frame idx="400" w="375" h="423" x="-29.346161" y="-136.500000">
   <element name="kingtable01" layername="kingtable" frame="0" z_index="2" m_a="1.000000" m_b="0.000000" m_c="0.000000" m_d="1.000000" m_tx="-153.846161" m_ty="-225.000000"/>
  </frame>
  <frame idx="425" w="375" h="423" x="-29.346161" y="-136.500000">
   <element name="kingtable01" layername="kingtable" frame="0" z_index="2" m_a="1.000000" m_b="0.000000" m_c="0.000000" m_d="1.000000" m_tx="-153.846161" m_ty="-225.000000"/>
  </frame>
  <frame idx="450" w="375" h="423" x="-29.346161" y="-136.500000">
   <element name="kingtable01" layername="kingtable" frame="0" z_index="2" m_a="1.000000" m_b="0.000000" m_c="0.000000" m_d="1.000000" m_tx="-153.846161" m_ty="-225.000000"/>
  </frame>
  <frame idx="475" w="375" h="423" x="-29.346161" y="-136.500000">
   <element name="kingtable01" layername="kingtable" frame="0" z_index="2" m_a="1.000000" m_b="0.000000" m_c="0.000000" m_d="1.000000" m_tx="-153.846161" m_ty="-225.000000"/>
  </frame>
  <frame idx="500" w="375" h="423" x="-29.346161" y="-136.500000">
   <element name="kingtable01" layername="kingtable" frame="0" z_index="2" m_a="1.000000" m_b="0.000000" m_c="0.000000" m_d="1.000000" m_tx="-153.846161" m_ty="-225.000000"/>
  </frame>
  <frame idx="525" w="375" h="423" x="-29.346161" y="-136.500000">
   <element name="kingtable01" layername="kingtable" frame="0" z_index="2" m_a="1.000000" m_b="0.000000" m_c="0.000000" m_d="1.000000" m_tx="-153.846161" m_ty="-225.000000"/>
  </frame>
  <frame idx="550" w="375" h="423" x="-29.346161" y="-136.500000">
   <element name="kingtable01" layername="kingtable" frame="0" z_index="2" m_a="1.000000" m_b="0.000000" m_c="0.000000" m_d="1.000000" m_tx="-153.846161" m_ty="-225.000000"/>
  </frame>
  <frame idx="575" w="375" h="423" x="-29.346161" y="-136.500000">
   <element name="kingtable01" layername="kingtable" frame="0" z_index="2" m_a="1.000000" m_b="0.000000" m_c="0.000000" m_d="1.000000" m_tx="-153.846161" m_ty="-225.000000"/>
  </frame>
  <frame idx="600" w="375" h="423" x="-29.346161" y="-136.500000">
   <element name="kingtable01" layername="kingtable" frame="0" z_index="2" m_a="1.000000" m_b="0.000000" m_c="0.000000" m_d="1.000000" m_tx="-153.846161" m_ty="-225.000000"/>
  </frame>
  <frame idx="625" w="375" h="423" x="-29.346161" y="-136.500000">
   <element name="kingtable01" layername="kingtable" frame="0" z_index="2" m_a="1.000000" m_b="0.000000" m_c="0.000000" m_d="1.000000" m_tx="-153.846161" m_ty="-225.000000"/>
  </frame>
  <frame idx="650" w="375" h="423" x="-29.346161" y="-136.500000">
   <element name="kingtable01" layername="kingtable" frame="0" z_index="2" m_a="1.000000" m_b="0.000000" m_c="0.000000" m_d="1.000000" m_tx="-153.846161" m_ty="-225.000000"/>
  </frame>
  <frame idx="675" w="375" h="423" x="-29.346161" y="-136.500000">
   <element name="kingtable01" layername="kingtable" frame="0" z_index="2" m_a="1.000000" m_b="0.000000" m_c="0.000000" m_d="1.000000" m_tx="-153.846161" m_ty="-225.000000"/>
  </frame>
  <frame idx="700" w="375" h="423" x="-29.346161" y="-136.500000">
   <element name="kingtable01" layername="kingtable" frame="0" z_index="2" m_a="1.000000" m_b="0.000000" m_c="0.000000" m_d="1.000000" m_tx="-153.846161" m_ty="-225.000000"/>
  </frame>
  <frame idx="725" w="375" h="423" x="-29.346161" y="-136.500000">
   <element name="kingtable01" layername="kingtable" frame="0" z_index="2" m_a="1.000000" m_b="0.000000" m_c="0.000000" m_d="1.000000" m_tx="-153.846161" m_ty="-225.000000"/>
  </frame>
  <frame idx="750" w="375" h="423" x="-29.346161" y="-136.500000">
   <element name="kingtable01" layername="kingtable" frame="0" z_index="2" m_a="1.000000" m_b="0.000000" m_c="0.000000" m_d="1.000000" m_tx="-153.846161" m_ty="-225.000000"/>
  </frame>
  <frame idx="775" w="375" h="423" x="-29.346161" y="-136.500000">
   <element name="kingtable01" layername="kingtable" frame="0" z_index="2" m_a="1.000000" m_b="0.000000" m_c="0.000000" m_d="1.000000" m_tx="-153.846161" m_ty="-225.000000"/>
  </frame>
  <frame idx="800" w="375" h="423" x="-29.346161" y="-136.500000">
   <element name="kingtable01" layername="kingtable" frame="0" z_index="2" m_a="1.000000" m_b="0.000000" m_c="0.000000" m_d="1.000000" m_tx="-153.846161" m_ty="-225.000000"/>
  </frame>
  <frame idx="825" w="375" h="423" x="-29.346161" y="-136.500000">
   <element name="kingtable01" layername="kingtable" frame="0" z_index="2" m_a="1.000000" m_b="0.000000" m_c="0.000000" m_d="1.000000" m_tx="-153.846161" m_ty="-225.000000"/>
  </frame>
  <frame idx="850" w="375" h="423" x="-29.346161" y="-136.500000">
   <element name="kingtable01" layername="kingtable" frame="0" z_index="2" m_a="1.000000" m_b="0.000000" m_c="0.000000" m_d="1.000000" m_tx="-153.846161" m_ty="-225.000000"/>
  </frame>
  <frame idx="875" w="375" h="423" x="-29.346161" y="-136.500000">
   <element name="kingtable01" layername="kingtable" frame="0" z_index="2" m_a="1.000000" m_b="0.000000" m_c="0.000000" m_d="1.000000" m_tx="-153.846161" m_ty="-225.000000"/>
  </frame>
  <frame idx="900" w="375" h="423" x="-29.346161" y="-136.500000">
   <element name="kingtable01" layername="kingtable" frame="0" z_index="2" m_a="1.000000" m_b="0.000000" m_c="0.000000" m_d="1.000000" m_tx="-153.846161" m_ty="-225.000000"/>
  </frame>
  <frame idx="925" w="375" h="423" x="-29.346161" y="-136.500000">
   <element name="kingtable01" layername="kingtable" frame="0" z_index="2" m_a="1.000000" m_b="0.000000" m_c="0.000000" m_d="1.000000" m_tx="-153.846161" m_ty="-225.000000"/>
  </frame>
  <frame idx="950" w="375" h="423" x="-29.346161" y="-136.500000">
   <element name="kingtable01" layername="kingtable" frame="0" z_index="2" m_a="1.000000" m_b="0.000000" m_c="0.000000" m_d="1.000000" m_tx="-153.846161" m_ty="-225.000000"/>
  </frame>
  <frame idx="975" w="375" h="423" x="-29.346161" y="-136.500000">
   <element name="kingtable01" layername="kingtable" frame="0" z_index="2" m_a="1.000000" m_b="0.000000" m_c="0.000000" m_d="1.000000" m_tx="-153.846161" m_ty="-225.000000"/>
  </frame>
 </anim>
</Anims>
