<Anims>
 <anim name="idle" root="kinglychair1" numframes="1000" framerate="40">
  <frame idx="0" w="303" h="470" x="-37.833328" y="-153.833344">
   <element name="kingchair01" layername="kingchair" frame="0" z_index="2" m_a="1.000000" m_b="0.000000" m_c="0.000000" m_d="1.000000" m_tx="-138.333328" m_ty="-258.333344"/>
  </frame>
  <frame idx="25" w="303" h="470" x="-37.833328" y="-153.833344">
   <element name="kingchair01" layername="kingchair" frame="0" z_index="2" m_a="1.000000" m_b="0.000000" m_c="0.000000" m_d="1.000000" m_tx="-138.333328" m_ty="-258.333344"/>
  </frame>
  <frame idx="50" w="303" h="470" x="-37.833328" y="-153.833344">
   <element name="kingchair01" layername="kingchair" frame="0" z_index="2" m_a="1.000000" m_b="0.000000" m_c="0.000000" m_d="1.000000" m_tx="-138.333328" m_ty="-258.333344"/>
  </frame>
  <frame idx="75" w="303" h="470" x="-37.833328" y="-153.833344">
   <element name="kingchair01" layername="kingchair" frame="0" z_index="2" m_a="1.000000" m_b="0.000000" m_c="0.000000" m_d="1.000000" m_tx="-138.333328" m_ty="-258.333344"/>
  </frame>
  <frame idx="100" w="303" h="470" x="-37.833328" y="-153.833344">
   <element name="kingchair01" layername="kingchair" frame="0" z_index="2" m_a="1.000000" m_b="0.000000" m_c="0.000000" m_d="1.000000" m_tx="-138.333328" m_ty="-258.333344"/>
  </frame>
  <frame idx="125" w="303" h="470" x="-37.833328" y="-153.833344">
   <element name="kingchair01" layername="kingchair" frame="0" z_index="2" m_a="1.000000" m_b="0.000000" m_c="0.000000" m_d="1.000000" m_tx="-138.333328" m_ty="-258.333344"/>
  </frame>
  <frame idx="150" w="303" h="470" x="-37.833328" y="-153.833344">
   <element name="kingchair01" layername="kingchair" frame="0" z_index="2" m_a="1.000000" m_b="0.000000" m_c="0.000000" m_d="1.000000" m_tx="-138.333328" m_ty="-258.333344"/>
  </frame>
  <frame idx="175" w="303" h="470" x="-37.833328" y="-153.833344">
   <element name="kingchair01" layername="kingchair" frame="0" z_index="2" m_a="1.000000" m_b="0.000000" m_c="0.000000" m_d="1.000000" m_tx="-138.333328" m_ty="-258.333344"/>
  </frame>
  <frame idx="200" w="303" h="470" x="-37.833328" y="-153.833344">
   <element name="kingchair01" layername="kingchair" frame="0" z_index="2" m_a="1.000000" m_b="0.000000" m_c="0.000000" m_d="1.000000" m_tx="-138.333328" m_ty="-258.333344"/>
  </frame>
  <frame idx="225" w="303" h="470" x="-37.833328" y="-153.833344">
   <element name="kingchair01" layername="kingchair" frame="0" z_index="2" m_a="1.000000" m_b="0.000000" m_c="0.000000" m_d="1.000000" m_tx="-138.333328" m_ty="-258.333344"/>
  </frame>
  <frame idx="250" w="303" h="470" x="-37.833328" y="-153.833344">
   <element name="kingchair01" layername="kingchair" frame="0" z_index="2" m_a="1.000000" m_b="0.000000" m_c="0.000000" m_d="1.000000" m_tx="-138.333328" m_ty="-258.333344"/>
  </frame>
  <frame idx="275" w="303" h="470" x="-37.833328" y="-153.833344">
   <element name="kingchair01" layername="kingchair" frame="0" z_index="2" m_a="1.000000" m_b="0.000000" m_c="0.000000" m_d="1.000000" m_tx="-138.333328" m_ty="-258.333344"/>
  </frame>
  <frame idx="300" w="303" h="470" x="-37.833328" y="-153.833344">
   <element name="kingchair01" layername="kingchair" frame="0" z_index="2" m_a="1.000000" m_b="0.000000" m_c="0.000000" m_d="1.000000" m_tx="-138.333328" m_ty="-258.333344"/>
  </frame>
  <frame idx="325" w="303" h="470" x="-37.833328" y="-153.833344">
   <element name="kingchair01" layername="kingchair" frame="0" z_index="2" m_a="1.000000" m_b="0.000000" m_c="0.000000" m_d="1.000000" m_tx="-138.333328" m_ty="-258.333344"/>
  </frame>
  <frame idx="350" w="303" h="470" x="-37.833328" y="-153.833344">
   <element name="kingchair01" layername="kingchair" frame="0" z_index="2" m_a="1.000000" m_b="0.000000" m_c="0.000000" m_d="1.000000" m_tx="-138.333328" m_ty="-258.333344"/>
  </frame>
  <frame idx="375" w="303" h="470" x="-37.833328" y="-153.833344">
   <element name="kingchair01" layername="kingchair" frame="0" z_index="2" m_a="1.000000" m_b="0.000000" m_c="0.000000" m_d="1.000000" m_tx="-138.333328" m_ty="-258.333344"/>
  </frame>
  <frame idx="400" w="303" h="470" x="-37.833328" y="-153.833344">
   <element name="kingchair01" layername="kingchair" frame="0" z_index="2" m_a="1.000000" m_b="0.000000" m_c="0.000000" m_d="1.000000" m_tx="-138.333328" m_ty="-258.333344"/>
  </frame>
  <frame idx="425" w="303" h="470" x="-37.833328" y="-153.833344">
   <element name="kingchair01" layername="kingchair" frame="0" z_index="2" m_a="1.000000" m_b="0.000000" m_c="0.000000" m_d="1.000000" m_tx="-138.333328" m_ty="-258.333344"/>
  </frame>
  <frame idx="450" w="303" h="470" x="-37.833328" y="-153.833344">
   <element name="kingchair01" layername="kingchair" frame="0" z_index="2" m_a="1.000000" m_b="0.000000" m_c="0.000000" m_d="1.000000" m_tx="-138.333328" m_ty="-258.333344"/>
  </frame>
  <frame idx="475" w="303" h="470" x="-37.833328" y="-153.833344">
   <element name="kingchair01" layername="kingchair" frame="0" z_index="2" m_a="1.000000" m_b="0.000000" m_c="0.000000" m_d="1.000000" m_tx="-138.333328" m_ty="-258.333344"/>
  </frame>
  <frame idx="500" w="303" h="470" x="-37.833328" y="-153.833344">
   <element name="kingchair01" layername="kingchair" frame="0" z_index="2" m_a="1.000000" m_b="0.000000" m_c="0.000000" m_d="1.000000" m_tx="-138.333328" m_ty="-258.333344"/>
  </frame>
  <frame idx="525" w="303" h="470" x="-37.833328" y="-153.833344">
   <element name="kingchair01" layername="kingchair" frame="0" z_index="2" m_a="1.000000" m_b="0.000000" m_c="0.000000" m_d="1.000000" m_tx="-138.333328" m_ty="-258.333344"/>
  </frame>
  <frame idx="550" w="303" h="470" x="-37.833328" y="-153.833344">
   <element name="kingchair01" layername="kingchair" frame="0" z_index="2" m_a="1.000000" m_b="0.000000" m_c="0.000000" m_d="1.000000" m_tx="-138.333328" m_ty="-258.333344"/>
  </frame>
  <frame idx="575" w="303" h="470" x="-37.833328" y="-153.833344">
   <element name="kingchair01" layername="kingchair" frame="0" z_index="2" m_a="1.000000" m_b="0.000000" m_c="0.000000" m_d="1.000000" m_tx="-138.333328" m_ty="-258.333344"/>
  </frame>
  <frame idx="600" w="303" h="470" x="-37.833328" y="-153.833344">
   <element name="kingchair01" layername="kingchair" frame="0" z_index="2" m_a="1.000000" m_b="0.000000" m_c="0.000000" m_d="1.000000" m_tx="-138.333328" m_ty="-258.333344"/>
  </frame>
  <frame idx="625" w="303" h="470" x="-37.833328" y="-153.833344">
   <element name="kingchair01" layername="kingchair" frame="0" z_index="2" m_a="1.000000" m_b="0.000000" m_c="0.000000" m_d="1.000000" m_tx="-138.333328" m_ty="-258.333344"/>
  </frame>
  <frame idx="650" w="303" h="470" x="-37.833328" y="-153.833344">
   <element name="kingchair01" layername="kingchair" frame="0" z_index="2" m_a="1.000000" m_b="0.000000" m_c="0.000000" m_d="1.000000" m_tx="-138.333328" m_ty="-258.333344"/>
  </frame>
  <frame idx="675" w="303" h="470" x="-37.833328" y="-153.833344">
   <element name="kingchair01" layername="kingchair" frame="0" z_index="2" m_a="1.000000" m_b="0.000000" m_c="0.000000" m_d="1.000000" m_tx="-138.333328" m_ty="-258.333344"/>
  </frame>
  <frame idx="700" w="303" h="470" x="-37.833328" y="-153.833344">
   <element name="kingchair01" layername="kingchair" frame="0" z_index="2" m_a="1.000000" m_b="0.000000" m_c="0.000000" m_d="1.000000" m_tx="-138.333328" m_ty="-258.333344"/>
  </frame>
  <frame idx="725" w="303" h="470" x="-37.833328" y="-153.833344">
   <element name="kingchair01" layername="kingchair" frame="0" z_index="2" m_a="1.000000" m_b="0.000000" m_c="0.000000" m_d="1.000000" m_tx="-138.333328" m_ty="-258.333344"/>
  </frame>
  <frame idx="750" w="303" h="470" x="-37.833328" y="-153.833344">
   <element name="kingchair01" layername="kingchair" frame="0" z_index="2" m_a="1.000000" m_b="0.000000" m_c="0.000000" m_d="1.000000" m_tx="-138.333328" m_ty="-258.333344"/>
  </frame>
  <frame idx="775" w="303" h="470" x="-37.833328" y="-153.833344">
   <element name="kingchair01" layername="kingchair" frame="0" z_index="2" m_a="1.000000" m_b="0.000000" m_c="0.000000" m_d="1.000000" m_tx="-138.333328" m_ty="-258.333344"/>
  </frame>
  <frame idx="800" w="303" h="470" x="-37.833328" y="-153.833344">
   <element name="kingchair01" layername="kingchair" frame="0" z_index="2" m_a="1.000000" m_b="0.000000" m_c="0.000000" m_d="1.000000" m_tx="-138.333328" m_ty="-258.333344"/>
  </frame>
  <frame idx="825" w="303" h="470" x="-37.833328" y="-153.833344">
   <element name="kingchair01" layername="kingchair" frame="0" z_index="2" m_a="1.000000" m_b="0.000000" m_c="0.000000" m_d="1.000000" m_tx="-138.333328" m_ty="-258.333344"/>
  </frame>
  <frame idx="850" w="303" h="470" x="-37.833328" y="-153.833344">
   <element name="kingchair01" layername="kingchair" frame="0" z_index="2" m_a="1.000000" m_b="0.000000" m_c="0.000000" m_d="1.000000" m_tx="-138.333328" m_ty="-258.333344"/>
  </frame>
  <frame idx="875" w="303" h="470" x="-37.833328" y="-153.833344">
   <element name="kingchair01" layername="kingchair" frame="0" z_index="2" m_a="1.000000" m_b="0.000000" m_c="0.000000" m_d="1.000000" m_tx="-138.333328" m_ty="-258.333344"/>
  </frame>
  <frame idx="900" w="303" h="470" x="-37.833328" y="-153.833344">
   <element name="kingchair01" layername="kingchair" frame="0" z_index="2" m_a="1.000000" m_b="0.000000" m_c="0.000000" m_d="1.000000" m_tx="-138.333328" m_ty="-258.333344"/>
  </frame>
  <frame idx="925" w="303" h="470" x="-37.833328" y="-153.833344">
   <element name="kingchair01" layername="kingchair" frame="0" z_index="2" m_a="1.000000" m_b="0.000000" m_c="0.000000" m_d="1.000000" m_tx="-138.333328" m_ty="-258.333344"/>
  </frame>
  <frame idx="950" w="303" h="470" x="-37.833328" y="-153.833344">
   <element name="kingchair01" layername="kingchair" frame="0" z_index="2" m_a="1.000000" m_b="0.000000" m_c="0.000000" m_d="1.000000" m_tx="-138.333328" m_ty="-258.333344"/>
  </frame>
  <frame idx="975" w="303" h="470" x="-37.833328" y="-153.833344">
   <element name="kingchair01" layername="kingchair" frame="0" z_index="2" m_a="1.000000" m_b="0.000000" m_c="0.000000" m_d="1.000000" m_tx="-138.333328" m_ty="-258.333344"/>
  </frame>
 </anim>
 <anim name="hit" root="kinglychair1" numframes="1000" framerate="40">
  <frame idx="0" w="303" h="470" x="-37.833328" y="-153.833344">
   <element name="kingchair01" layername="kingchair" frame="0" z_index="2" m_a="1.000000" m_b="0.000000" m_c="0.000000" m_d="1.000000" m_tx="-138.333328" m_ty="-258.333344"/>
  </frame>
  <frame idx="25" w="312" h="451" x="-37.093826" y="-146.676163">
   <element name="kingchair01" layername="kingchair" frame="0" z_index="2" m_a="1.029328" m_b="0.000000" m_c="0.000000" m_d="0.960850" m_tx="-140.789169" m_ty="-247.038528"/>
  </frame>
  <frame idx="50" w="321" h="431" x="-36.854328" y="-139.018982">
   <element name="kingchair01" layername="kingchair" frame="0" z_index="2" m_a="1.058656" m_b="0.000000" m_c="0.000000" m_d="0.921700" m_tx="-143.245010" m_ty="-235.743713"/>
  </frame>
  <frame idx="75" w="330" h="412" x="-36.114811" y="-131.861816">
   <element name="kingchair01" layername="kingchair" frame="0" z_index="2" m_a="1.087984" m_b="0.000000" m_c="0.000000" m_d="0.882549" m_tx="-145.700836" m_ty="-224.448914"/>
  </frame>
  <frame idx="100" w="339" h="394" x="-35.875313" y="-124.704628">
   <element name="kingchair01" layername="kingchair" frame="0" z_index="2" m_a="1.117312" m_b="0.000000" m_c="0.000000" m_d="0.843399" m_tx="-148.156677" m_ty="-213.154099"/>
  </frame>
  <frame idx="125" w="340" h="392" x="-35.707588" y="-123.939087">
   <element name="kingchair01" layername="kingchair" frame="0" z_index="2" m_a="1.121281" m_b="0.000000" m_c="0.000000" m_d="0.838101" m_tx="-148.488998" m_ty="-211.625687"/>
  </frame>
  <frame idx="150" w="333" h="406" x="-36.200939" y="-129.472870">
   <element name="kingchair01" layername="kingchair" frame="0" z_index="2" m_a="1.097777" m_b="0.000000" m_c="0.000000" m_d="0.869477" m_tx="-146.520844" m_ty="-220.677567"/>
  </frame>
  <frame idx="175" w="326" h="422" x="-36.694305" y="-135.506622">
   <element name="kingchair01" layername="kingchair" frame="0" z_index="2" m_a="1.074273" m_b="0.000000" m_c="0.000000" m_d="0.900853" m_tx="-144.552689" m_ty="-229.729431"/>
  </frame>
  <frame idx="200" w="318" h="436" x="-36.687660" y="-141.040405">
   <element name="kingchair01" layername="kingchair" frame="0" z_index="2" m_a="1.050769" m_b="0.000000" m_c="0.000000" m_d="0.932228" m_tx="-142.584534" m_ty="-238.781296"/>
  </frame>
  <frame idx="225" w="311" h="452" x="-37.181038" y="-147.074173">
   <element name="kingchair01" layername="kingchair" frame="0" z_index="2" m_a="1.027265" m_b="0.000000" m_c="0.000000" m_d="0.963604" m_tx="-140.616394" m_ty="-247.833176"/>
  </frame>
  <frame idx="250" w="304" h="466" x="-37.674393" y="-152.607941">
   <element name="kingchair01" layername="kingchair" frame="0" z_index="2" m_a="1.003761" m_b="0.000000" m_c="0.000000" m_d="0.994980" m_tx="-138.648239" m_ty="-256.885040"/>
  </frame>
  <frame idx="275" w="303" h="470" x="-37.833328" y="-153.833344">
   <element name="kingchair01" layername="kingchair" frame="0" z_index="2" m_a="1.000000" m_b="0.000000" m_c="0.000000" m_d="1.000000" m_tx="-138.333328" m_ty="-258.333344"/>
  </frame>
  <frame idx="300" w="303" h="470" x="-37.833328" y="-153.833344">
   <element name="kingchair01" layername="kingchair" frame="0" z_index="2" m_a="1.000000" m_b="0.000000" m_c="0.000000" m_d="1.000000" m_tx="-138.333328" m_ty="-258.333344"/>
  </frame>
  <frame idx="325" w="303" h="470" x="-37.833328" y="-153.833344">
   <element name="kingchair01" layername="kingchair" frame="0" z_index="2" m_a="1.000000" m_b="0.000000" m_c="0.000000" m_d="1.000000" m_tx="-138.333328" m_ty="-258.333344"/>
  </frame>
  <frame idx="350" w="303" h="470" x="-37.833328" y="-153.833344">
   <element name="kingchair01" layername="kingchair" frame="0" z_index="2" m_a="1.000000" m_b="0.000000" m_c="0.000000" m_d="1.000000" m_tx="-138.333328" m_ty="-258.333344"/>
  </frame>
  <frame idx="375" w="303" h="470" x="-37.833328" y="-153.833344">
   <element name="kingchair01" layername="kingchair" frame="0" z_index="2" m_a="1.000000" m_b="0.000000" m_c="0.000000" m_d="1.000000" m_tx="-138.333328" m_ty="-258.333344"/>
  </frame>
  <frame idx="400" w="303" h="470" x="-37.833328" y="-153.833344">
   <element name="kingchair01" layername="kingchair" frame="0" z_index="2" m_a="1.000000" m_b="0.000000" m_c="0.000000" m_d="1.000000" m_tx="-138.333328" m_ty="-258.333344"/>
  </frame>
  <frame idx="425" w="303" h="470" x="-37.833328" y="-153.833344">
   <element name="kingchair01" layername="kingchair" frame="0" z_index="2" m_a="1.000000" m_b="0.000000" m_c="0.000000" m_d="1.000000" m_tx="-138.333328" m_ty="-258.333344"/>
  </frame>
  <frame idx="450" w="303" h="470" x="-37.833328" y="-153.833344">
   <element name="kingchair01" layername="kingchair" frame="0" z_index="2" m_a="1.000000" m_b="0.000000" m_c="0.000000" m_d="1.000000" m_tx="-138.333328" m_ty="-258.333344"/>
  </frame>
  <frame idx="475" w="303" h="470" x="-37.833328" y="-153.833344">
   <element name="kingchair01" layername="kingchair" frame="0" z_index="2" m_a="1.000000" m_b="0.000000" m_c="0.000000" m_d="1.000000" m_tx="-138.333328" m_ty="-258.333344"/>
  </frame>
  <frame idx="500" w="303" h="470" x="-37.833328" y="-153.833344">
   <element name="kingchair01" layername="kingchair" frame="0" z_index="2" m_a="1.000000" m_b="0.000000" m_c="0.000000" m_d="1.000000" m_tx="-138.333328" m_ty="-258.333344"/>
  </frame>
  <frame idx="525" w="303" h="470" x="-37.833328" y="-153.833344">
   <element name="kingchair01" layername="kingchair" frame="0" z_index="2" m_a="1.000000" m_b="0.000000" m_c="0.000000" m_d="1.000000" m_tx="-138.333328" m_ty="-258.333344"/>
  </frame>
  <frame idx="550" w="303" h="470" x="-37.833328" y="-153.833344">
   <element name="kingchair01" layername="kingchair" frame="0" z_index="2" m_a="1.000000" m_b="0.000000" m_c="0.000000" m_d="1.000000" m_tx="-138.333328" m_ty="-258.333344"/>
  </frame>
  <frame idx="575" w="303" h="470" x="-37.833328" y="-153.833344">
   <element name="kingchair01" layername="kingchair" frame="0" z_index="2" m_a="1.000000" m_b="0.000000" m_c="0.000000" m_d="1.000000" m_tx="-138.333328" m_ty="-258.333344"/>
  </frame>
  <frame idx="600" w="303" h="470" x="-37.833328" y="-153.833344">
   <element name="kingchair01" layername="kingchair" frame="0" z_index="2" m_a="1.000000" m_b="0.000000" m_c="0.000000" m_d="1.000000" m_tx="-138.333328" m_ty="-258.333344"/>
  </frame>
  <frame idx="625" w="303" h="470" x="-37.833328" y="-153.833344">
   <element name="kingchair01" layername="kingchair" frame="0" z_index="2" m_a="1.000000" m_b="0.000000" m_c="0.000000" m_d="1.000000" m_tx="-138.333328" m_ty="-258.333344"/>
  </frame>
  <frame idx="650" w="303" h="470" x="-37.833328" y="-153.833344">
   <element name="kingchair01" layername="kingchair" frame="0" z_index="2" m_a="1.000000" m_b="0.000000" m_c="0.000000" m_d="1.000000" m_tx="-138.333328" m_ty="-258.333344"/>
  </frame>
  <frame idx="675" w="303" h="470" x="-37.833328" y="-153.833344">
   <element name="kingchair01" layername="kingchair" frame="0" z_index="2" m_a="1.000000" m_b="0.000000" m_c="0.000000" m_d="1.000000" m_tx="-138.333328" m_ty="-258.333344"/>
  </frame>
  <frame idx="700" w="303" h="470" x="-37.833328" y="-153.833344">
   <element name="kingchair01" layername="kingchair" frame="0" z_index="2" m_a="1.000000" m_b="0.000000" m_c="0.000000" m_d="1.000000" m_tx="-138.333328" m_ty="-258.333344"/>
  </frame>
  <frame idx="725" w="303" h="470" x="-37.833328" y="-153.833344">
   <element name="kingchair01" layername="kingchair" frame="0" z_index="2" m_a="1.000000" m_b="0.000000" m_c="0.000000" m_d="1.000000" m_tx="-138.333328" m_ty="-258.333344"/>
  </frame>
  <frame idx="750" w="303" h="470" x="-37.833328" y="-153.833344">
   <element name="kingchair01" layername="kingchair" frame="0" z_index="2" m_a="1.000000" m_b="0.000000" m_c="0.000000" m_d="1.000000" m_tx="-138.333328" m_ty="-258.333344"/>
  </frame>
  <frame idx="775" w="303" h="470" x="-37.833328" y="-153.833344">
   <element name="kingchair01" layername="kingchair" frame="0" z_index="2" m_a="1.000000" m_b="0.000000" m_c="0.000000" m_d="1.000000" m_tx="-138.333328" m_ty="-258.333344"/>
  </frame>
  <frame idx="800" w="303" h="470" x="-37.833328" y="-153.833344">
   <element name="kingchair01" layername="kingchair" frame="0" z_index="2" m_a="1.000000" m_b="0.000000" m_c="0.000000" m_d="1.000000" m_tx="-138.333328" m_ty="-258.333344"/>
  </frame>
  <frame idx="825" w="303" h="470" x="-37.833328" y="-153.833344">
   <element name="kingchair01" layername="kingchair" frame="0" z_index="2" m_a="1.000000" m_b="0.000000" m_c="0.000000" m_d="1.000000" m_tx="-138.333328" m_ty="-258.333344"/>
  </frame>
  <frame idx="850" w="303" h="470" x="-37.833328" y="-153.833344">
   <element name="kingchair01" layername="kingchair" frame="0" z_index="2" m_a="1.000000" m_b="0.000000" m_c="0.000000" m_d="1.000000" m_tx="-138.333328" m_ty="-258.333344"/>
  </frame>
  <frame idx="875" w="303" h="470" x="-37.833328" y="-153.833344">
   <element name="kingchair01" layername="kingchair" frame="0" z_index="2" m_a="1.000000" m_b="0.000000" m_c="0.000000" m_d="1.000000" m_tx="-138.333328" m_ty="-258.333344"/>
  </frame>
  <frame idx="900" w="303" h="470" x="-37.833328" y="-153.833344">
   <element name="kingchair01" layername="kingchair" frame="0" z_index="2" m_a="1.000000" m_b="0.000000" m_c="0.000000" m_d="1.000000" m_tx="-138.333328" m_ty="-258.333344"/>
  </frame>
  <frame idx="925" w="303" h="470" x="-37.833328" y="-153.833344">
   <element name="kingchair01" layername="kingchair" frame="0" z_index="2" m_a="1.000000" m_b="0.000000" m_c="0.000000" m_d="1.000000" m_tx="-138.333328" m_ty="-258.333344"/>
  </frame>
  <frame idx="950" w="303" h="470" x="-37.833328" y="-153.833344">
   <element name="kingchair01" layername="kingchair" frame="0" z_index="2" m_a="1.000000" m_b="0.000000" m_c="0.000000" m_d="1.000000" m_tx="-138.333328" m_ty="-258.333344"/>
  </frame>
  <frame idx="975" w="303" h="470" x="-37.833328" y="-153.833344">
   <element name="kingchair01" layername="kingchair" frame="0" z_index="2" m_a="1.000000" m_b="0.000000" m_c="0.000000" m_d="1.000000" m_tx="-138.333328" m_ty="-258.333344"/>
  </frame>
 </anim>
</Anims>
