<Anims>
 <anim name="idle" root="geniusign" numframes="1000" framerate="40">
  <frame idx="0" w="389" h="620" x="-42.289444" y="-211.631500">
   <element name="geniusign01" layername="geniusign" frame="0" z_index="2" m_a="1.282921" m_b="0.000000" m_c="0.000000" m_d="1.271293" m_tx="-171.437485" m_ty="-342.697693"/>
  </frame>
  <frame idx="25" w="389" h="620" x="-42.289444" y="-211.631500">
   <element name="geniusign01" layername="geniusign" frame="0" z_index="2" m_a="1.282921" m_b="0.000000" m_c="0.000000" m_d="1.271293" m_tx="-171.437485" m_ty="-342.697693"/>
  </frame>
  <frame idx="50" w="389" h="620" x="-42.289444" y="-211.631500">
   <element name="geniusign01" layername="geniusign" frame="0" z_index="2" m_a="1.282921" m_b="0.000000" m_c="0.000000" m_d="1.271293" m_tx="-171.437485" m_ty="-342.697693"/>
  </frame>
  <frame idx="75" w="389" h="620" x="-42.289444" y="-211.631500">
   <element name="geniusign01" layername="geniusign" frame="0" z_index="2" m_a="1.282921" m_b="0.000000" m_c="0.000000" m_d="1.271293" m_tx="-171.437485" m_ty="-342.697693"/>
  </frame>
  <frame idx="100" w="389" h="620" x="-42.289444" y="-211.631500">
   <element name="geniusign01" layername="geniusign" frame="0" z_index="2" m_a="1.282921" m_b="0.000000" m_c="0.000000" m_d="1.271293" m_tx="-171.437485" m_ty="-342.697693"/>
  </frame>
  <frame idx="125" w="389" h="620" x="-42.289444" y="-211.631500">
   <element name="geniusign01" layername="geniusign" frame="0" z_index="2" m_a="1.282921" m_b="0.000000" m_c="0.000000" m_d="1.271293" m_tx="-171.437485" m_ty="-342.697693"/>
  </frame>
  <frame idx="150" w="389" h="620" x="-42.289444" y="-211.631500">
   <element name="geniusign01" layername="geniusign" frame="0" z_index="2" m_a="1.282921" m_b="0.000000" m_c="0.000000" m_d="1.271293" m_tx="-171.437485" m_ty="-342.697693"/>
  </frame>
  <frame idx="175" w="389" h="620" x="-42.289444" y="-211.631500">
   <element name="geniusign01" layername="geniusign" frame="0" z_index="2" m_a="1.282921" m_b="0.000000" m_c="0.000000" m_d="1.271293" m_tx="-171.437485" m_ty="-342.697693"/>
  </frame>
  <frame idx="200" w="389" h="620" x="-42.289444" y="-211.631500">
   <element name="geniusign01" layername="geniusign" frame="0" z_index="2" m_a="1.282921" m_b="0.000000" m_c="0.000000" m_d="1.271293" m_tx="-171.437485" m_ty="-342.697693"/>
  </frame>
  <frame idx="225" w="389" h="620" x="-42.289444" y="-211.631500">
   <element name="geniusign01" layername="geniusign" frame="0" z_index="2" m_a="1.282921" m_b="0.000000" m_c="0.000000" m_d="1.271293" m_tx="-171.437485" m_ty="-342.697693"/>
  </frame>
  <frame idx="250" w="389" h="620" x="-42.289444" y="-211.631500">
   <element name="geniusign01" layername="geniusign" frame="0" z_index="2" m_a="1.282921" m_b="0.000000" m_c="0.000000" m_d="1.271293" m_tx="-171.437485" m_ty="-342.697693"/>
  </frame>
  <frame idx="275" w="389" h="620" x="-42.289444" y="-211.631500">
   <element name="geniusign01" layername="geniusign" frame="0" z_index="2" m_a="1.282921" m_b="0.000000" m_c="0.000000" m_d="1.271293" m_tx="-171.437485" m_ty="-342.697693"/>
  </frame>
  <frame idx="300" w="389" h="620" x="-42.289444" y="-211.631500">
   <element name="geniusign01" layername="geniusign" frame="0" z_index="2" m_a="1.282921" m_b="0.000000" m_c="0.000000" m_d="1.271293" m_tx="-171.437485" m_ty="-342.697693"/>
  </frame>
  <frame idx="325" w="389" h="620" x="-42.289444" y="-211.631500">
   <element name="geniusign01" layername="geniusign" frame="0" z_index="2" m_a="1.282921" m_b="0.000000" m_c="0.000000" m_d="1.271293" m_tx="-171.437485" m_ty="-342.697693"/>
  </frame>
  <frame idx="350" w="389" h="620" x="-42.289444" y="-211.631500">
   <element name="geniusign01" layername="geniusign" frame="0" z_index="2" m_a="1.282921" m_b="0.000000" m_c="0.000000" m_d="1.271293" m_tx="-171.437485" m_ty="-342.697693"/>
  </frame>
  <frame idx="375" w="389" h="620" x="-42.289444" y="-211.631500">
   <element name="geniusign01" layername="geniusign" frame="0" z_index="2" m_a="1.282921" m_b="0.000000" m_c="0.000000" m_d="1.271293" m_tx="-171.437485" m_ty="-342.697693"/>
  </frame>
  <frame idx="400" w="389" h="620" x="-42.289444" y="-211.631500">
   <element name="geniusign01" layername="geniusign" frame="0" z_index="2" m_a="1.282921" m_b="0.000000" m_c="0.000000" m_d="1.271293" m_tx="-171.437485" m_ty="-342.697693"/>
  </frame>
  <frame idx="425" w="389" h="620" x="-42.289444" y="-211.631500">
   <element name="geniusign01" layername="geniusign" frame="0" z_index="2" m_a="1.282921" m_b="0.000000" m_c="0.000000" m_d="1.271293" m_tx="-171.437485" m_ty="-342.697693"/>
  </frame>
  <frame idx="450" w="389" h="620" x="-42.289444" y="-211.631500">
   <element name="geniusign01" layername="geniusign" frame="0" z_index="2" m_a="1.282921" m_b="0.000000" m_c="0.000000" m_d="1.271293" m_tx="-171.437485" m_ty="-342.697693"/>
  </frame>
  <frame idx="475" w="389" h="620" x="-42.289444" y="-211.631500">
   <element name="geniusign01" layername="geniusign" frame="0" z_index="2" m_a="1.282921" m_b="0.000000" m_c="0.000000" m_d="1.271293" m_tx="-171.437485" m_ty="-342.697693"/>
  </frame>
  <frame idx="500" w="389" h="620" x="-42.289444" y="-211.631500">
   <element name="geniusign01" layername="geniusign" frame="0" z_index="2" m_a="1.282921" m_b="0.000000" m_c="0.000000" m_d="1.271293" m_tx="-171.437485" m_ty="-342.697693"/>
  </frame>
  <frame idx="525" w="389" h="620" x="-42.289444" y="-211.631500">
   <element name="geniusign01" layername="geniusign" frame="0" z_index="2" m_a="1.282921" m_b="0.000000" m_c="0.000000" m_d="1.271293" m_tx="-171.437485" m_ty="-342.697693"/>
  </frame>
  <frame idx="550" w="389" h="620" x="-42.289444" y="-211.631500">
   <element name="geniusign01" layername="geniusign" frame="0" z_index="2" m_a="1.282921" m_b="0.000000" m_c="0.000000" m_d="1.271293" m_tx="-171.437485" m_ty="-342.697693"/>
  </frame>
  <frame idx="575" w="389" h="620" x="-42.289444" y="-211.631500">
   <element name="geniusign01" layername="geniusign" frame="0" z_index="2" m_a="1.282921" m_b="0.000000" m_c="0.000000" m_d="1.271293" m_tx="-171.437485" m_ty="-342.697693"/>
  </frame>
  <frame idx="600" w="389" h="620" x="-42.289444" y="-211.631500">
   <element name="geniusign01" layername="geniusign" frame="0" z_index="2" m_a="1.282921" m_b="0.000000" m_c="0.000000" m_d="1.271293" m_tx="-171.437485" m_ty="-342.697693"/>
  </frame>
  <frame idx="625" w="389" h="620" x="-42.289444" y="-211.631500">
   <element name="geniusign01" layername="geniusign" frame="0" z_index="2" m_a="1.282921" m_b="0.000000" m_c="0.000000" m_d="1.271293" m_tx="-171.437485" m_ty="-342.697693"/>
  </frame>
  <frame idx="650" w="389" h="620" x="-42.289444" y="-211.631500">
   <element name="geniusign01" layername="geniusign" frame="0" z_index="2" m_a="1.282921" m_b="0.000000" m_c="0.000000" m_d="1.271293" m_tx="-171.437485" m_ty="-342.697693"/>
  </frame>
  <frame idx="675" w="389" h="620" x="-42.289444" y="-211.631500">
   <element name="geniusign01" layername="geniusign" frame="0" z_index="2" m_a="1.282921" m_b="0.000000" m_c="0.000000" m_d="1.271293" m_tx="-171.437485" m_ty="-342.697693"/>
  </frame>
  <frame idx="700" w="389" h="620" x="-42.289444" y="-211.631500">
   <element name="geniusign01" layername="geniusign" frame="0" z_index="2" m_a="1.282921" m_b="0.000000" m_c="0.000000" m_d="1.271293" m_tx="-171.437485" m_ty="-342.697693"/>
  </frame>
  <frame idx="725" w="389" h="620" x="-42.289444" y="-211.631500">
   <element name="geniusign01" layername="geniusign" frame="0" z_index="2" m_a="1.282921" m_b="0.000000" m_c="0.000000" m_d="1.271293" m_tx="-171.437485" m_ty="-342.697693"/>
  </frame>
  <frame idx="750" w="389" h="620" x="-42.289444" y="-211.631500">
   <element name="geniusign01" layername="geniusign" frame="0" z_index="2" m_a="1.282921" m_b="0.000000" m_c="0.000000" m_d="1.271293" m_tx="-171.437485" m_ty="-342.697693"/>
  </frame>
  <frame idx="775" w="389" h="620" x="-42.289444" y="-211.631500">
   <element name="geniusign01" layername="geniusign" frame="0" z_index="2" m_a="1.282921" m_b="0.000000" m_c="0.000000" m_d="1.271293" m_tx="-171.437485" m_ty="-342.697693"/>
  </frame>
  <frame idx="800" w="389" h="620" x="-42.289444" y="-211.631500">
   <element name="geniusign01" layername="geniusign" frame="0" z_index="2" m_a="1.282921" m_b="0.000000" m_c="0.000000" m_d="1.271293" m_tx="-171.437485" m_ty="-342.697693"/>
  </frame>
  <frame idx="825" w="389" h="620" x="-42.289444" y="-211.631500">
   <element name="geniusign01" layername="geniusign" frame="0" z_index="2" m_a="1.282921" m_b="0.000000" m_c="0.000000" m_d="1.271293" m_tx="-171.437485" m_ty="-342.697693"/>
  </frame>
  <frame idx="850" w="389" h="620" x="-42.289444" y="-211.631500">
   <element name="geniusign01" layername="geniusign" frame="0" z_index="2" m_a="1.282921" m_b="0.000000" m_c="0.000000" m_d="1.271293" m_tx="-171.437485" m_ty="-342.697693"/>
  </frame>
  <frame idx="875" w="389" h="620" x="-42.289444" y="-211.631500">
   <element name="geniusign01" layername="geniusign" frame="0" z_index="2" m_a="1.282921" m_b="0.000000" m_c="0.000000" m_d="1.271293" m_tx="-171.437485" m_ty="-342.697693"/>
  </frame>
  <frame idx="900" w="389" h="620" x="-42.289444" y="-211.631500">
   <element name="geniusign01" layername="geniusign" frame="0" z_index="2" m_a="1.282921" m_b="0.000000" m_c="0.000000" m_d="1.271293" m_tx="-171.437485" m_ty="-342.697693"/>
  </frame>
  <frame idx="925" w="389" h="620" x="-42.289444" y="-211.631500">
   <element name="geniusign01" layername="geniusign" frame="0" z_index="2" m_a="1.282921" m_b="0.000000" m_c="0.000000" m_d="1.271293" m_tx="-171.437485" m_ty="-342.697693"/>
  </frame>
  <frame idx="950" w="389" h="620" x="-42.289444" y="-211.631500">
   <element name="geniusign01" layername="geniusign" frame="0" z_index="2" m_a="1.282921" m_b="0.000000" m_c="0.000000" m_d="1.271293" m_tx="-171.437485" m_ty="-342.697693"/>
  </frame>
  <frame idx="975" w="389" h="620" x="-42.289444" y="-211.631500">
   <element name="geniusign01" layername="geniusign" frame="0" z_index="2" m_a="1.282921" m_b="0.000000" m_c="0.000000" m_d="1.271293" m_tx="-171.437485" m_ty="-342.697693"/>
  </frame>
 </anim>
 <anim name="hit" root="geniusign" numframes="1000" framerate="40">
  <frame idx="0" w="389" h="620" x="-42.289444" y="-211.631500">
   <element name="geniusign01" layername="geniusign" frame="0" z_index="2" m_a="1.282921" m_b="0.000000" m_c="0.000000" m_d="1.271293" m_tx="-171.437485" m_ty="-342.697693"/>
  </frame>
  <frame idx="25" w="404" h="566" x="-44.251663" y="-191.968033">
   <element name="geniusign01" layername="geniusign" frame="0" z_index="2" m_a="1.330353" m_b="0.000000" m_c="0.000000" m_d="1.166355" m_tx="-177.876129" m_ty="-312.423157"/>
  </frame>
  <frame idx="50" w="418" h="511" x="-45.713867" y="-172.304565">
   <element name="geniusign01" layername="geniusign" frame="0" z_index="2" m_a="1.377785" m_b="0.000000" m_c="0.000000" m_d="1.061417" m_tx="-184.314774" m_ty="-282.148621"/>
  </frame>
  <frame idx="75" w="433" h="455" x="-47.676086" y="-152.141083">
   <element name="geniusign01" layername="geniusign" frame="0" z_index="2" m_a="1.425217" m_b="0.000000" m_c="0.000000" m_d="0.956479" m_tx="-190.753418" m_ty="-251.874069"/>
  </frame>
  <frame idx="100" w="425" h="482" x="-46.457909" y="-161.798248">
   <element name="geniusign01" layername="geniusign" frame="0" z_index="2" m_a="1.402829" m_b="0.000000" m_c="0.000000" m_d="1.006010" m_tx="-187.714371" m_ty="-266.163666"/>
  </frame>
  <frame idx="125" w="415" h="522" x="-45.610153" y="-176.206955">
   <element name="geniusign01" layername="geniusign" frame="0" z_index="2" m_a="1.367142" m_b="0.000000" m_c="0.000000" m_d="1.084963" m_tx="-182.870056" m_ty="-288.941650"/>
  </frame>
  <frame idx="150" w="404" h="564" x="-44.262413" y="-191.115662">
   <element name="geniusign01" layername="geniusign" frame="0" z_index="2" m_a="1.331455" m_b="0.000000" m_c="0.000000" m_d="1.163916" m_tx="-178.025757" m_ty="-311.719635"/>
  </frame>
  <frame idx="175" w="393" h="605" x="-42.914642" y="-206.024353">
   <element name="geniusign01" layername="geniusign" frame="0" z_index="2" m_a="1.295768" m_b="0.000000" m_c="0.000000" m_d="1.242870" m_tx="-173.181442" m_ty="-334.497620"/>
  </frame>
  <frame idx="200" w="389" h="620" x="-42.289444" y="-211.631500">
   <element name="geniusign01" layername="geniusign" frame="0" z_index="2" m_a="1.282921" m_b="0.000000" m_c="0.000000" m_d="1.271293" m_tx="-171.437485" m_ty="-342.697693"/>
  </frame>
  <frame idx="225" w="389" h="620" x="-42.289444" y="-211.631500">
   <element name="geniusign01" layername="geniusign" frame="0" z_index="2" m_a="1.282921" m_b="0.000000" m_c="0.000000" m_d="1.271293" m_tx="-171.437485" m_ty="-342.697693"/>
  </frame>
  <frame idx="250" w="389" h="620" x="-42.289444" y="-211.631500">
   <element name="geniusign01" layername="geniusign" frame="0" z_index="2" m_a="1.282921" m_b="0.000000" m_c="0.000000" m_d="1.271293" m_tx="-171.437485" m_ty="-342.697693"/>
  </frame>
  <frame idx="275" w="389" h="620" x="-42.289444" y="-211.631500">
   <element name="geniusign01" layername="geniusign" frame="0" z_index="2" m_a="1.282921" m_b="0.000000" m_c="0.000000" m_d="1.271293" m_tx="-171.437485" m_ty="-342.697693"/>
  </frame>
  <frame idx="300" w="389" h="620" x="-42.289444" y="-211.631500">
   <element name="geniusign01" layername="geniusign" frame="0" z_index="2" m_a="1.282921" m_b="0.000000" m_c="0.000000" m_d="1.271293" m_tx="-171.437485" m_ty="-342.697693"/>
  </frame>
  <frame idx="325" w="389" h="620" x="-42.289444" y="-211.631500">
   <element name="geniusign01" layername="geniusign" frame="0" z_index="2" m_a="1.282921" m_b="0.000000" m_c="0.000000" m_d="1.271293" m_tx="-171.437485" m_ty="-342.697693"/>
  </frame>
  <frame idx="350" w="389" h="620" x="-42.289444" y="-211.631500">
   <element name="geniusign01" layername="geniusign" frame="0" z_index="2" m_a="1.282921" m_b="0.000000" m_c="0.000000" m_d="1.271293" m_tx="-171.437485" m_ty="-342.697693"/>
  </frame>
  <frame idx="375" w="389" h="620" x="-42.289444" y="-211.631500">
   <element name="geniusign01" layername="geniusign" frame="0" z_index="2" m_a="1.282921" m_b="0.000000" m_c="0.000000" m_d="1.271293" m_tx="-171.437485" m_ty="-342.697693"/>
  </frame>
  <frame idx="400" w="389" h="620" x="-42.289444" y="-211.631500">
   <element name="geniusign01" layername="geniusign" frame="0" z_index="2" m_a="1.282921" m_b="0.000000" m_c="0.000000" m_d="1.271293" m_tx="-171.437485" m_ty="-342.697693"/>
  </frame>
  <frame idx="425" w="389" h="620" x="-42.289444" y="-211.631500">
   <element name="geniusign01" layername="geniusign" frame="0" z_index="2" m_a="1.282921" m_b="0.000000" m_c="0.000000" m_d="1.271293" m_tx="-171.437485" m_ty="-342.697693"/>
  </frame>
  <frame idx="450" w="389" h="620" x="-42.289444" y="-211.631500">
   <element name="geniusign01" layername="geniusign" frame="0" z_index="2" m_a="1.282921" m_b="0.000000" m_c="0.000000" m_d="1.271293" m_tx="-171.437485" m_ty="-342.697693"/>
  </frame>
  <frame idx="475" w="389" h="620" x="-42.289444" y="-211.631500">
   <element name="geniusign01" layername="geniusign" frame="0" z_index="2" m_a="1.282921" m_b="0.000000" m_c="0.000000" m_d="1.271293" m_tx="-171.437485" m_ty="-342.697693"/>
  </frame>
  <frame idx="500" w="389" h="620" x="-42.289444" y="-211.631500">
   <element name="geniusign01" layername="geniusign" frame="0" z_index="2" m_a="1.282921" m_b="0.000000" m_c="0.000000" m_d="1.271293" m_tx="-171.437485" m_ty="-342.697693"/>
  </frame>
  <frame idx="525" w="389" h="620" x="-42.289444" y="-211.631500">
   <element name="geniusign01" layername="geniusign" frame="0" z_index="2" m_a="1.282921" m_b="0.000000" m_c="0.000000" m_d="1.271293" m_tx="-171.437485" m_ty="-342.697693"/>
  </frame>
  <frame idx="550" w="389" h="620" x="-42.289444" y="-211.631500">
   <element name="geniusign01" layername="geniusign" frame="0" z_index="2" m_a="1.282921" m_b="0.000000" m_c="0.000000" m_d="1.271293" m_tx="-171.437485" m_ty="-342.697693"/>
  </frame>
  <frame idx="575" w="389" h="620" x="-42.289444" y="-211.631500">
   <element name="geniusign01" layername="geniusign" frame="0" z_index="2" m_a="1.282921" m_b="0.000000" m_c="0.000000" m_d="1.271293" m_tx="-171.437485" m_ty="-342.697693"/>
  </frame>
  <frame idx="600" w="389" h="620" x="-42.289444" y="-211.631500">
   <element name="geniusign01" layername="geniusign" frame="0" z_index="2" m_a="1.282921" m_b="0.000000" m_c="0.000000" m_d="1.271293" m_tx="-171.437485" m_ty="-342.697693"/>
  </frame>
  <frame idx="625" w="389" h="620" x="-42.289444" y="-211.631500">
   <element name="geniusign01" layername="geniusign" frame="0" z_index="2" m_a="1.282921" m_b="0.000000" m_c="0.000000" m_d="1.271293" m_tx="-171.437485" m_ty="-342.697693"/>
  </frame>
  <frame idx="650" w="389" h="620" x="-42.289444" y="-211.631500">
   <element name="geniusign01" layername="geniusign" frame="0" z_index="2" m_a="1.282921" m_b="0.000000" m_c="0.000000" m_d="1.271293" m_tx="-171.437485" m_ty="-342.697693"/>
  </frame>
  <frame idx="675" w="389" h="620" x="-42.289444" y="-211.631500">
   <element name="geniusign01" layername="geniusign" frame="0" z_index="2" m_a="1.282921" m_b="0.000000" m_c="0.000000" m_d="1.271293" m_tx="-171.437485" m_ty="-342.697693"/>
  </frame>
  <frame idx="700" w="389" h="620" x="-42.289444" y="-211.631500">
   <element name="geniusign01" layername="geniusign" frame="0" z_index="2" m_a="1.282921" m_b="0.000000" m_c="0.000000" m_d="1.271293" m_tx="-171.437485" m_ty="-342.697693"/>
  </frame>
  <frame idx="725" w="389" h="620" x="-42.289444" y="-211.631500">
   <element name="geniusign01" layername="geniusign" frame="0" z_index="2" m_a="1.282921" m_b="0.000000" m_c="0.000000" m_d="1.271293" m_tx="-171.437485" m_ty="-342.697693"/>
  </frame>
  <frame idx="750" w="389" h="620" x="-42.289444" y="-211.631500">
   <element name="geniusign01" layername="geniusign" frame="0" z_index="2" m_a="1.282921" m_b="0.000000" m_c="0.000000" m_d="1.271293" m_tx="-171.437485" m_ty="-342.697693"/>
  </frame>
  <frame idx="775" w="389" h="620" x="-42.289444" y="-211.631500">
   <element name="geniusign01" layername="geniusign" frame="0" z_index="2" m_a="1.282921" m_b="0.000000" m_c="0.000000" m_d="1.271293" m_tx="-171.437485" m_ty="-342.697693"/>
  </frame>
  <frame idx="800" w="389" h="620" x="-42.289444" y="-211.631500">
   <element name="geniusign01" layername="geniusign" frame="0" z_index="2" m_a="1.282921" m_b="0.000000" m_c="0.000000" m_d="1.271293" m_tx="-171.437485" m_ty="-342.697693"/>
  </frame>
  <frame idx="825" w="389" h="620" x="-42.289444" y="-211.631500">
   <element name="geniusign01" layername="geniusign" frame="0" z_index="2" m_a="1.282921" m_b="0.000000" m_c="0.000000" m_d="1.271293" m_tx="-171.437485" m_ty="-342.697693"/>
  </frame>
  <frame idx="850" w="389" h="620" x="-42.289444" y="-211.631500">
   <element name="geniusign01" layername="geniusign" frame="0" z_index="2" m_a="1.282921" m_b="0.000000" m_c="0.000000" m_d="1.271293" m_tx="-171.437485" m_ty="-342.697693"/>
  </frame>
  <frame idx="875" w="389" h="620" x="-42.289444" y="-211.631500">
   <element name="geniusign01" layername="geniusign" frame="0" z_index="2" m_a="1.282921" m_b="0.000000" m_c="0.000000" m_d="1.271293" m_tx="-171.437485" m_ty="-342.697693"/>
  </frame>
  <frame idx="900" w="389" h="620" x="-42.289444" y="-211.631500">
   <element name="geniusign01" layername="geniusign" frame="0" z_index="2" m_a="1.282921" m_b="0.000000" m_c="0.000000" m_d="1.271293" m_tx="-171.437485" m_ty="-342.697693"/>
  </frame>
  <frame idx="925" w="389" h="620" x="-42.289444" y="-211.631500">
   <element name="geniusign01" layername="geniusign" frame="0" z_index="2" m_a="1.282921" m_b="0.000000" m_c="0.000000" m_d="1.271293" m_tx="-171.437485" m_ty="-342.697693"/>
  </frame>
  <frame idx="950" w="389" h="620" x="-42.289444" y="-211.631500">
   <element name="geniusign01" layername="geniusign" frame="0" z_index="2" m_a="1.282921" m_b="0.000000" m_c="0.000000" m_d="1.271293" m_tx="-171.437485" m_ty="-342.697693"/>
  </frame>
  <frame idx="975" w="389" h="620" x="-42.289444" y="-211.631500">
   <element name="geniusign01" layername="geniusign" frame="0" z_index="2" m_a="1.282921" m_b="0.000000" m_c="0.000000" m_d="1.271293" m_tx="-171.437485" m_ty="-342.697693"/>
  </frame>
 </anim>
</Anims>
