<Anims>
 <anim name="idle" root="firetable" numframes="1000" framerate="40">
  <frame idx="0" w="584" h="731" x="-50.000000" y="-242.666656">
   <element name="firetable01" layername="firetable" frame="0" z_index="2" m_a="1.000000" m_b="0.000000" m_c="0.000000" m_d="1.000000" m_tx="-244.000000" m_ty="-395.666656"/>
  </frame>
  <frame idx="25" w="584" h="731" x="-50.000000" y="-242.666656">
   <element name="firetable01" layername="firetable" frame="0" z_index="2" m_a="1.000000" m_b="0.000000" m_c="0.000000" m_d="1.000000" m_tx="-244.000000" m_ty="-395.666656"/>
  </frame>
  <frame idx="50" w="584" h="731" x="-50.000000" y="-242.666656">
   <element name="firetable01" layername="firetable" frame="0" z_index="2" m_a="1.000000" m_b="0.000000" m_c="0.000000" m_d="1.000000" m_tx="-244.000000" m_ty="-395.666656"/>
  </frame>
  <frame idx="75" w="584" h="731" x="-50.000000" y="-242.666656">
   <element name="firetable01" layername="firetable" frame="0" z_index="2" m_a="1.000000" m_b="0.000000" m_c="0.000000" m_d="1.000000" m_tx="-244.000000" m_ty="-395.666656"/>
  </frame>
  <frame idx="100" w="584" h="731" x="-50.000000" y="-242.666656">
   <element name="firetable01" layername="firetable" frame="0" z_index="2" m_a="1.000000" m_b="0.000000" m_c="0.000000" m_d="1.000000" m_tx="-244.000000" m_ty="-395.666656"/>
  </frame>
  <frame idx="125" w="584" h="731" x="-50.000000" y="-242.666656">
   <element name="firetable01" layername="firetable" frame="0" z_index="2" m_a="1.000000" m_b="0.000000" m_c="0.000000" m_d="1.000000" m_tx="-244.000000" m_ty="-395.666656"/>
  </frame>
  <frame idx="150" w="584" h="731" x="-50.000000" y="-242.666656">
   <element name="firetable01" layername="firetable" frame="0" z_index="2" m_a="1.000000" m_b="0.000000" m_c="0.000000" m_d="1.000000" m_tx="-244.000000" m_ty="-395.666656"/>
  </frame>
  <frame idx="175" w="584" h="731" x="-50.000000" y="-242.666656">
   <element name="firetable01" layername="firetable" frame="0" z_index="2" m_a="1.000000" m_b="0.000000" m_c="0.000000" m_d="1.000000" m_tx="-244.000000" m_ty="-395.666656"/>
  </frame>
  <frame idx="200" w="584" h="731" x="-50.000000" y="-242.666656">
   <element name="firetable01" layername="firetable" frame="0" z_index="2" m_a="1.000000" m_b="0.000000" m_c="0.000000" m_d="1.000000" m_tx="-244.000000" m_ty="-395.666656"/>
  </frame>
  <frame idx="225" w="584" h="731" x="-50.000000" y="-242.666656">
   <element name="firetable01" layername="firetable" frame="0" z_index="2" m_a="1.000000" m_b="0.000000" m_c="0.000000" m_d="1.000000" m_tx="-244.000000" m_ty="-395.666656"/>
  </frame>
  <frame idx="250" w="584" h="731" x="-50.000000" y="-242.666656">
   <element name="firetable01" layername="firetable" frame="0" z_index="2" m_a="1.000000" m_b="0.000000" m_c="0.000000" m_d="1.000000" m_tx="-244.000000" m_ty="-395.666656"/>
  </frame>
  <frame idx="275" w="584" h="731" x="-50.000000" y="-242.666656">
   <element name="firetable01" layername="firetable" frame="0" z_index="2" m_a="1.000000" m_b="0.000000" m_c="0.000000" m_d="1.000000" m_tx="-244.000000" m_ty="-395.666656"/>
  </frame>
  <frame idx="300" w="584" h="731" x="-50.000000" y="-242.666656">
   <element name="firetable01" layername="firetable" frame="0" z_index="2" m_a="1.000000" m_b="0.000000" m_c="0.000000" m_d="1.000000" m_tx="-244.000000" m_ty="-395.666656"/>
  </frame>
  <frame idx="325" w="584" h="731" x="-50.000000" y="-242.666656">
   <element name="firetable01" layername="firetable" frame="0" z_index="2" m_a="1.000000" m_b="0.000000" m_c="0.000000" m_d="1.000000" m_tx="-244.000000" m_ty="-395.666656"/>
  </frame>
  <frame idx="350" w="584" h="731" x="-50.000000" y="-242.666656">
   <element name="firetable01" layername="firetable" frame="0" z_index="2" m_a="1.000000" m_b="0.000000" m_c="0.000000" m_d="1.000000" m_tx="-244.000000" m_ty="-395.666656"/>
  </frame>
  <frame idx="375" w="584" h="731" x="-50.000000" y="-242.666656">
   <element name="firetable01" layername="firetable" frame="0" z_index="2" m_a="1.000000" m_b="0.000000" m_c="0.000000" m_d="1.000000" m_tx="-244.000000" m_ty="-395.666656"/>
  </frame>
  <frame idx="400" w="584" h="731" x="-50.000000" y="-242.666656">
   <element name="firetable01" layername="firetable" frame="0" z_index="2" m_a="1.000000" m_b="0.000000" m_c="0.000000" m_d="1.000000" m_tx="-244.000000" m_ty="-395.666656"/>
  </frame>
  <frame idx="425" w="584" h="731" x="-50.000000" y="-242.666656">
   <element name="firetable01" layername="firetable" frame="0" z_index="2" m_a="1.000000" m_b="0.000000" m_c="0.000000" m_d="1.000000" m_tx="-244.000000" m_ty="-395.666656"/>
  </frame>
  <frame idx="450" w="584" h="731" x="-50.000000" y="-242.666656">
   <element name="firetable01" layername="firetable" frame="0" z_index="2" m_a="1.000000" m_b="0.000000" m_c="0.000000" m_d="1.000000" m_tx="-244.000000" m_ty="-395.666656"/>
  </frame>
  <frame idx="475" w="584" h="731" x="-50.000000" y="-242.666656">
   <element name="firetable01" layername="firetable" frame="0" z_index="2" m_a="1.000000" m_b="0.000000" m_c="0.000000" m_d="1.000000" m_tx="-244.000000" m_ty="-395.666656"/>
  </frame>
  <frame idx="500" w="584" h="731" x="-50.000000" y="-242.666656">
   <element name="firetable01" layername="firetable" frame="0" z_index="2" m_a="1.000000" m_b="0.000000" m_c="0.000000" m_d="1.000000" m_tx="-244.000000" m_ty="-395.666656"/>
  </frame>
  <frame idx="525" w="584" h="731" x="-50.000000" y="-242.666656">
   <element name="firetable01" layername="firetable" frame="0" z_index="2" m_a="1.000000" m_b="0.000000" m_c="0.000000" m_d="1.000000" m_tx="-244.000000" m_ty="-395.666656"/>
  </frame>
  <frame idx="550" w="584" h="731" x="-50.000000" y="-242.666656">
   <element name="firetable01" layername="firetable" frame="0" z_index="2" m_a="1.000000" m_b="0.000000" m_c="0.000000" m_d="1.000000" m_tx="-244.000000" m_ty="-395.666656"/>
  </frame>
  <frame idx="575" w="584" h="731" x="-50.000000" y="-242.666656">
   <element name="firetable01" layername="firetable" frame="0" z_index="2" m_a="1.000000" m_b="0.000000" m_c="0.000000" m_d="1.000000" m_tx="-244.000000" m_ty="-395.666656"/>
  </frame>
  <frame idx="600" w="584" h="731" x="-50.000000" y="-242.666656">
   <element name="firetable01" layername="firetable" frame="0" z_index="2" m_a="1.000000" m_b="0.000000" m_c="0.000000" m_d="1.000000" m_tx="-244.000000" m_ty="-395.666656"/>
  </frame>
  <frame idx="625" w="584" h="731" x="-50.000000" y="-242.666656">
   <element name="firetable01" layername="firetable" frame="0" z_index="2" m_a="1.000000" m_b="0.000000" m_c="0.000000" m_d="1.000000" m_tx="-244.000000" m_ty="-395.666656"/>
  </frame>
  <frame idx="650" w="584" h="731" x="-50.000000" y="-242.666656">
   <element name="firetable01" layername="firetable" frame="0" z_index="2" m_a="1.000000" m_b="0.000000" m_c="0.000000" m_d="1.000000" m_tx="-244.000000" m_ty="-395.666656"/>
  </frame>
  <frame idx="675" w="584" h="731" x="-50.000000" y="-242.666656">
   <element name="firetable01" layername="firetable" frame="0" z_index="2" m_a="1.000000" m_b="0.000000" m_c="0.000000" m_d="1.000000" m_tx="-244.000000" m_ty="-395.666656"/>
  </frame>
  <frame idx="700" w="584" h="731" x="-50.000000" y="-242.666656">
   <element name="firetable01" layername="firetable" frame="0" z_index="2" m_a="1.000000" m_b="0.000000" m_c="0.000000" m_d="1.000000" m_tx="-244.000000" m_ty="-395.666656"/>
  </frame>
  <frame idx="725" w="584" h="731" x="-50.000000" y="-242.666656">
   <element name="firetable01" layername="firetable" frame="0" z_index="2" m_a="1.000000" m_b="0.000000" m_c="0.000000" m_d="1.000000" m_tx="-244.000000" m_ty="-395.666656"/>
  </frame>
  <frame idx="750" w="584" h="731" x="-50.000000" y="-242.666656">
   <element name="firetable01" layername="firetable" frame="0" z_index="2" m_a="1.000000" m_b="0.000000" m_c="0.000000" m_d="1.000000" m_tx="-244.000000" m_ty="-395.666656"/>
  </frame>
  <frame idx="775" w="584" h="731" x="-50.000000" y="-242.666656">
   <element name="firetable01" layername="firetable" frame="0" z_index="2" m_a="1.000000" m_b="0.000000" m_c="0.000000" m_d="1.000000" m_tx="-244.000000" m_ty="-395.666656"/>
  </frame>
  <frame idx="800" w="584" h="731" x="-50.000000" y="-242.666656">
   <element name="firetable01" layername="firetable" frame="0" z_index="2" m_a="1.000000" m_b="0.000000" m_c="0.000000" m_d="1.000000" m_tx="-244.000000" m_ty="-395.666656"/>
  </frame>
  <frame idx="825" w="584" h="731" x="-50.000000" y="-242.666656">
   <element name="firetable01" layername="firetable" frame="0" z_index="2" m_a="1.000000" m_b="0.000000" m_c="0.000000" m_d="1.000000" m_tx="-244.000000" m_ty="-395.666656"/>
  </frame>
  <frame idx="850" w="584" h="731" x="-50.000000" y="-242.666656">
   <element name="firetable01" layername="firetable" frame="0" z_index="2" m_a="1.000000" m_b="0.000000" m_c="0.000000" m_d="1.000000" m_tx="-244.000000" m_ty="-395.666656"/>
  </frame>
  <frame idx="875" w="584" h="731" x="-50.000000" y="-242.666656">
   <element name="firetable01" layername="firetable" frame="0" z_index="2" m_a="1.000000" m_b="0.000000" m_c="0.000000" m_d="1.000000" m_tx="-244.000000" m_ty="-395.666656"/>
  </frame>
  <frame idx="900" w="584" h="731" x="-50.000000" y="-242.666656">
   <element name="firetable01" layername="firetable" frame="0" z_index="2" m_a="1.000000" m_b="0.000000" m_c="0.000000" m_d="1.000000" m_tx="-244.000000" m_ty="-395.666656"/>
  </frame>
  <frame idx="925" w="584" h="731" x="-50.000000" y="-242.666656">
   <element name="firetable01" layername="firetable" frame="0" z_index="2" m_a="1.000000" m_b="0.000000" m_c="0.000000" m_d="1.000000" m_tx="-244.000000" m_ty="-395.666656"/>
  </frame>
  <frame idx="950" w="584" h="731" x="-50.000000" y="-242.666656">
   <element name="firetable01" layername="firetable" frame="0" z_index="2" m_a="1.000000" m_b="0.000000" m_c="0.000000" m_d="1.000000" m_tx="-244.000000" m_ty="-395.666656"/>
  </frame>
  <frame idx="975" w="584" h="731" x="-50.000000" y="-242.666656">
   <element name="firetable01" layername="firetable" frame="0" z_index="2" m_a="1.000000" m_b="0.000000" m_c="0.000000" m_d="1.000000" m_tx="-244.000000" m_ty="-395.666656"/>
  </frame>
 </anim>
 <anim name="hit" root="firetable" numframes="1000" framerate="40">
  <frame idx="0" w="584" h="731" x="-50.000000" y="-242.666656">
   <element name="firetable01" layername="firetable" frame="0" z_index="2" m_a="1.000000" m_b="0.000000" m_c="0.000000" m_d="1.000000" m_tx="-244.000000" m_ty="-395.666656"/>
  </frame>
  <frame idx="25" w="602" h="638" x="-52.783028" y="-209.391769">
   <element name="firetable01" layername="firetable" frame="0" z_index="2" m_a="1.030310" m_b="0.000000" m_c="0.000000" m_d="0.879837" m_tx="-252.648453" m_ty="-344.176941"/>
  </frame>
  <frame idx="50" w="620" h="543" x="-55.566055" y="-175.616913">
   <element name="firetable01" layername="firetable" frame="0" z_index="2" m_a="1.060621" m_b="0.000000" m_c="0.000000" m_d="0.759674" m_tx="-261.296906" m_ty="-292.687225"/>
  </frame>
  <frame idx="75" w="638" h="449" x="-58.349098" y="-141.842041">
   <element name="firetable01" layername="firetable" frame="0" z_index="2" m_a="1.090931" m_b="0.000000" m_c="0.000000" m_d="0.639512" m_tx="-269.945374" m_ty="-241.197510"/>
  </frame>
  <frame idx="100" w="632" h="482" x="-57.402493" y="-153.813904">
   <element name="firetable01" layername="firetable" frame="0" z_index="2" m_a="1.080381" m_b="0.000000" m_c="0.000000" m_d="0.681338" m_tx="-266.934967" m_ty="-259.120331"/>
  </frame>
  <frame idx="125" w="616" h="563" x="-54.783245" y="-182.798340">
   <element name="firetable01" layername="firetable" frame="0" z_index="2" m_a="1.053940" m_b="0.000000" m_c="0.000000" m_d="0.786161" m_tx="-259.390564" m_ty="-304.036865"/>
  </frame>
  <frame idx="150" w="600" h="646" x="-52.164017" y="-212.282822">
   <element name="firetable01" layername="firetable" frame="0" z_index="2" m_a="1.027499" m_b="0.000000" m_c="0.000000" m_d="0.890984" m_tx="-251.846176" m_ty="-348.953430"/>
  </frame>
  <frame idx="175" w="585" h="728" x="-50.044769" y="-241.767273">
   <element name="firetable01" layername="firetable" frame="0" z_index="2" m_a="1.001058" m_b="0.000000" m_c="0.000000" m_d="0.995807" m_tx="-244.301773" m_ty="-393.869995"/>
  </frame>
  <frame idx="200" w="584" h="731" x="-50.000000" y="-242.666656">
   <element name="firetable01" layername="firetable" frame="0" z_index="2" m_a="1.000000" m_b="0.000000" m_c="0.000000" m_d="1.000000" m_tx="-244.000000" m_ty="-395.666656"/>
  </frame>
  <frame idx="225" w="584" h="731" x="-50.000000" y="-242.666656">
   <element name="firetable01" layername="firetable" frame="0" z_index="2" m_a="1.000000" m_b="0.000000" m_c="0.000000" m_d="1.000000" m_tx="-244.000000" m_ty="-395.666656"/>
  </frame>
  <frame idx="250" w="584" h="731" x="-50.000000" y="-242.666656">
   <element name="firetable01" layername="firetable" frame="0" z_index="2" m_a="1.000000" m_b="0.000000" m_c="0.000000" m_d="1.000000" m_tx="-244.000000" m_ty="-395.666656"/>
  </frame>
  <frame idx="275" w="584" h="731" x="-50.000000" y="-242.666656">
   <element name="firetable01" layername="firetable" frame="0" z_index="2" m_a="1.000000" m_b="0.000000" m_c="0.000000" m_d="1.000000" m_tx="-244.000000" m_ty="-395.666656"/>
  </frame>
  <frame idx="300" w="584" h="731" x="-50.000000" y="-242.666656">
   <element name="firetable01" layername="firetable" frame="0" z_index="2" m_a="1.000000" m_b="0.000000" m_c="0.000000" m_d="1.000000" m_tx="-244.000000" m_ty="-395.666656"/>
  </frame>
  <frame idx="325" w="584" h="731" x="-50.000000" y="-242.666656">
   <element name="firetable01" layername="firetable" frame="0" z_index="2" m_a="1.000000" m_b="0.000000" m_c="0.000000" m_d="1.000000" m_tx="-244.000000" m_ty="-395.666656"/>
  </frame>
  <frame idx="350" w="584" h="731" x="-50.000000" y="-242.666656">
   <element name="firetable01" layername="firetable" frame="0" z_index="2" m_a="1.000000" m_b="0.000000" m_c="0.000000" m_d="1.000000" m_tx="-244.000000" m_ty="-395.666656"/>
  </frame>
  <frame idx="375" w="584" h="731" x="-50.000000" y="-242.666656">
   <element name="firetable01" layername="firetable" frame="0" z_index="2" m_a="1.000000" m_b="0.000000" m_c="0.000000" m_d="1.000000" m_tx="-244.000000" m_ty="-395.666656"/>
  </frame>
  <frame idx="400" w="584" h="731" x="-50.000000" y="-242.666656">
   <element name="firetable01" layername="firetable" frame="0" z_index="2" m_a="1.000000" m_b="0.000000" m_c="0.000000" m_d="1.000000" m_tx="-244.000000" m_ty="-395.666656"/>
  </frame>
  <frame idx="425" w="584" h="731" x="-50.000000" y="-242.666656">
   <element name="firetable01" layername="firetable" frame="0" z_index="2" m_a="1.000000" m_b="0.000000" m_c="0.000000" m_d="1.000000" m_tx="-244.000000" m_ty="-395.666656"/>
  </frame>
  <frame idx="450" w="584" h="731" x="-50.000000" y="-242.666656">
   <element name="firetable01" layername="firetable" frame="0" z_index="2" m_a="1.000000" m_b="0.000000" m_c="0.000000" m_d="1.000000" m_tx="-244.000000" m_ty="-395.666656"/>
  </frame>
  <frame idx="475" w="584" h="731" x="-50.000000" y="-242.666656">
   <element name="firetable01" layername="firetable" frame="0" z_index="2" m_a="1.000000" m_b="0.000000" m_c="0.000000" m_d="1.000000" m_tx="-244.000000" m_ty="-395.666656"/>
  </frame>
  <frame idx="500" w="584" h="731" x="-50.000000" y="-242.666656">
   <element name="firetable01" layername="firetable" frame="0" z_index="2" m_a="1.000000" m_b="0.000000" m_c="0.000000" m_d="1.000000" m_tx="-244.000000" m_ty="-395.666656"/>
  </frame>
  <frame idx="525" w="584" h="731" x="-50.000000" y="-242.666656">
   <element name="firetable01" layername="firetable" frame="0" z_index="2" m_a="1.000000" m_b="0.000000" m_c="0.000000" m_d="1.000000" m_tx="-244.000000" m_ty="-395.666656"/>
  </frame>
  <frame idx="550" w="584" h="731" x="-50.000000" y="-242.666656">
   <element name="firetable01" layername="firetable" frame="0" z_index="2" m_a="1.000000" m_b="0.000000" m_c="0.000000" m_d="1.000000" m_tx="-244.000000" m_ty="-395.666656"/>
  </frame>
  <frame idx="575" w="584" h="731" x="-50.000000" y="-242.666656">
   <element name="firetable01" layername="firetable" frame="0" z_index="2" m_a="1.000000" m_b="0.000000" m_c="0.000000" m_d="1.000000" m_tx="-244.000000" m_ty="-395.666656"/>
  </frame>
  <frame idx="600" w="584" h="731" x="-50.000000" y="-242.666656">
   <element name="firetable01" layername="firetable" frame="0" z_index="2" m_a="1.000000" m_b="0.000000" m_c="0.000000" m_d="1.000000" m_tx="-244.000000" m_ty="-395.666656"/>
  </frame>
  <frame idx="625" w="584" h="731" x="-50.000000" y="-242.666656">
   <element name="firetable01" layername="firetable" frame="0" z_index="2" m_a="1.000000" m_b="0.000000" m_c="0.000000" m_d="1.000000" m_tx="-244.000000" m_ty="-395.666656"/>
  </frame>
  <frame idx="650" w="584" h="731" x="-50.000000" y="-242.666656">
   <element name="firetable01" layername="firetable" frame="0" z_index="2" m_a="1.000000" m_b="0.000000" m_c="0.000000" m_d="1.000000" m_tx="-244.000000" m_ty="-395.666656"/>
  </frame>
  <frame idx="675" w="584" h="731" x="-50.000000" y="-242.666656">
   <element name="firetable01" layername="firetable" frame="0" z_index="2" m_a="1.000000" m_b="0.000000" m_c="0.000000" m_d="1.000000" m_tx="-244.000000" m_ty="-395.666656"/>
  </frame>
  <frame idx="700" w="584" h="731" x="-50.000000" y="-242.666656">
   <element name="firetable01" layername="firetable" frame="0" z_index="2" m_a="1.000000" m_b="0.000000" m_c="0.000000" m_d="1.000000" m_tx="-244.000000" m_ty="-395.666656"/>
  </frame>
  <frame idx="725" w="584" h="731" x="-50.000000" y="-242.666656">
   <element name="firetable01" layername="firetable" frame="0" z_index="2" m_a="1.000000" m_b="0.000000" m_c="0.000000" m_d="1.000000" m_tx="-244.000000" m_ty="-395.666656"/>
  </frame>
  <frame idx="750" w="584" h="731" x="-50.000000" y="-242.666656">
   <element name="firetable01" layername="firetable" frame="0" z_index="2" m_a="1.000000" m_b="0.000000" m_c="0.000000" m_d="1.000000" m_tx="-244.000000" m_ty="-395.666656"/>
  </frame>
  <frame idx="775" w="584" h="731" x="-50.000000" y="-242.666656">
   <element name="firetable01" layername="firetable" frame="0" z_index="2" m_a="1.000000" m_b="0.000000" m_c="0.000000" m_d="1.000000" m_tx="-244.000000" m_ty="-395.666656"/>
  </frame>
  <frame idx="800" w="584" h="731" x="-50.000000" y="-242.666656">
   <element name="firetable01" layername="firetable" frame="0" z_index="2" m_a="1.000000" m_b="0.000000" m_c="0.000000" m_d="1.000000" m_tx="-244.000000" m_ty="-395.666656"/>
  </frame>
  <frame idx="825" w="584" h="731" x="-50.000000" y="-242.666656">
   <element name="firetable01" layername="firetable" frame="0" z_index="2" m_a="1.000000" m_b="0.000000" m_c="0.000000" m_d="1.000000" m_tx="-244.000000" m_ty="-395.666656"/>
  </frame>
  <frame idx="850" w="584" h="731" x="-50.000000" y="-242.666656">
   <element name="firetable01" layername="firetable" frame="0" z_index="2" m_a="1.000000" m_b="0.000000" m_c="0.000000" m_d="1.000000" m_tx="-244.000000" m_ty="-395.666656"/>
  </frame>
  <frame idx="875" w="584" h="731" x="-50.000000" y="-242.666656">
   <element name="firetable01" layername="firetable" frame="0" z_index="2" m_a="1.000000" m_b="0.000000" m_c="0.000000" m_d="1.000000" m_tx="-244.000000" m_ty="-395.666656"/>
  </frame>
  <frame idx="900" w="584" h="731" x="-50.000000" y="-242.666656">
   <element name="firetable01" layername="firetable" frame="0" z_index="2" m_a="1.000000" m_b="0.000000" m_c="0.000000" m_d="1.000000" m_tx="-244.000000" m_ty="-395.666656"/>
  </frame>
  <frame idx="925" w="584" h="731" x="-50.000000" y="-242.666656">
   <element name="firetable01" layername="firetable" frame="0" z_index="2" m_a="1.000000" m_b="0.000000" m_c="0.000000" m_d="1.000000" m_tx="-244.000000" m_ty="-395.666656"/>
  </frame>
  <frame idx="950" w="584" h="731" x="-50.000000" y="-242.666656">
   <element name="firetable01" layername="firetable" frame="0" z_index="2" m_a="1.000000" m_b="0.000000" m_c="0.000000" m_d="1.000000" m_tx="-244.000000" m_ty="-395.666656"/>
  </frame>
  <frame idx="975" w="584" h="731" x="-50.000000" y="-242.666656">
   <element name="firetable01" layername="firetable" frame="0" z_index="2" m_a="1.000000" m_b="0.000000" m_c="0.000000" m_d="1.000000" m_tx="-244.000000" m_ty="-395.666656"/>
  </frame>
 </anim>
</Anims>
