<Anims>
 <anim name="idle" root="cabinshelves" numframes="300" framerate="40">
  <frame idx="0" w="423" h="848" x="-24.311710" y="-261.921173">
   <element name="shelves01" layername="shelves" frame="0" z_index="2" m_a="1.271867" m_b="0.000000" m_c="0.000000" m_d="1.180875" m_tx="-164.329361" m_ty="-442.447540"/>
  </frame>
  <frame idx="25" w="423" h="848" x="-24.311710" y="-261.921173">
   <element name="shelves01" layername="shelves" frame="0" z_index="2" m_a="1.271867" m_b="0.000000" m_c="0.000000" m_d="1.180875" m_tx="-164.329361" m_ty="-442.447540"/>
  </frame>
  <frame idx="50" w="423" h="848" x="-24.311710" y="-261.921173">
   <element name="shelves01" layername="shelves" frame="0" z_index="2" m_a="1.271867" m_b="0.000000" m_c="0.000000" m_d="1.180875" m_tx="-164.329361" m_ty="-442.447540"/>
  </frame>
  <frame idx="75" w="423" h="848" x="-24.311710" y="-261.921173">
   <element name="shelves01" layername="shelves" frame="0" z_index="2" m_a="1.271867" m_b="0.000000" m_c="0.000000" m_d="1.180875" m_tx="-164.329361" m_ty="-442.447540"/>
  </frame>
  <frame idx="100" w="423" h="848" x="-24.311710" y="-261.921173">
   <element name="shelves01" layername="shelves" frame="0" z_index="2" m_a="1.271867" m_b="0.000000" m_c="0.000000" m_d="1.180875" m_tx="-164.329361" m_ty="-442.447540"/>
  </frame>
  <frame idx="125" w="423" h="848" x="-24.311710" y="-261.921173">
   <element name="shelves01" layername="shelves" frame="0" z_index="2" m_a="1.271867" m_b="0.000000" m_c="0.000000" m_d="1.180875" m_tx="-164.329361" m_ty="-442.447540"/>
  </frame>
  <frame idx="150" w="423" h="848" x="-24.311710" y="-261.921173">
   <element name="shelves01" layername="shelves" frame="0" z_index="2" m_a="1.271867" m_b="0.000000" m_c="0.000000" m_d="1.180875" m_tx="-164.329361" m_ty="-442.447540"/>
  </frame>
  <frame idx="175" w="423" h="848" x="-24.311710" y="-261.921173">
   <element name="shelves01" layername="shelves" frame="0" z_index="2" m_a="1.271867" m_b="0.000000" m_c="0.000000" m_d="1.180875" m_tx="-164.329361" m_ty="-442.447540"/>
  </frame>
  <frame idx="200" w="423" h="848" x="-24.311710" y="-261.921173">
   <element name="shelves01" layername="shelves" frame="0" z_index="2" m_a="1.271867" m_b="0.000000" m_c="0.000000" m_d="1.180875" m_tx="-164.329361" m_ty="-442.447540"/>
  </frame>
  <frame idx="225" w="423" h="848" x="-24.311710" y="-261.921173">
   <element name="shelves01" layername="shelves" frame="0" z_index="2" m_a="1.271867" m_b="0.000000" m_c="0.000000" m_d="1.180875" m_tx="-164.329361" m_ty="-442.447540"/>
  </frame>
  <frame idx="250" w="423" h="848" x="-24.311710" y="-261.921173">
   <element name="shelves01" layername="shelves" frame="0" z_index="2" m_a="1.271867" m_b="0.000000" m_c="0.000000" m_d="1.180875" m_tx="-164.329361" m_ty="-442.447540"/>
  </frame>
  <frame idx="275" w="423" h="848" x="-24.311710" y="-261.921173">
   <element name="shelves01" layername="shelves" frame="0" z_index="2" m_a="1.271867" m_b="0.000000" m_c="0.000000" m_d="1.180875" m_tx="-164.329361" m_ty="-442.447540"/>
  </frame>
 </anim>
 <anim name="hit" root="cabinshelves" numframes="300" framerate="40">
  <frame idx="0" w="423" h="848" x="-24.311710" y="-261.921173">
   <element name="shelves01" layername="shelves" frame="0" z_index="2" m_a="1.271867" m_b="0.000000" m_c="0.000000" m_d="1.180875" m_tx="-164.329361" m_ty="-442.447540"/>
  </frame>
  <frame idx="25" w="457" h="758" x="-28.430714" y="-229.774155">
   <element name="shelves01" layername="shelves" frame="0" z_index="2" m_a="1.376614" m_b="0.000000" m_c="0.000000" m_d="1.065432" m_tx="-179.903458" m_ty="-393.211212"/>
  </frame>
  <frame idx="50" w="491" h="668" x="-32.049713" y="-197.627106">
   <element name="shelves01" layername="shelves" frame="0" z_index="2" m_a="1.481361" m_b="0.000000" m_c="0.000000" m_d="0.949989" m_tx="-195.477554" m_ty="-343.974854"/>
  </frame>
  <frame idx="75" w="464" h="741" x="-29.129166" y="-223.902802">
   <element name="shelves01" layername="shelves" frame="0" z_index="2" m_a="1.395192" m_b="0.000000" m_c="0.000000" m_d="1.044957" m_tx="-182.665649" m_ty="-384.478729"/>
  </frame>
  <frame idx="100" w="429" h="830" x="-25.031277" y="-255.584763">
   <element name="shelves01" layername="shelves" frame="0" z_index="2" m_a="1.292421" m_b="0.000000" m_c="0.000000" m_d="1.158222" m_tx="-167.385406" m_ty="-432.786072"/>
  </frame>
  <frame idx="125" w="423" h="848" x="-24.311710" y="-261.921173">
   <element name="shelves01" layername="shelves" frame="0" z_index="2" m_a="1.271867" m_b="0.000000" m_c="0.000000" m_d="1.180875" m_tx="-164.329361" m_ty="-442.447540"/>
  </frame>
  <frame idx="150" w="423" h="848" x="-24.311710" y="-261.921173">
   <element name="shelves01" layername="shelves" frame="0" z_index="2" m_a="1.271867" m_b="0.000000" m_c="0.000000" m_d="1.180875" m_tx="-164.329361" m_ty="-442.447540"/>
  </frame>
  <frame idx="175" w="423" h="848" x="-24.311710" y="-261.921173">
   <element name="shelves01" layername="shelves" frame="0" z_index="2" m_a="1.271867" m_b="0.000000" m_c="0.000000" m_d="1.180875" m_tx="-164.329361" m_ty="-442.447540"/>
  </frame>
  <frame idx="200" w="423" h="848" x="-24.311710" y="-261.921173">
   <element name="shelves01" layername="shelves" frame="0" z_index="2" m_a="1.271867" m_b="0.000000" m_c="0.000000" m_d="1.180875" m_tx="-164.329361" m_ty="-442.447540"/>
  </frame>
  <frame idx="225" w="423" h="848" x="-24.311710" y="-261.921173">
   <element name="shelves01" layername="shelves" frame="0" z_index="2" m_a="1.271867" m_b="0.000000" m_c="0.000000" m_d="1.180875" m_tx="-164.329361" m_ty="-442.447540"/>
  </frame>
  <frame idx="250" w="423" h="848" x="-24.311710" y="-261.921173">
   <element name="shelves01" layername="shelves" frame="0" z_index="2" m_a="1.271867" m_b="0.000000" m_c="0.000000" m_d="1.180875" m_tx="-164.329361" m_ty="-442.447540"/>
  </frame>
  <frame idx="275" w="423" h="848" x="-24.311710" y="-261.921173">
   <element name="shelves01" layername="shelves" frame="0" z_index="2" m_a="1.271867" m_b="0.000000" m_c="0.000000" m_d="1.180875" m_tx="-164.329361" m_ty="-442.447540"/>
  </frame>
 </anim>
</Anims>
