<Anims>
 <anim name="idle" root="circustable" numframes="1000" framerate="40">
  <frame idx="0" w="505" h="397" x="-42.500000" y="-101.250000">
   <element name="cirqtable01" layername="ctable" frame="0" z_index="2" m_a="1.000000" m_b="0.000000" m_c="0.000000" m_d="1.000000" m_tx="-210.000000" m_ty="-198.750000"/>
  </frame>
  <frame idx="25" w="505" h="397" x="-42.500000" y="-101.250000">
   <element name="cirqtable01" layername="ctable" frame="0" z_index="2" m_a="1.000000" m_b="0.000000" m_c="0.000000" m_d="1.000000" m_tx="-210.000000" m_ty="-198.750000"/>
  </frame>
  <frame idx="50" w="505" h="397" x="-42.500000" y="-101.250000">
   <element name="cirqtable01" layername="ctable" frame="0" z_index="2" m_a="1.000000" m_b="0.000000" m_c="0.000000" m_d="1.000000" m_tx="-210.000000" m_ty="-198.750000"/>
  </frame>
  <frame idx="75" w="505" h="397" x="-42.500000" y="-101.250000">
   <element name="cirqtable01" layername="ctable" frame="0" z_index="2" m_a="1.000000" m_b="0.000000" m_c="0.000000" m_d="1.000000" m_tx="-210.000000" m_ty="-198.750000"/>
  </frame>
  <frame idx="100" w="505" h="397" x="-42.500000" y="-101.250000">
   <element name="cirqtable01" layername="ctable" frame="0" z_index="2" m_a="1.000000" m_b="0.000000" m_c="0.000000" m_d="1.000000" m_tx="-210.000000" m_ty="-198.750000"/>
  </frame>
  <frame idx="125" w="505" h="397" x="-42.500000" y="-101.250000">
   <element name="cirqtable01" layername="ctable" frame="0" z_index="2" m_a="1.000000" m_b="0.000000" m_c="0.000000" m_d="1.000000" m_tx="-210.000000" m_ty="-198.750000"/>
  </frame>
  <frame idx="150" w="505" h="397" x="-42.500000" y="-101.250000">
   <element name="cirqtable01" layername="ctable" frame="0" z_index="2" m_a="1.000000" m_b="0.000000" m_c="0.000000" m_d="1.000000" m_tx="-210.000000" m_ty="-198.750000"/>
  </frame>
  <frame idx="175" w="505" h="397" x="-42.500000" y="-101.250000">
   <element name="cirqtable01" layername="ctable" frame="0" z_index="2" m_a="1.000000" m_b="0.000000" m_c="0.000000" m_d="1.000000" m_tx="-210.000000" m_ty="-198.750000"/>
  </frame>
  <frame idx="200" w="505" h="397" x="-42.500000" y="-101.250000">
   <element name="cirqtable01" layername="ctable" frame="0" z_index="2" m_a="1.000000" m_b="0.000000" m_c="0.000000" m_d="1.000000" m_tx="-210.000000" m_ty="-198.750000"/>
  </frame>
  <frame idx="225" w="505" h="397" x="-42.500000" y="-101.250000">
   <element name="cirqtable01" layername="ctable" frame="0" z_index="2" m_a="1.000000" m_b="0.000000" m_c="0.000000" m_d="1.000000" m_tx="-210.000000" m_ty="-198.750000"/>
  </frame>
  <frame idx="250" w="505" h="397" x="-42.500000" y="-101.250000">
   <element name="cirqtable01" layername="ctable" frame="0" z_index="2" m_a="1.000000" m_b="0.000000" m_c="0.000000" m_d="1.000000" m_tx="-210.000000" m_ty="-198.750000"/>
  </frame>
  <frame idx="275" w="505" h="397" x="-42.500000" y="-101.250000">
   <element name="cirqtable01" layername="ctable" frame="0" z_index="2" m_a="1.000000" m_b="0.000000" m_c="0.000000" m_d="1.000000" m_tx="-210.000000" m_ty="-198.750000"/>
  </frame>
  <frame idx="300" w="505" h="397" x="-42.500000" y="-101.250000">
   <element name="cirqtable01" layername="ctable" frame="0" z_index="2" m_a="1.000000" m_b="0.000000" m_c="0.000000" m_d="1.000000" m_tx="-210.000000" m_ty="-198.750000"/>
  </frame>
  <frame idx="325" w="505" h="397" x="-42.500000" y="-101.250000">
   <element name="cirqtable01" layername="ctable" frame="0" z_index="2" m_a="1.000000" m_b="0.000000" m_c="0.000000" m_d="1.000000" m_tx="-210.000000" m_ty="-198.750000"/>
  </frame>
  <frame idx="350" w="505" h="397" x="-42.500000" y="-101.250000">
   <element name="cirqtable01" layername="ctable" frame="0" z_index="2" m_a="1.000000" m_b="0.000000" m_c="0.000000" m_d="1.000000" m_tx="-210.000000" m_ty="-198.750000"/>
  </frame>
  <frame idx="375" w="505" h="397" x="-42.500000" y="-101.250000">
   <element name="cirqtable01" layername="ctable" frame="0" z_index="2" m_a="1.000000" m_b="0.000000" m_c="0.000000" m_d="1.000000" m_tx="-210.000000" m_ty="-198.750000"/>
  </frame>
  <frame idx="400" w="505" h="397" x="-42.500000" y="-101.250000">
   <element name="cirqtable01" layername="ctable" frame="0" z_index="2" m_a="1.000000" m_b="0.000000" m_c="0.000000" m_d="1.000000" m_tx="-210.000000" m_ty="-198.750000"/>
  </frame>
  <frame idx="425" w="505" h="397" x="-42.500000" y="-101.250000">
   <element name="cirqtable01" layername="ctable" frame="0" z_index="2" m_a="1.000000" m_b="0.000000" m_c="0.000000" m_d="1.000000" m_tx="-210.000000" m_ty="-198.750000"/>
  </frame>
  <frame idx="450" w="505" h="397" x="-42.500000" y="-101.250000">
   <element name="cirqtable01" layername="ctable" frame="0" z_index="2" m_a="1.000000" m_b="0.000000" m_c="0.000000" m_d="1.000000" m_tx="-210.000000" m_ty="-198.750000"/>
  </frame>
  <frame idx="475" w="505" h="397" x="-42.500000" y="-101.250000">
   <element name="cirqtable01" layername="ctable" frame="0" z_index="2" m_a="1.000000" m_b="0.000000" m_c="0.000000" m_d="1.000000" m_tx="-210.000000" m_ty="-198.750000"/>
  </frame>
  <frame idx="500" w="505" h="397" x="-42.500000" y="-101.250000">
   <element name="cirqtable01" layername="ctable" frame="0" z_index="2" m_a="1.000000" m_b="0.000000" m_c="0.000000" m_d="1.000000" m_tx="-210.000000" m_ty="-198.750000"/>
  </frame>
  <frame idx="525" w="505" h="397" x="-42.500000" y="-101.250000">
   <element name="cirqtable01" layername="ctable" frame="0" z_index="2" m_a="1.000000" m_b="0.000000" m_c="0.000000" m_d="1.000000" m_tx="-210.000000" m_ty="-198.750000"/>
  </frame>
  <frame idx="550" w="505" h="397" x="-42.500000" y="-101.250000">
   <element name="cirqtable01" layername="ctable" frame="0" z_index="2" m_a="1.000000" m_b="0.000000" m_c="0.000000" m_d="1.000000" m_tx="-210.000000" m_ty="-198.750000"/>
  </frame>
  <frame idx="575" w="505" h="397" x="-42.500000" y="-101.250000">
   <element name="cirqtable01" layername="ctable" frame="0" z_index="2" m_a="1.000000" m_b="0.000000" m_c="0.000000" m_d="1.000000" m_tx="-210.000000" m_ty="-198.750000"/>
  </frame>
  <frame idx="600" w="505" h="397" x="-42.500000" y="-101.250000">
   <element name="cirqtable01" layername="ctable" frame="0" z_index="2" m_a="1.000000" m_b="0.000000" m_c="0.000000" m_d="1.000000" m_tx="-210.000000" m_ty="-198.750000"/>
  </frame>
  <frame idx="625" w="505" h="397" x="-42.500000" y="-101.250000">
   <element name="cirqtable01" layername="ctable" frame="0" z_index="2" m_a="1.000000" m_b="0.000000" m_c="0.000000" m_d="1.000000" m_tx="-210.000000" m_ty="-198.750000"/>
  </frame>
  <frame idx="650" w="505" h="397" x="-42.500000" y="-101.250000">
   <element name="cirqtable01" layername="ctable" frame="0" z_index="2" m_a="1.000000" m_b="0.000000" m_c="0.000000" m_d="1.000000" m_tx="-210.000000" m_ty="-198.750000"/>
  </frame>
  <frame idx="675" w="505" h="397" x="-42.500000" y="-101.250000">
   <element name="cirqtable01" layername="ctable" frame="0" z_index="2" m_a="1.000000" m_b="0.000000" m_c="0.000000" m_d="1.000000" m_tx="-210.000000" m_ty="-198.750000"/>
  </frame>
  <frame idx="700" w="505" h="397" x="-42.500000" y="-101.250000">
   <element name="cirqtable01" layername="ctable" frame="0" z_index="2" m_a="1.000000" m_b="0.000000" m_c="0.000000" m_d="1.000000" m_tx="-210.000000" m_ty="-198.750000"/>
  </frame>
  <frame idx="725" w="505" h="397" x="-42.500000" y="-101.250000">
   <element name="cirqtable01" layername="ctable" frame="0" z_index="2" m_a="1.000000" m_b="0.000000" m_c="0.000000" m_d="1.000000" m_tx="-210.000000" m_ty="-198.750000"/>
  </frame>
  <frame idx="750" w="505" h="397" x="-42.500000" y="-101.250000">
   <element name="cirqtable01" layername="ctable" frame="0" z_index="2" m_a="1.000000" m_b="0.000000" m_c="0.000000" m_d="1.000000" m_tx="-210.000000" m_ty="-198.750000"/>
  </frame>
  <frame idx="775" w="505" h="397" x="-42.500000" y="-101.250000">
   <element name="cirqtable01" layername="ctable" frame="0" z_index="2" m_a="1.000000" m_b="0.000000" m_c="0.000000" m_d="1.000000" m_tx="-210.000000" m_ty="-198.750000"/>
  </frame>
  <frame idx="800" w="505" h="397" x="-42.500000" y="-101.250000">
   <element name="cirqtable01" layername="ctable" frame="0" z_index="2" m_a="1.000000" m_b="0.000000" m_c="0.000000" m_d="1.000000" m_tx="-210.000000" m_ty="-198.750000"/>
  </frame>
  <frame idx="825" w="505" h="397" x="-42.500000" y="-101.250000">
   <element name="cirqtable01" layername="ctable" frame="0" z_index="2" m_a="1.000000" m_b="0.000000" m_c="0.000000" m_d="1.000000" m_tx="-210.000000" m_ty="-198.750000"/>
  </frame>
  <frame idx="850" w="505" h="397" x="-42.500000" y="-101.250000">
   <element name="cirqtable01" layername="ctable" frame="0" z_index="2" m_a="1.000000" m_b="0.000000" m_c="0.000000" m_d="1.000000" m_tx="-210.000000" m_ty="-198.750000"/>
  </frame>
  <frame idx="875" w="505" h="397" x="-42.500000" y="-101.250000">
   <element name="cirqtable01" layername="ctable" frame="0" z_index="2" m_a="1.000000" m_b="0.000000" m_c="0.000000" m_d="1.000000" m_tx="-210.000000" m_ty="-198.750000"/>
  </frame>
  <frame idx="900" w="505" h="397" x="-42.500000" y="-101.250000">
   <element name="cirqtable01" layername="ctable" frame="0" z_index="2" m_a="1.000000" m_b="0.000000" m_c="0.000000" m_d="1.000000" m_tx="-210.000000" m_ty="-198.750000"/>
  </frame>
  <frame idx="925" w="505" h="397" x="-42.500000" y="-101.250000">
   <element name="cirqtable01" layername="ctable" frame="0" z_index="2" m_a="1.000000" m_b="0.000000" m_c="0.000000" m_d="1.000000" m_tx="-210.000000" m_ty="-198.750000"/>
  </frame>
  <frame idx="950" w="505" h="397" x="-42.500000" y="-101.250000">
   <element name="cirqtable01" layername="ctable" frame="0" z_index="2" m_a="1.000000" m_b="0.000000" m_c="0.000000" m_d="1.000000" m_tx="-210.000000" m_ty="-198.750000"/>
  </frame>
  <frame idx="975" w="505" h="397" x="-42.500000" y="-101.250000">
   <element name="cirqtable01" layername="ctable" frame="0" z_index="2" m_a="1.000000" m_b="0.000000" m_c="0.000000" m_d="1.000000" m_tx="-210.000000" m_ty="-198.750000"/>
  </frame>
 </anim>
 <anim name="hit" root="circustable" numframes="1000" framerate="40">
  <frame idx="0" w="505" h="397" x="-42.500000" y="-101.250000">
   <element name="cirqtable01" layername="ctable" frame="0" z_index="2" m_a="1.000000" m_b="0.000000" m_c="0.000000" m_d="1.000000" m_tx="-210.000000" m_ty="-198.750000"/>
  </frame>
  <frame idx="25" w="515" h="365" x="-43.595238" y="-89.807541">
   <element name="cirqtable01" layername="ctable" frame="0" z_index="2" m_a="1.019229" m_b="0.000000" m_c="0.000000" m_d="0.935799" m_tx="-214.633240" m_ty="-181.897186"/>
  </frame>
  <frame idx="50" w="525" h="335" x="-45.190491" y="-78.865067">
   <element name="cirqtable01" layername="ctable" frame="0" z_index="2" m_a="1.038457" m_b="0.000000" m_c="0.000000" m_d="0.871598" m_tx="-219.266495" m_ty="-165.044357"/>
  </frame>
  <frame idx="75" w="534" h="304" x="-46.285732" y="-67.922615">
   <element name="cirqtable01" layername="ctable" frame="0" z_index="2" m_a="1.057686" m_b="0.000000" m_c="0.000000" m_d="0.807396" m_tx="-223.899734" m_ty="-148.191544"/>
  </frame>
  <frame idx="100" w="544" h="273" x="-47.880970" y="-56.980137">
   <element name="cirqtable01" layername="ctable" frame="0" z_index="2" m_a="1.076914" m_b="0.000000" m_c="0.000000" m_d="0.743195" m_tx="-228.532974" m_ty="-131.338715"/>
  </frame>
  <frame idx="125" w="539" h="287" x="-47.090187" y="-62.104485">
   <element name="cirqtable01" layername="ctable" frame="0" z_index="2" m_a="1.067521" m_b="0.000000" m_c="0.000000" m_d="0.774559" m_tx="-226.269516" m_ty="-139.571732"/>
  </frame>
  <frame idx="150" w="531" h="315" x="-46.077873" y="-71.870552">
   <element name="cirqtable01" layername="ctable" frame="0" z_index="2" m_a="1.050972" m_b="0.000000" m_c="0.000000" m_d="0.829814" m_tx="-222.281891" m_ty="-154.076218"/>
  </frame>
  <frame idx="175" w="522" h="341" x="-44.565586" y="-81.136597">
   <element name="cirqtable01" layername="ctable" frame="0" z_index="2" m_a="1.034422" m_b="0.000000" m_c="0.000000" m_d="0.885069" m_tx="-218.294266" m_ty="-168.580688"/>
  </frame>
  <frame idx="200" w="514" h="368" x="-43.553276" y="-90.902664">
   <element name="cirqtable01" layername="ctable" frame="0" z_index="2" m_a="1.017873" m_b="0.000000" m_c="0.000000" m_d="0.940324" m_tx="-214.306641" m_ty="-183.085175"/>
  </frame>
  <frame idx="225" w="506" h="394" x="-42.540989" y="-100.168716">
   <element name="cirqtable01" layername="ctable" frame="0" z_index="2" m_a="1.001324" m_b="0.000000" m_c="0.000000" m_d="0.995580" m_tx="-210.319016" m_ty="-197.589645"/>
  </frame>
  <frame idx="250" w="505" h="397" x="-42.500000" y="-101.250000">
   <element name="cirqtable01" layername="ctable" frame="0" z_index="2" m_a="1.000000" m_b="0.000000" m_c="0.000000" m_d="1.000000" m_tx="-210.000000" m_ty="-198.750000"/>
  </frame>
  <frame idx="275" w="505" h="397" x="-42.500000" y="-101.250000">
   <element name="cirqtable01" layername="ctable" frame="0" z_index="2" m_a="1.000000" m_b="0.000000" m_c="0.000000" m_d="1.000000" m_tx="-210.000000" m_ty="-198.750000"/>
  </frame>
  <frame idx="300" w="505" h="397" x="-42.500000" y="-101.250000">
   <element name="cirqtable01" layername="ctable" frame="0" z_index="2" m_a="1.000000" m_b="0.000000" m_c="0.000000" m_d="1.000000" m_tx="-210.000000" m_ty="-198.750000"/>
  </frame>
  <frame idx="325" w="505" h="397" x="-42.500000" y="-101.250000">
   <element name="cirqtable01" layername="ctable" frame="0" z_index="2" m_a="1.000000" m_b="0.000000" m_c="0.000000" m_d="1.000000" m_tx="-210.000000" m_ty="-198.750000"/>
  </frame>
  <frame idx="350" w="505" h="397" x="-42.500000" y="-101.250000">
   <element name="cirqtable01" layername="ctable" frame="0" z_index="2" m_a="1.000000" m_b="0.000000" m_c="0.000000" m_d="1.000000" m_tx="-210.000000" m_ty="-198.750000"/>
  </frame>
  <frame idx="375" w="505" h="397" x="-42.500000" y="-101.250000">
   <element name="cirqtable01" layername="ctable" frame="0" z_index="2" m_a="1.000000" m_b="0.000000" m_c="0.000000" m_d="1.000000" m_tx="-210.000000" m_ty="-198.750000"/>
  </frame>
  <frame idx="400" w="505" h="397" x="-42.500000" y="-101.250000">
   <element name="cirqtable01" layername="ctable" frame="0" z_index="2" m_a="1.000000" m_b="0.000000" m_c="0.000000" m_d="1.000000" m_tx="-210.000000" m_ty="-198.750000"/>
  </frame>
  <frame idx="425" w="505" h="397" x="-42.500000" y="-101.250000">
   <element name="cirqtable01" layername="ctable" frame="0" z_index="2" m_a="1.000000" m_b="0.000000" m_c="0.000000" m_d="1.000000" m_tx="-210.000000" m_ty="-198.750000"/>
  </frame>
  <frame idx="450" w="505" h="397" x="-42.500000" y="-101.250000">
   <element name="cirqtable01" layername="ctable" frame="0" z_index="2" m_a="1.000000" m_b="0.000000" m_c="0.000000" m_d="1.000000" m_tx="-210.000000" m_ty="-198.750000"/>
  </frame>
  <frame idx="475" w="505" h="397" x="-42.500000" y="-101.250000">
   <element name="cirqtable01" layername="ctable" frame="0" z_index="2" m_a="1.000000" m_b="0.000000" m_c="0.000000" m_d="1.000000" m_tx="-210.000000" m_ty="-198.750000"/>
  </frame>
  <frame idx="500" w="505" h="397" x="-42.500000" y="-101.250000">
   <element name="cirqtable01" layername="ctable" frame="0" z_index="2" m_a="1.000000" m_b="0.000000" m_c="0.000000" m_d="1.000000" m_tx="-210.000000" m_ty="-198.750000"/>
  </frame>
  <frame idx="525" w="505" h="397" x="-42.500000" y="-101.250000">
   <element name="cirqtable01" layername="ctable" frame="0" z_index="2" m_a="1.000000" m_b="0.000000" m_c="0.000000" m_d="1.000000" m_tx="-210.000000" m_ty="-198.750000"/>
  </frame>
  <frame idx="550" w="505" h="397" x="-42.500000" y="-101.250000">
   <element name="cirqtable01" layername="ctable" frame="0" z_index="2" m_a="1.000000" m_b="0.000000" m_c="0.000000" m_d="1.000000" m_tx="-210.000000" m_ty="-198.750000"/>
  </frame>
  <frame idx="575" w="505" h="397" x="-42.500000" y="-101.250000">
   <element name="cirqtable01" layername="ctable" frame="0" z_index="2" m_a="1.000000" m_b="0.000000" m_c="0.000000" m_d="1.000000" m_tx="-210.000000" m_ty="-198.750000"/>
  </frame>
  <frame idx="600" w="505" h="397" x="-42.500000" y="-101.250000">
   <element name="cirqtable01" layername="ctable" frame="0" z_index="2" m_a="1.000000" m_b="0.000000" m_c="0.000000" m_d="1.000000" m_tx="-210.000000" m_ty="-198.750000"/>
  </frame>
  <frame idx="625" w="505" h="397" x="-42.500000" y="-101.250000">
   <element name="cirqtable01" layername="ctable" frame="0" z_index="2" m_a="1.000000" m_b="0.000000" m_c="0.000000" m_d="1.000000" m_tx="-210.000000" m_ty="-198.750000"/>
  </frame>
  <frame idx="650" w="505" h="397" x="-42.500000" y="-101.250000">
   <element name="cirqtable01" layername="ctable" frame="0" z_index="2" m_a="1.000000" m_b="0.000000" m_c="0.000000" m_d="1.000000" m_tx="-210.000000" m_ty="-198.750000"/>
  </frame>
  <frame idx="675" w="505" h="397" x="-42.500000" y="-101.250000">
   <element name="cirqtable01" layername="ctable" frame="0" z_index="2" m_a="1.000000" m_b="0.000000" m_c="0.000000" m_d="1.000000" m_tx="-210.000000" m_ty="-198.750000"/>
  </frame>
  <frame idx="700" w="505" h="397" x="-42.500000" y="-101.250000">
   <element name="cirqtable01" layername="ctable" frame="0" z_index="2" m_a="1.000000" m_b="0.000000" m_c="0.000000" m_d="1.000000" m_tx="-210.000000" m_ty="-198.750000"/>
  </frame>
  <frame idx="725" w="505" h="397" x="-42.500000" y="-101.250000">
   <element name="cirqtable01" layername="ctable" frame="0" z_index="2" m_a="1.000000" m_b="0.000000" m_c="0.000000" m_d="1.000000" m_tx="-210.000000" m_ty="-198.750000"/>
  </frame>
  <frame idx="750" w="505" h="397" x="-42.500000" y="-101.250000">
   <element name="cirqtable01" layername="ctable" frame="0" z_index="2" m_a="1.000000" m_b="0.000000" m_c="0.000000" m_d="1.000000" m_tx="-210.000000" m_ty="-198.750000"/>
  </frame>
  <frame idx="775" w="505" h="397" x="-42.500000" y="-101.250000">
   <element name="cirqtable01" layername="ctable" frame="0" z_index="2" m_a="1.000000" m_b="0.000000" m_c="0.000000" m_d="1.000000" m_tx="-210.000000" m_ty="-198.750000"/>
  </frame>
  <frame idx="800" w="505" h="397" x="-42.500000" y="-101.250000">
   <element name="cirqtable01" layername="ctable" frame="0" z_index="2" m_a="1.000000" m_b="0.000000" m_c="0.000000" m_d="1.000000" m_tx="-210.000000" m_ty="-198.750000"/>
  </frame>
  <frame idx="825" w="505" h="397" x="-42.500000" y="-101.250000">
   <element name="cirqtable01" layername="ctable" frame="0" z_index="2" m_a="1.000000" m_b="0.000000" m_c="0.000000" m_d="1.000000" m_tx="-210.000000" m_ty="-198.750000"/>
  </frame>
  <frame idx="850" w="505" h="397" x="-42.500000" y="-101.250000">
   <element name="cirqtable01" layername="ctable" frame="0" z_index="2" m_a="1.000000" m_b="0.000000" m_c="0.000000" m_d="1.000000" m_tx="-210.000000" m_ty="-198.750000"/>
  </frame>
  <frame idx="875" w="505" h="397" x="-42.500000" y="-101.250000">
   <element name="cirqtable01" layername="ctable" frame="0" z_index="2" m_a="1.000000" m_b="0.000000" m_c="0.000000" m_d="1.000000" m_tx="-210.000000" m_ty="-198.750000"/>
  </frame>
  <frame idx="900" w="505" h="397" x="-42.500000" y="-101.250000">
   <element name="cirqtable01" layername="ctable" frame="0" z_index="2" m_a="1.000000" m_b="0.000000" m_c="0.000000" m_d="1.000000" m_tx="-210.000000" m_ty="-198.750000"/>
  </frame>
  <frame idx="925" w="505" h="397" x="-42.500000" y="-101.250000">
   <element name="cirqtable01" layername="ctable" frame="0" z_index="2" m_a="1.000000" m_b="0.000000" m_c="0.000000" m_d="1.000000" m_tx="-210.000000" m_ty="-198.750000"/>
  </frame>
  <frame idx="950" w="505" h="397" x="-42.500000" y="-101.250000">
   <element name="cirqtable01" layername="ctable" frame="0" z_index="2" m_a="1.000000" m_b="0.000000" m_c="0.000000" m_d="1.000000" m_tx="-210.000000" m_ty="-198.750000"/>
  </frame>
  <frame idx="975" w="505" h="397" x="-42.500000" y="-101.250000">
   <element name="cirqtable01" layername="ctable" frame="0" z_index="2" m_a="1.000000" m_b="0.000000" m_c="0.000000" m_d="1.000000" m_tx="-210.000000" m_ty="-198.750000"/>
  </frame>
 </anim>
</Anims>
