<Anims>
 <anim name="idle" root="spidertable" numframes="1000" framerate="40">
  <frame idx="0" w="584" h="945" x="-33.777771" y="-321.837616">
   <element name="spidertable01" layername="spidertable" frame="0" z_index="2" m_a="1.000000" m_b="0.000000" m_c="0.000000" m_d="1.000000" m_tx="-227.777771" m_ty="-506.837616"/>
  </frame>
  <frame idx="25" w="584" h="945" x="-33.777771" y="-321.837616">
   <element name="spidertable01" layername="spidertable" frame="0" z_index="2" m_a="1.000000" m_b="0.000000" m_c="0.000000" m_d="1.000000" m_tx="-227.777771" m_ty="-506.837616"/>
  </frame>
  <frame idx="50" w="584" h="945" x="-33.777771" y="-321.837616">
   <element name="spidertable01" layername="spidertable" frame="0" z_index="2" m_a="1.000000" m_b="0.000000" m_c="0.000000" m_d="1.000000" m_tx="-227.777771" m_ty="-506.837616"/>
  </frame>
  <frame idx="75" w="584" h="945" x="-33.777771" y="-321.837616">
   <element name="spidertable01" layername="spidertable" frame="0" z_index="2" m_a="1.000000" m_b="0.000000" m_c="0.000000" m_d="1.000000" m_tx="-227.777771" m_ty="-506.837616"/>
  </frame>
  <frame idx="100" w="584" h="945" x="-33.777771" y="-321.837616">
   <element name="spidertable01" layername="spidertable" frame="0" z_index="2" m_a="1.000000" m_b="0.000000" m_c="0.000000" m_d="1.000000" m_tx="-227.777771" m_ty="-506.837616"/>
  </frame>
  <frame idx="125" w="584" h="945" x="-33.777771" y="-321.837616">
   <element name="spidertable01" layername="spidertable" frame="0" z_index="2" m_a="1.000000" m_b="0.000000" m_c="0.000000" m_d="1.000000" m_tx="-227.777771" m_ty="-506.837616"/>
  </frame>
  <frame idx="150" w="584" h="945" x="-33.777771" y="-321.837616">
   <element name="spidertable01" layername="spidertable" frame="0" z_index="2" m_a="1.000000" m_b="0.000000" m_c="0.000000" m_d="1.000000" m_tx="-227.777771" m_ty="-506.837616"/>
  </frame>
  <frame idx="175" w="584" h="945" x="-33.777771" y="-321.837616">
   <element name="spidertable01" layername="spidertable" frame="0" z_index="2" m_a="1.000000" m_b="0.000000" m_c="0.000000" m_d="1.000000" m_tx="-227.777771" m_ty="-506.837616"/>
  </frame>
  <frame idx="200" w="584" h="945" x="-33.777771" y="-321.837616">
   <element name="spidertable01" layername="spidertable" frame="0" z_index="2" m_a="1.000000" m_b="0.000000" m_c="0.000000" m_d="1.000000" m_tx="-227.777771" m_ty="-506.837616"/>
  </frame>
  <frame idx="225" w="584" h="945" x="-33.777771" y="-321.837616">
   <element name="spidertable01" layername="spidertable" frame="0" z_index="2" m_a="1.000000" m_b="0.000000" m_c="0.000000" m_d="1.000000" m_tx="-227.777771" m_ty="-506.837616"/>
  </frame>
  <frame idx="250" w="584" h="945" x="-33.777771" y="-321.837616">
   <element name="spidertable01" layername="spidertable" frame="0" z_index="2" m_a="1.000000" m_b="0.000000" m_c="0.000000" m_d="1.000000" m_tx="-227.777771" m_ty="-506.837616"/>
  </frame>
  <frame idx="275" w="584" h="945" x="-33.777771" y="-321.837616">
   <element name="spidertable01" layername="spidertable" frame="0" z_index="2" m_a="1.000000" m_b="0.000000" m_c="0.000000" m_d="1.000000" m_tx="-227.777771" m_ty="-506.837616"/>
  </frame>
  <frame idx="300" w="584" h="945" x="-33.777771" y="-321.837616">
   <element name="spidertable01" layername="spidertable" frame="0" z_index="2" m_a="1.000000" m_b="0.000000" m_c="0.000000" m_d="1.000000" m_tx="-227.777771" m_ty="-506.837616"/>
  </frame>
  <frame idx="325" w="584" h="945" x="-33.777771" y="-321.837616">
   <element name="spidertable01" layername="spidertable" frame="0" z_index="2" m_a="1.000000" m_b="0.000000" m_c="0.000000" m_d="1.000000" m_tx="-227.777771" m_ty="-506.837616"/>
  </frame>
  <frame idx="350" w="584" h="945" x="-33.777771" y="-321.837616">
   <element name="spidertable01" layername="spidertable" frame="0" z_index="2" m_a="1.000000" m_b="0.000000" m_c="0.000000" m_d="1.000000" m_tx="-227.777771" m_ty="-506.837616"/>
  </frame>
  <frame idx="375" w="584" h="945" x="-33.777771" y="-321.837616">
   <element name="spidertable01" layername="spidertable" frame="0" z_index="2" m_a="1.000000" m_b="0.000000" m_c="0.000000" m_d="1.000000" m_tx="-227.777771" m_ty="-506.837616"/>
  </frame>
  <frame idx="400" w="584" h="945" x="-33.777771" y="-321.837616">
   <element name="spidertable01" layername="spidertable" frame="0" z_index="2" m_a="1.000000" m_b="0.000000" m_c="0.000000" m_d="1.000000" m_tx="-227.777771" m_ty="-506.837616"/>
  </frame>
  <frame idx="425" w="584" h="945" x="-33.777771" y="-321.837616">
   <element name="spidertable01" layername="spidertable" frame="0" z_index="2" m_a="1.000000" m_b="0.000000" m_c="0.000000" m_d="1.000000" m_tx="-227.777771" m_ty="-506.837616"/>
  </frame>
  <frame idx="450" w="584" h="945" x="-33.777771" y="-321.837616">
   <element name="spidertable01" layername="spidertable" frame="0" z_index="2" m_a="1.000000" m_b="0.000000" m_c="0.000000" m_d="1.000000" m_tx="-227.777771" m_ty="-506.837616"/>
  </frame>
  <frame idx="475" w="584" h="945" x="-33.777771" y="-321.837616">
   <element name="spidertable01" layername="spidertable" frame="0" z_index="2" m_a="1.000000" m_b="0.000000" m_c="0.000000" m_d="1.000000" m_tx="-227.777771" m_ty="-506.837616"/>
  </frame>
  <frame idx="500" w="584" h="945" x="-33.777771" y="-321.837616">
   <element name="spidertable01" layername="spidertable" frame="0" z_index="2" m_a="1.000000" m_b="0.000000" m_c="0.000000" m_d="1.000000" m_tx="-227.777771" m_ty="-506.837616"/>
  </frame>
  <frame idx="525" w="584" h="945" x="-33.777771" y="-321.837616">
   <element name="spidertable01" layername="spidertable" frame="0" z_index="2" m_a="1.000000" m_b="0.000000" m_c="0.000000" m_d="1.000000" m_tx="-227.777771" m_ty="-506.837616"/>
  </frame>
  <frame idx="550" w="584" h="945" x="-33.777771" y="-321.837616">
   <element name="spidertable01" layername="spidertable" frame="0" z_index="2" m_a="1.000000" m_b="0.000000" m_c="0.000000" m_d="1.000000" m_tx="-227.777771" m_ty="-506.837616"/>
  </frame>
  <frame idx="575" w="584" h="945" x="-33.777771" y="-321.837616">
   <element name="spidertable01" layername="spidertable" frame="0" z_index="2" m_a="1.000000" m_b="0.000000" m_c="0.000000" m_d="1.000000" m_tx="-227.777771" m_ty="-506.837616"/>
  </frame>
  <frame idx="600" w="584" h="945" x="-33.777771" y="-321.837616">
   <element name="spidertable01" layername="spidertable" frame="0" z_index="2" m_a="1.000000" m_b="0.000000" m_c="0.000000" m_d="1.000000" m_tx="-227.777771" m_ty="-506.837616"/>
  </frame>
  <frame idx="625" w="584" h="945" x="-33.777771" y="-321.837616">
   <element name="spidertable01" layername="spidertable" frame="0" z_index="2" m_a="1.000000" m_b="0.000000" m_c="0.000000" m_d="1.000000" m_tx="-227.777771" m_ty="-506.837616"/>
  </frame>
  <frame idx="650" w="584" h="945" x="-33.777771" y="-321.837616">
   <element name="spidertable01" layername="spidertable" frame="0" z_index="2" m_a="1.000000" m_b="0.000000" m_c="0.000000" m_d="1.000000" m_tx="-227.777771" m_ty="-506.837616"/>
  </frame>
  <frame idx="675" w="584" h="945" x="-33.777771" y="-321.837616">
   <element name="spidertable01" layername="spidertable" frame="0" z_index="2" m_a="1.000000" m_b="0.000000" m_c="0.000000" m_d="1.000000" m_tx="-227.777771" m_ty="-506.837616"/>
  </frame>
  <frame idx="700" w="584" h="945" x="-33.777771" y="-321.837616">
   <element name="spidertable01" layername="spidertable" frame="0" z_index="2" m_a="1.000000" m_b="0.000000" m_c="0.000000" m_d="1.000000" m_tx="-227.777771" m_ty="-506.837616"/>
  </frame>
  <frame idx="725" w="584" h="945" x="-33.777771" y="-321.837616">
   <element name="spidertable01" layername="spidertable" frame="0" z_index="2" m_a="1.000000" m_b="0.000000" m_c="0.000000" m_d="1.000000" m_tx="-227.777771" m_ty="-506.837616"/>
  </frame>
  <frame idx="750" w="584" h="945" x="-33.777771" y="-321.837616">
   <element name="spidertable01" layername="spidertable" frame="0" z_index="2" m_a="1.000000" m_b="0.000000" m_c="0.000000" m_d="1.000000" m_tx="-227.777771" m_ty="-506.837616"/>
  </frame>
  <frame idx="775" w="584" h="945" x="-33.777771" y="-321.837616">
   <element name="spidertable01" layername="spidertable" frame="0" z_index="2" m_a="1.000000" m_b="0.000000" m_c="0.000000" m_d="1.000000" m_tx="-227.777771" m_ty="-506.837616"/>
  </frame>
  <frame idx="800" w="584" h="945" x="-33.777771" y="-321.837616">
   <element name="spidertable01" layername="spidertable" frame="0" z_index="2" m_a="1.000000" m_b="0.000000" m_c="0.000000" m_d="1.000000" m_tx="-227.777771" m_ty="-506.837616"/>
  </frame>
  <frame idx="825" w="584" h="945" x="-33.777771" y="-321.837616">
   <element name="spidertable01" layername="spidertable" frame="0" z_index="2" m_a="1.000000" m_b="0.000000" m_c="0.000000" m_d="1.000000" m_tx="-227.777771" m_ty="-506.837616"/>
  </frame>
  <frame idx="850" w="584" h="945" x="-33.777771" y="-321.837616">
   <element name="spidertable01" layername="spidertable" frame="0" z_index="2" m_a="1.000000" m_b="0.000000" m_c="0.000000" m_d="1.000000" m_tx="-227.777771" m_ty="-506.837616"/>
  </frame>
  <frame idx="875" w="584" h="945" x="-33.777771" y="-321.837616">
   <element name="spidertable01" layername="spidertable" frame="0" z_index="2" m_a="1.000000" m_b="0.000000" m_c="0.000000" m_d="1.000000" m_tx="-227.777771" m_ty="-506.837616"/>
  </frame>
  <frame idx="900" w="584" h="945" x="-33.777771" y="-321.837616">
   <element name="spidertable01" layername="spidertable" frame="0" z_index="2" m_a="1.000000" m_b="0.000000" m_c="0.000000" m_d="1.000000" m_tx="-227.777771" m_ty="-506.837616"/>
  </frame>
  <frame idx="925" w="584" h="945" x="-33.777771" y="-321.837616">
   <element name="spidertable01" layername="spidertable" frame="0" z_index="2" m_a="1.000000" m_b="0.000000" m_c="0.000000" m_d="1.000000" m_tx="-227.777771" m_ty="-506.837616"/>
  </frame>
  <frame idx="950" w="584" h="945" x="-33.777771" y="-321.837616">
   <element name="spidertable01" layername="spidertable" frame="0" z_index="2" m_a="1.000000" m_b="0.000000" m_c="0.000000" m_d="1.000000" m_tx="-227.777771" m_ty="-506.837616"/>
  </frame>
  <frame idx="975" w="584" h="945" x="-33.777771" y="-321.837616">
   <element name="spidertable01" layername="spidertable" frame="0" z_index="2" m_a="1.000000" m_b="0.000000" m_c="0.000000" m_d="1.000000" m_tx="-227.777771" m_ty="-506.837616"/>
  </frame>
 </anim>
 <anim name="hit" root="spidertable" numframes="1000" framerate="40">
  <frame idx="0" w="584" h="945" x="-33.777771" y="-321.837616">
   <element name="spidertable01" layername="spidertable" frame="0" z_index="2" m_a="1.000000" m_b="0.000000" m_c="0.000000" m_d="1.000000" m_tx="-227.777771" m_ty="-506.837616"/>
  </frame>
  <frame idx="25" w="604" h="842" x="-36.427696" y="-285.254578">
   <element name="spidertable01" layername="spidertable" frame="0" z_index="2" m_a="1.032976" m_b="0.000000" m_c="0.000000" m_d="0.893826" m_tx="-236.940872" m_ty="-450.724670"/>
  </frame>
  <frame idx="50" w="623" h="740" x="-39.077637" y="-248.671555">
   <element name="spidertable01" layername="spidertable" frame="0" z_index="2" m_a="1.065952" m_b="0.000000" m_c="0.000000" m_d="0.787652" m_tx="-246.103989" m_ty="-394.611725"/>
  </frame>
  <frame idx="75" w="636" h="666" x="-40.893402" y="-222.248779">
   <element name="spidertable01" layername="spidertable" frame="0" z_index="2" m_a="1.089346" m_b="0.000000" m_c="0.000000" m_d="0.712330" m_tx="-252.604523" m_ty="-354.803802"/>
  </frame>
  <frame idx="100" w="621" h="750" x="-38.954964" y="-252.167099">
   <element name="spidertable01" layername="spidertable" frame="0" z_index="2" m_a="1.062435" m_b="0.000000" m_c="0.000000" m_d="0.798977" m_tx="-245.126587" m_ty="-400.597107"/>
  </frame>
  <frame idx="125" w="605" h="835" x="-36.516518" y="-282.585449">
   <element name="spidertable01" layername="spidertable" frame="0" z_index="2" m_a="1.035523" m_b="0.000000" m_c="0.000000" m_d="0.885625" m_tx="-237.648651" m_ty="-446.390442"/>
  </frame>
  <frame idx="150" w="590" h="917" x="-34.578079" y="-312.003723">
   <element name="spidertable01" layername="spidertable" frame="0" z_index="2" m_a="1.008612" m_b="0.000000" m_c="0.000000" m_d="0.972273" m_tx="-230.170715" m_ty="-492.183746"/>
  </frame>
  <frame idx="175" w="584" h="945" x="-33.777771" y="-321.837616">
   <element name="spidertable01" layername="spidertable" frame="0" z_index="2" m_a="1.000000" m_b="0.000000" m_c="0.000000" m_d="1.000000" m_tx="-227.777771" m_ty="-506.837616"/>
  </frame>
  <frame idx="200" w="584" h="945" x="-33.777771" y="-321.837616">
   <element name="spidertable01" layername="spidertable" frame="0" z_index="2" m_a="1.000000" m_b="0.000000" m_c="0.000000" m_d="1.000000" m_tx="-227.777771" m_ty="-506.837616"/>
  </frame>
  <frame idx="225" w="584" h="945" x="-33.777771" y="-321.837616">
   <element name="spidertable01" layername="spidertable" frame="0" z_index="2" m_a="1.000000" m_b="0.000000" m_c="0.000000" m_d="1.000000" m_tx="-227.777771" m_ty="-506.837616"/>
  </frame>
  <frame idx="250" w="584" h="945" x="-33.777771" y="-321.837616">
   <element name="spidertable01" layername="spidertable" frame="0" z_index="2" m_a="1.000000" m_b="0.000000" m_c="0.000000" m_d="1.000000" m_tx="-227.777771" m_ty="-506.837616"/>
  </frame>
  <frame idx="275" w="584" h="945" x="-33.777771" y="-321.837616">
   <element name="spidertable01" layername="spidertable" frame="0" z_index="2" m_a="1.000000" m_b="0.000000" m_c="0.000000" m_d="1.000000" m_tx="-227.777771" m_ty="-506.837616"/>
  </frame>
  <frame idx="300" w="584" h="945" x="-33.777771" y="-321.837616">
   <element name="spidertable01" layername="spidertable" frame="0" z_index="2" m_a="1.000000" m_b="0.000000" m_c="0.000000" m_d="1.000000" m_tx="-227.777771" m_ty="-506.837616"/>
  </frame>
  <frame idx="325" w="584" h="945" x="-33.777771" y="-321.837616">
   <element name="spidertable01" layername="spidertable" frame="0" z_index="2" m_a="1.000000" m_b="0.000000" m_c="0.000000" m_d="1.000000" m_tx="-227.777771" m_ty="-506.837616"/>
  </frame>
  <frame idx="350" w="584" h="945" x="-33.777771" y="-321.837616">
   <element name="spidertable01" layername="spidertable" frame="0" z_index="2" m_a="1.000000" m_b="0.000000" m_c="0.000000" m_d="1.000000" m_tx="-227.777771" m_ty="-506.837616"/>
  </frame>
  <frame idx="375" w="584" h="945" x="-33.777771" y="-321.837616">
   <element name="spidertable01" layername="spidertable" frame="0" z_index="2" m_a="1.000000" m_b="0.000000" m_c="0.000000" m_d="1.000000" m_tx="-227.777771" m_ty="-506.837616"/>
  </frame>
  <frame idx="400" w="584" h="945" x="-33.777771" y="-321.837616">
   <element name="spidertable01" layername="spidertable" frame="0" z_index="2" m_a="1.000000" m_b="0.000000" m_c="0.000000" m_d="1.000000" m_tx="-227.777771" m_ty="-506.837616"/>
  </frame>
  <frame idx="425" w="584" h="945" x="-33.777771" y="-321.837616">
   <element name="spidertable01" layername="spidertable" frame="0" z_index="2" m_a="1.000000" m_b="0.000000" m_c="0.000000" m_d="1.000000" m_tx="-227.777771" m_ty="-506.837616"/>
  </frame>
  <frame idx="450" w="584" h="945" x="-33.777771" y="-321.837616">
   <element name="spidertable01" layername="spidertable" frame="0" z_index="2" m_a="1.000000" m_b="0.000000" m_c="0.000000" m_d="1.000000" m_tx="-227.777771" m_ty="-506.837616"/>
  </frame>
  <frame idx="475" w="584" h="945" x="-33.777771" y="-321.837616">
   <element name="spidertable01" layername="spidertable" frame="0" z_index="2" m_a="1.000000" m_b="0.000000" m_c="0.000000" m_d="1.000000" m_tx="-227.777771" m_ty="-506.837616"/>
  </frame>
  <frame idx="500" w="584" h="945" x="-33.777771" y="-321.837616">
   <element name="spidertable01" layername="spidertable" frame="0" z_index="2" m_a="1.000000" m_b="0.000000" m_c="0.000000" m_d="1.000000" m_tx="-227.777771" m_ty="-506.837616"/>
  </frame>
  <frame idx="525" w="584" h="945" x="-33.777771" y="-321.837616">
   <element name="spidertable01" layername="spidertable" frame="0" z_index="2" m_a="1.000000" m_b="0.000000" m_c="0.000000" m_d="1.000000" m_tx="-227.777771" m_ty="-506.837616"/>
  </frame>
  <frame idx="550" w="584" h="945" x="-33.777771" y="-321.837616">
   <element name="spidertable01" layername="spidertable" frame="0" z_index="2" m_a="1.000000" m_b="0.000000" m_c="0.000000" m_d="1.000000" m_tx="-227.777771" m_ty="-506.837616"/>
  </frame>
  <frame idx="575" w="584" h="945" x="-33.777771" y="-321.837616">
   <element name="spidertable01" layername="spidertable" frame="0" z_index="2" m_a="1.000000" m_b="0.000000" m_c="0.000000" m_d="1.000000" m_tx="-227.777771" m_ty="-506.837616"/>
  </frame>
  <frame idx="600" w="584" h="945" x="-33.777771" y="-321.837616">
   <element name="spidertable01" layername="spidertable" frame="0" z_index="2" m_a="1.000000" m_b="0.000000" m_c="0.000000" m_d="1.000000" m_tx="-227.777771" m_ty="-506.837616"/>
  </frame>
  <frame idx="625" w="584" h="945" x="-33.777771" y="-321.837616">
   <element name="spidertable01" layername="spidertable" frame="0" z_index="2" m_a="1.000000" m_b="0.000000" m_c="0.000000" m_d="1.000000" m_tx="-227.777771" m_ty="-506.837616"/>
  </frame>
  <frame idx="650" w="584" h="945" x="-33.777771" y="-321.837616">
   <element name="spidertable01" layername="spidertable" frame="0" z_index="2" m_a="1.000000" m_b="0.000000" m_c="0.000000" m_d="1.000000" m_tx="-227.777771" m_ty="-506.837616"/>
  </frame>
  <frame idx="675" w="584" h="945" x="-33.777771" y="-321.837616">
   <element name="spidertable01" layername="spidertable" frame="0" z_index="2" m_a="1.000000" m_b="0.000000" m_c="0.000000" m_d="1.000000" m_tx="-227.777771" m_ty="-506.837616"/>
  </frame>
  <frame idx="700" w="584" h="945" x="-33.777771" y="-321.837616">
   <element name="spidertable01" layername="spidertable" frame="0" z_index="2" m_a="1.000000" m_b="0.000000" m_c="0.000000" m_d="1.000000" m_tx="-227.777771" m_ty="-506.837616"/>
  </frame>
  <frame idx="725" w="584" h="945" x="-33.777771" y="-321.837616">
   <element name="spidertable01" layername="spidertable" frame="0" z_index="2" m_a="1.000000" m_b="0.000000" m_c="0.000000" m_d="1.000000" m_tx="-227.777771" m_ty="-506.837616"/>
  </frame>
  <frame idx="750" w="584" h="945" x="-33.777771" y="-321.837616">
   <element name="spidertable01" layername="spidertable" frame="0" z_index="2" m_a="1.000000" m_b="0.000000" m_c="0.000000" m_d="1.000000" m_tx="-227.777771" m_ty="-506.837616"/>
  </frame>
  <frame idx="775" w="584" h="945" x="-33.777771" y="-321.837616">
   <element name="spidertable01" layername="spidertable" frame="0" z_index="2" m_a="1.000000" m_b="0.000000" m_c="0.000000" m_d="1.000000" m_tx="-227.777771" m_ty="-506.837616"/>
  </frame>
  <frame idx="800" w="584" h="945" x="-33.777771" y="-321.837616">
   <element name="spidertable01" layername="spidertable" frame="0" z_index="2" m_a="1.000000" m_b="0.000000" m_c="0.000000" m_d="1.000000" m_tx="-227.777771" m_ty="-506.837616"/>
  </frame>
  <frame idx="825" w="584" h="945" x="-33.777771" y="-321.837616">
   <element name="spidertable01" layername="spidertable" frame="0" z_index="2" m_a="1.000000" m_b="0.000000" m_c="0.000000" m_d="1.000000" m_tx="-227.777771" m_ty="-506.837616"/>
  </frame>
  <frame idx="850" w="584" h="945" x="-33.777771" y="-321.837616">
   <element name="spidertable01" layername="spidertable" frame="0" z_index="2" m_a="1.000000" m_b="0.000000" m_c="0.000000" m_d="1.000000" m_tx="-227.777771" m_ty="-506.837616"/>
  </frame>
  <frame idx="875" w="584" h="945" x="-33.777771" y="-321.837616">
   <element name="spidertable01" layername="spidertable" frame="0" z_index="2" m_a="1.000000" m_b="0.000000" m_c="0.000000" m_d="1.000000" m_tx="-227.777771" m_ty="-506.837616"/>
  </frame>
  <frame idx="900" w="584" h="945" x="-33.777771" y="-321.837616">
   <element name="spidertable01" layername="spidertable" frame="0" z_index="2" m_a="1.000000" m_b="0.000000" m_c="0.000000" m_d="1.000000" m_tx="-227.777771" m_ty="-506.837616"/>
  </frame>
  <frame idx="925" w="584" h="945" x="-33.777771" y="-321.837616">
   <element name="spidertable01" layername="spidertable" frame="0" z_index="2" m_a="1.000000" m_b="0.000000" m_c="0.000000" m_d="1.000000" m_tx="-227.777771" m_ty="-506.837616"/>
  </frame>
  <frame idx="950" w="584" h="945" x="-33.777771" y="-321.837616">
   <element name="spidertable01" layername="spidertable" frame="0" z_index="2" m_a="1.000000" m_b="0.000000" m_c="0.000000" m_d="1.000000" m_tx="-227.777771" m_ty="-506.837616"/>
  </frame>
  <frame idx="975" w="584" h="945" x="-33.777771" y="-321.837616">
   <element name="spidertable01" layername="spidertable" frame="0" z_index="2" m_a="1.000000" m_b="0.000000" m_c="0.000000" m_d="1.000000" m_tx="-227.777771" m_ty="-506.837616"/>
  </frame>
 </anim>
</Anims>
