<Anims>
 <anim name="idle" root="electricthingamajig" numframes="1000" framerate="40">
  <frame idx="0" w="317" h="323" x="-15.870826" y="-91.781845">
   <element name="ething01" layername="ething" frame="0" z_index="2" m_a="1.339536" m_b="0.000000" m_c="0.000000" m_d="1.238089" m_tx="-121.315117" m_ty="-161.352783"/>
  </frame>
  <frame idx="25" w="317" h="323" x="-15.870826" y="-91.781845">
   <element name="ething01" layername="ething" frame="0" z_index="2" m_a="1.339536" m_b="0.000000" m_c="0.000000" m_d="1.238089" m_tx="-121.315117" m_ty="-161.352783"/>
  </frame>
  <frame idx="50" w="317" h="323" x="-15.870826" y="-91.781845">
   <element name="ething01" layername="ething" frame="0" z_index="2" m_a="1.339536" m_b="0.000000" m_c="0.000000" m_d="1.238089" m_tx="-121.315117" m_ty="-161.352783"/>
  </frame>
  <frame idx="75" w="317" h="323" x="-15.870826" y="-91.781845">
   <element name="ething01" layername="ething" frame="0" z_index="2" m_a="1.339536" m_b="0.000000" m_c="0.000000" m_d="1.238089" m_tx="-121.315117" m_ty="-161.352783"/>
  </frame>
  <frame idx="100" w="317" h="323" x="-15.870826" y="-91.781845">
   <element name="ething01" layername="ething" frame="0" z_index="2" m_a="1.339536" m_b="0.000000" m_c="0.000000" m_d="1.238089" m_tx="-121.315117" m_ty="-161.352783"/>
  </frame>
  <frame idx="125" w="317" h="323" x="-15.870826" y="-91.781845">
   <element name="ething01" layername="ething" frame="0" z_index="2" m_a="1.339536" m_b="0.000000" m_c="0.000000" m_d="1.238089" m_tx="-121.315117" m_ty="-161.352783"/>
  </frame>
  <frame idx="150" w="317" h="323" x="-15.870826" y="-91.781845">
   <element name="ething01" layername="ething" frame="0" z_index="2" m_a="1.339536" m_b="0.000000" m_c="0.000000" m_d="1.238089" m_tx="-121.315117" m_ty="-161.352783"/>
  </frame>
  <frame idx="175" w="317" h="323" x="-15.870826" y="-91.781845">
   <element name="ething01" layername="ething" frame="0" z_index="2" m_a="1.339536" m_b="0.000000" m_c="0.000000" m_d="1.238089" m_tx="-121.315117" m_ty="-161.352783"/>
  </frame>
  <frame idx="200" w="317" h="323" x="-15.870826" y="-91.781845">
   <element name="ething01" layername="ething" frame="0" z_index="2" m_a="1.339536" m_b="0.000000" m_c="0.000000" m_d="1.238089" m_tx="-121.315117" m_ty="-161.352783"/>
  </frame>
  <frame idx="225" w="317" h="323" x="-15.870826" y="-91.781845">
   <element name="ething01" layername="ething" frame="0" z_index="2" m_a="1.339536" m_b="0.000000" m_c="0.000000" m_d="1.238089" m_tx="-121.315117" m_ty="-161.352783"/>
  </frame>
  <frame idx="250" w="317" h="323" x="-15.870826" y="-91.781845">
   <element name="ething01" layername="ething" frame="0" z_index="2" m_a="1.339536" m_b="0.000000" m_c="0.000000" m_d="1.238089" m_tx="-121.315117" m_ty="-161.352783"/>
  </frame>
  <frame idx="275" w="317" h="323" x="-15.870826" y="-91.781845">
   <element name="ething01" layername="ething" frame="0" z_index="2" m_a="1.339536" m_b="0.000000" m_c="0.000000" m_d="1.238089" m_tx="-121.315117" m_ty="-161.352783"/>
  </frame>
  <frame idx="300" w="317" h="323" x="-15.870826" y="-91.781845">
   <element name="ething01" layername="ething" frame="0" z_index="2" m_a="1.339536" m_b="0.000000" m_c="0.000000" m_d="1.238089" m_tx="-121.315117" m_ty="-161.352783"/>
  </frame>
  <frame idx="325" w="317" h="323" x="-15.870826" y="-91.781845">
   <element name="ething01" layername="ething" frame="0" z_index="2" m_a="1.339536" m_b="0.000000" m_c="0.000000" m_d="1.238089" m_tx="-121.315117" m_ty="-161.352783"/>
  </frame>
  <frame idx="350" w="317" h="323" x="-15.870826" y="-91.781845">
   <element name="ething01" layername="ething" frame="0" z_index="2" m_a="1.339536" m_b="0.000000" m_c="0.000000" m_d="1.238089" m_tx="-121.315117" m_ty="-161.352783"/>
  </frame>
  <frame idx="375" w="317" h="323" x="-15.870826" y="-91.781845">
   <element name="ething01" layername="ething" frame="0" z_index="2" m_a="1.339536" m_b="0.000000" m_c="0.000000" m_d="1.238089" m_tx="-121.315117" m_ty="-161.352783"/>
  </frame>
  <frame idx="400" w="317" h="323" x="-15.870826" y="-91.781845">
   <element name="ething01" layername="ething" frame="0" z_index="2" m_a="1.339536" m_b="0.000000" m_c="0.000000" m_d="1.238089" m_tx="-121.315117" m_ty="-161.352783"/>
  </frame>
  <frame idx="425" w="317" h="323" x="-15.870826" y="-91.781845">
   <element name="ething01" layername="ething" frame="0" z_index="2" m_a="1.339536" m_b="0.000000" m_c="0.000000" m_d="1.238089" m_tx="-121.315117" m_ty="-161.352783"/>
  </frame>
  <frame idx="450" w="317" h="323" x="-15.870826" y="-91.781845">
   <element name="ething01" layername="ething" frame="0" z_index="2" m_a="1.339536" m_b="0.000000" m_c="0.000000" m_d="1.238089" m_tx="-121.315117" m_ty="-161.352783"/>
  </frame>
  <frame idx="475" w="317" h="323" x="-15.870826" y="-91.781845">
   <element name="ething01" layername="ething" frame="0" z_index="2" m_a="1.339536" m_b="0.000000" m_c="0.000000" m_d="1.238089" m_tx="-121.315117" m_ty="-161.352783"/>
  </frame>
  <frame idx="500" w="317" h="323" x="-15.870826" y="-91.781845">
   <element name="ething01" layername="ething" frame="0" z_index="2" m_a="1.339536" m_b="0.000000" m_c="0.000000" m_d="1.238089" m_tx="-121.315117" m_ty="-161.352783"/>
  </frame>
  <frame idx="525" w="317" h="323" x="-15.870826" y="-91.781845">
   <element name="ething01" layername="ething" frame="0" z_index="2" m_a="1.339536" m_b="0.000000" m_c="0.000000" m_d="1.238089" m_tx="-121.315117" m_ty="-161.352783"/>
  </frame>
  <frame idx="550" w="317" h="323" x="-15.870826" y="-91.781845">
   <element name="ething01" layername="ething" frame="0" z_index="2" m_a="1.339536" m_b="0.000000" m_c="0.000000" m_d="1.238089" m_tx="-121.315117" m_ty="-161.352783"/>
  </frame>
  <frame idx="575" w="317" h="323" x="-15.870826" y="-91.781845">
   <element name="ething01" layername="ething" frame="0" z_index="2" m_a="1.339536" m_b="0.000000" m_c="0.000000" m_d="1.238089" m_tx="-121.315117" m_ty="-161.352783"/>
  </frame>
  <frame idx="600" w="317" h="323" x="-15.870826" y="-91.781845">
   <element name="ething01" layername="ething" frame="0" z_index="2" m_a="1.339536" m_b="0.000000" m_c="0.000000" m_d="1.238089" m_tx="-121.315117" m_ty="-161.352783"/>
  </frame>
  <frame idx="625" w="317" h="323" x="-15.870826" y="-91.781845">
   <element name="ething01" layername="ething" frame="0" z_index="2" m_a="1.339536" m_b="0.000000" m_c="0.000000" m_d="1.238089" m_tx="-121.315117" m_ty="-161.352783"/>
  </frame>
  <frame idx="650" w="317" h="323" x="-15.870826" y="-91.781845">
   <element name="ething01" layername="ething" frame="0" z_index="2" m_a="1.339536" m_b="0.000000" m_c="0.000000" m_d="1.238089" m_tx="-121.315117" m_ty="-161.352783"/>
  </frame>
  <frame idx="675" w="317" h="323" x="-15.870826" y="-91.781845">
   <element name="ething01" layername="ething" frame="0" z_index="2" m_a="1.339536" m_b="0.000000" m_c="0.000000" m_d="1.238089" m_tx="-121.315117" m_ty="-161.352783"/>
  </frame>
  <frame idx="700" w="317" h="323" x="-15.870826" y="-91.781845">
   <element name="ething01" layername="ething" frame="0" z_index="2" m_a="1.339536" m_b="0.000000" m_c="0.000000" m_d="1.238089" m_tx="-121.315117" m_ty="-161.352783"/>
  </frame>
  <frame idx="725" w="317" h="323" x="-15.870826" y="-91.781845">
   <element name="ething01" layername="ething" frame="0" z_index="2" m_a="1.339536" m_b="0.000000" m_c="0.000000" m_d="1.238089" m_tx="-121.315117" m_ty="-161.352783"/>
  </frame>
  <frame idx="750" w="317" h="323" x="-15.870826" y="-91.781845">
   <element name="ething01" layername="ething" frame="0" z_index="2" m_a="1.339536" m_b="0.000000" m_c="0.000000" m_d="1.238089" m_tx="-121.315117" m_ty="-161.352783"/>
  </frame>
  <frame idx="775" w="317" h="323" x="-15.870826" y="-91.781845">
   <element name="ething01" layername="ething" frame="0" z_index="2" m_a="1.339536" m_b="0.000000" m_c="0.000000" m_d="1.238089" m_tx="-121.315117" m_ty="-161.352783"/>
  </frame>
  <frame idx="800" w="317" h="323" x="-15.870826" y="-91.781845">
   <element name="ething01" layername="ething" frame="0" z_index="2" m_a="1.339536" m_b="0.000000" m_c="0.000000" m_d="1.238089" m_tx="-121.315117" m_ty="-161.352783"/>
  </frame>
  <frame idx="825" w="317" h="323" x="-15.870826" y="-91.781845">
   <element name="ething01" layername="ething" frame="0" z_index="2" m_a="1.339536" m_b="0.000000" m_c="0.000000" m_d="1.238089" m_tx="-121.315117" m_ty="-161.352783"/>
  </frame>
  <frame idx="850" w="317" h="323" x="-15.870826" y="-91.781845">
   <element name="ething01" layername="ething" frame="0" z_index="2" m_a="1.339536" m_b="0.000000" m_c="0.000000" m_d="1.238089" m_tx="-121.315117" m_ty="-161.352783"/>
  </frame>
  <frame idx="875" w="317" h="323" x="-15.870826" y="-91.781845">
   <element name="ething01" layername="ething" frame="0" z_index="2" m_a="1.339536" m_b="0.000000" m_c="0.000000" m_d="1.238089" m_tx="-121.315117" m_ty="-161.352783"/>
  </frame>
  <frame idx="900" w="317" h="323" x="-15.870826" y="-91.781845">
   <element name="ething01" layername="ething" frame="0" z_index="2" m_a="1.339536" m_b="0.000000" m_c="0.000000" m_d="1.238089" m_tx="-121.315117" m_ty="-161.352783"/>
  </frame>
  <frame idx="925" w="317" h="323" x="-15.870826" y="-91.781845">
   <element name="ething01" layername="ething" frame="0" z_index="2" m_a="1.339536" m_b="0.000000" m_c="0.000000" m_d="1.238089" m_tx="-121.315117" m_ty="-161.352783"/>
  </frame>
  <frame idx="950" w="317" h="323" x="-15.870826" y="-91.781845">
   <element name="ething01" layername="ething" frame="0" z_index="2" m_a="1.339536" m_b="0.000000" m_c="0.000000" m_d="1.238089" m_tx="-121.315117" m_ty="-161.352783"/>
  </frame>
  <frame idx="975" w="317" h="323" x="-15.870826" y="-91.781845">
   <element name="ething01" layername="ething" frame="0" z_index="2" m_a="1.339536" m_b="0.000000" m_c="0.000000" m_d="1.238089" m_tx="-121.315117" m_ty="-161.352783"/>
  </frame>
 </anim>
 <anim name="hit" root="electricthingamajig" numframes="1000" framerate="40">
  <frame idx="0" w="317" h="323" x="-15.870826" y="-91.781845">
   <element name="ething01" layername="ething" frame="0" z_index="2" m_a="1.339536" m_b="0.000000" m_c="0.000000" m_d="1.238089" m_tx="-121.315117" m_ty="-161.352783"/>
  </frame>
  <frame idx="25" w="329" h="288" x="-18.036888" y="-79.404922">
   <element name="ething01" layername="ething" frame="0" z_index="2" m_a="1.387258" m_b="0.000000" m_c="0.000000" m_d="1.118638" m_tx="-127.181770" m_ty="-142.658676"/>
  </frame>
  <frame idx="50" w="340" h="254" x="-20.202942" y="-67.528015">
   <element name="ething01" layername="ething" frame="0" z_index="2" m_a="1.434979" m_b="0.000000" m_c="0.000000" m_d="0.999187" m_tx="-133.048416" m_ty="-123.964584"/>
  </frame>
  <frame idx="75" w="352" h="219" x="-22.369003" y="-55.151096">
   <element name="ething01" layername="ething" frame="0" z_index="2" m_a="1.482701" m_b="0.000000" m_c="0.000000" m_d="0.879736" m_tx="-138.915070" m_ty="-105.270485"/>
  </frame>
  <frame idx="100" w="356" h="206" x="-23.271820" y="-50.911800">
   <element name="ething01" layername="ething" frame="0" z_index="2" m_a="1.499187" m_b="0.000000" m_c="0.000000" m_d="0.838471" m_tx="-140.941727" m_ty="-98.812523"/>
  </frame>
  <frame idx="125" w="344" h="243" x="-21.052755" y="-63.714939">
   <element name="ething01" layername="ething" frame="0" z_index="2" m_a="1.449296" m_b="0.000000" m_c="0.000000" m_d="0.963351" m_tx="-134.808411" m_ty="-118.356354"/>
  </frame>
  <frame idx="150" w="332" h="279" x="-18.833702" y="-76.518082">
   <element name="ething01" layername="ething" frame="0" z_index="2" m_a="1.399405" m_b="0.000000" m_c="0.000000" m_d="1.088232" m_tx="-128.675095" m_ty="-137.900192"/>
  </frame>
  <frame idx="175" w="320" h="316" x="-16.614637" y="-89.321213">
   <element name="ething01" layername="ething" frame="0" z_index="2" m_a="1.349514" m_b="0.000000" m_c="0.000000" m_d="1.213113" m_tx="-122.541779" m_ty="-157.444016"/>
  </frame>
  <frame idx="200" w="317" h="323" x="-15.870826" y="-91.781845">
   <element name="ething01" layername="ething" frame="0" z_index="2" m_a="1.339536" m_b="0.000000" m_c="0.000000" m_d="1.238089" m_tx="-121.315117" m_ty="-161.352783"/>
  </frame>
  <frame idx="225" w="317" h="323" x="-15.870826" y="-91.781845">
   <element name="ething01" layername="ething" frame="0" z_index="2" m_a="1.339536" m_b="0.000000" m_c="0.000000" m_d="1.238089" m_tx="-121.315117" m_ty="-161.352783"/>
  </frame>
  <frame idx="250" w="317" h="323" x="-15.870826" y="-91.781845">
   <element name="ething01" layername="ething" frame="0" z_index="2" m_a="1.339536" m_b="0.000000" m_c="0.000000" m_d="1.238089" m_tx="-121.315117" m_ty="-161.352783"/>
  </frame>
  <frame idx="275" w="317" h="323" x="-15.870826" y="-91.781845">
   <element name="ething01" layername="ething" frame="0" z_index="2" m_a="1.339536" m_b="0.000000" m_c="0.000000" m_d="1.238089" m_tx="-121.315117" m_ty="-161.352783"/>
  </frame>
  <frame idx="300" w="317" h="323" x="-15.870826" y="-91.781845">
   <element name="ething01" layername="ething" frame="0" z_index="2" m_a="1.339536" m_b="0.000000" m_c="0.000000" m_d="1.238089" m_tx="-121.315117" m_ty="-161.352783"/>
  </frame>
  <frame idx="325" w="317" h="323" x="-15.870826" y="-91.781845">
   <element name="ething01" layername="ething" frame="0" z_index="2" m_a="1.339536" m_b="0.000000" m_c="0.000000" m_d="1.238089" m_tx="-121.315117" m_ty="-161.352783"/>
  </frame>
  <frame idx="350" w="317" h="323" x="-15.870826" y="-91.781845">
   <element name="ething01" layername="ething" frame="0" z_index="2" m_a="1.339536" m_b="0.000000" m_c="0.000000" m_d="1.238089" m_tx="-121.315117" m_ty="-161.352783"/>
  </frame>
  <frame idx="375" w="317" h="323" x="-15.870826" y="-91.781845">
   <element name="ething01" layername="ething" frame="0" z_index="2" m_a="1.339536" m_b="0.000000" m_c="0.000000" m_d="1.238089" m_tx="-121.315117" m_ty="-161.352783"/>
  </frame>
  <frame idx="400" w="317" h="323" x="-15.870826" y="-91.781845">
   <element name="ething01" layername="ething" frame="0" z_index="2" m_a="1.339536" m_b="0.000000" m_c="0.000000" m_d="1.238089" m_tx="-121.315117" m_ty="-161.352783"/>
  </frame>
  <frame idx="425" w="317" h="323" x="-15.870826" y="-91.781845">
   <element name="ething01" layername="ething" frame="0" z_index="2" m_a="1.339536" m_b="0.000000" m_c="0.000000" m_d="1.238089" m_tx="-121.315117" m_ty="-161.352783"/>
  </frame>
  <frame idx="450" w="317" h="323" x="-15.870826" y="-91.781845">
   <element name="ething01" layername="ething" frame="0" z_index="2" m_a="1.339536" m_b="0.000000" m_c="0.000000" m_d="1.238089" m_tx="-121.315117" m_ty="-161.352783"/>
  </frame>
  <frame idx="475" w="317" h="323" x="-15.870826" y="-91.781845">
   <element name="ething01" layername="ething" frame="0" z_index="2" m_a="1.339536" m_b="0.000000" m_c="0.000000" m_d="1.238089" m_tx="-121.315117" m_ty="-161.352783"/>
  </frame>
  <frame idx="500" w="317" h="323" x="-15.870826" y="-91.781845">
   <element name="ething01" layername="ething" frame="0" z_index="2" m_a="1.339536" m_b="0.000000" m_c="0.000000" m_d="1.238089" m_tx="-121.315117" m_ty="-161.352783"/>
  </frame>
  <frame idx="525" w="317" h="323" x="-15.870826" y="-91.781845">
   <element name="ething01" layername="ething" frame="0" z_index="2" m_a="1.339536" m_b="0.000000" m_c="0.000000" m_d="1.238089" m_tx="-121.315117" m_ty="-161.352783"/>
  </frame>
  <frame idx="550" w="317" h="323" x="-15.870826" y="-91.781845">
   <element name="ething01" layername="ething" frame="0" z_index="2" m_a="1.339536" m_b="0.000000" m_c="0.000000" m_d="1.238089" m_tx="-121.315117" m_ty="-161.352783"/>
  </frame>
  <frame idx="575" w="317" h="323" x="-15.870826" y="-91.781845">
   <element name="ething01" layername="ething" frame="0" z_index="2" m_a="1.339536" m_b="0.000000" m_c="0.000000" m_d="1.238089" m_tx="-121.315117" m_ty="-161.352783"/>
  </frame>
  <frame idx="600" w="317" h="323" x="-15.870826" y="-91.781845">
   <element name="ething01" layername="ething" frame="0" z_index="2" m_a="1.339536" m_b="0.000000" m_c="0.000000" m_d="1.238089" m_tx="-121.315117" m_ty="-161.352783"/>
  </frame>
  <frame idx="625" w="317" h="323" x="-15.870826" y="-91.781845">
   <element name="ething01" layername="ething" frame="0" z_index="2" m_a="1.339536" m_b="0.000000" m_c="0.000000" m_d="1.238089" m_tx="-121.315117" m_ty="-161.352783"/>
  </frame>
  <frame idx="650" w="317" h="323" x="-15.870826" y="-91.781845">
   <element name="ething01" layername="ething" frame="0" z_index="2" m_a="1.339536" m_b="0.000000" m_c="0.000000" m_d="1.238089" m_tx="-121.315117" m_ty="-161.352783"/>
  </frame>
  <frame idx="675" w="317" h="323" x="-15.870826" y="-91.781845">
   <element name="ething01" layername="ething" frame="0" z_index="2" m_a="1.339536" m_b="0.000000" m_c="0.000000" m_d="1.238089" m_tx="-121.315117" m_ty="-161.352783"/>
  </frame>
  <frame idx="700" w="317" h="323" x="-15.870826" y="-91.781845">
   <element name="ething01" layername="ething" frame="0" z_index="2" m_a="1.339536" m_b="0.000000" m_c="0.000000" m_d="1.238089" m_tx="-121.315117" m_ty="-161.352783"/>
  </frame>
  <frame idx="725" w="317" h="323" x="-15.870826" y="-91.781845">
   <element name="ething01" layername="ething" frame="0" z_index="2" m_a="1.339536" m_b="0.000000" m_c="0.000000" m_d="1.238089" m_tx="-121.315117" m_ty="-161.352783"/>
  </frame>
  <frame idx="750" w="317" h="323" x="-15.870826" y="-91.781845">
   <element name="ething01" layername="ething" frame="0" z_index="2" m_a="1.339536" m_b="0.000000" m_c="0.000000" m_d="1.238089" m_tx="-121.315117" m_ty="-161.352783"/>
  </frame>
  <frame idx="775" w="317" h="323" x="-15.870826" y="-91.781845">
   <element name="ething01" layername="ething" frame="0" z_index="2" m_a="1.339536" m_b="0.000000" m_c="0.000000" m_d="1.238089" m_tx="-121.315117" m_ty="-161.352783"/>
  </frame>
  <frame idx="800" w="317" h="323" x="-15.870826" y="-91.781845">
   <element name="ething01" layername="ething" frame="0" z_index="2" m_a="1.339536" m_b="0.000000" m_c="0.000000" m_d="1.238089" m_tx="-121.315117" m_ty="-161.352783"/>
  </frame>
  <frame idx="825" w="317" h="323" x="-15.870826" y="-91.781845">
   <element name="ething01" layername="ething" frame="0" z_index="2" m_a="1.339536" m_b="0.000000" m_c="0.000000" m_d="1.238089" m_tx="-121.315117" m_ty="-161.352783"/>
  </frame>
  <frame idx="850" w="317" h="323" x="-15.870826" y="-91.781845">
   <element name="ething01" layername="ething" frame="0" z_index="2" m_a="1.339536" m_b="0.000000" m_c="0.000000" m_d="1.238089" m_tx="-121.315117" m_ty="-161.352783"/>
  </frame>
  <frame idx="875" w="317" h="323" x="-15.870826" y="-91.781845">
   <element name="ething01" layername="ething" frame="0" z_index="2" m_a="1.339536" m_b="0.000000" m_c="0.000000" m_d="1.238089" m_tx="-121.315117" m_ty="-161.352783"/>
  </frame>
  <frame idx="900" w="317" h="323" x="-15.870826" y="-91.781845">
   <element name="ething01" layername="ething" frame="0" z_index="2" m_a="1.339536" m_b="0.000000" m_c="0.000000" m_d="1.238089" m_tx="-121.315117" m_ty="-161.352783"/>
  </frame>
  <frame idx="925" w="317" h="323" x="-15.870826" y="-91.781845">
   <element name="ething01" layername="ething" frame="0" z_index="2" m_a="1.339536" m_b="0.000000" m_c="0.000000" m_d="1.238089" m_tx="-121.315117" m_ty="-161.352783"/>
  </frame>
  <frame idx="950" w="317" h="323" x="-15.870826" y="-91.781845">
   <element name="ething01" layername="ething" frame="0" z_index="2" m_a="1.339536" m_b="0.000000" m_c="0.000000" m_d="1.238089" m_tx="-121.315117" m_ty="-161.352783"/>
  </frame>
  <frame idx="975" w="317" h="323" x="-15.870826" y="-91.781845">
   <element name="ething01" layername="ething" frame="0" z_index="2" m_a="1.339536" m_b="0.000000" m_c="0.000000" m_d="1.238089" m_tx="-121.315117" m_ty="-161.352783"/>
  </frame>
 </anim>
</Anims>
