<Anims>
 <anim name="idle" root="cabinchair1" numframes="300" framerate="40">
  <frame idx="0" w="303" h="459" x="-24.500000" y="-131.500000">
   <element name="chair01" layername="cabinchair" frame="0" z_index="2" m_a="1.000000" m_b="0.000000" m_c="0.000000" m_d="1.000000" m_tx="-125.000000" m_ty="-237.000000"/>
  </frame>
  <frame idx="25" w="303" h="459" x="-24.500000" y="-131.500000">
   <element name="chair01" layername="cabinchair" frame="0" z_index="2" m_a="1.000000" m_b="0.000000" m_c="0.000000" m_d="1.000000" m_tx="-125.000000" m_ty="-237.000000"/>
  </frame>
  <frame idx="50" w="303" h="459" x="-24.500000" y="-131.500000">
   <element name="chair01" layername="cabinchair" frame="0" z_index="2" m_a="1.000000" m_b="0.000000" m_c="0.000000" m_d="1.000000" m_tx="-125.000000" m_ty="-237.000000"/>
  </frame>
  <frame idx="75" w="303" h="459" x="-24.500000" y="-131.500000">
   <element name="chair01" layername="cabinchair" frame="0" z_index="2" m_a="1.000000" m_b="0.000000" m_c="0.000000" m_d="1.000000" m_tx="-125.000000" m_ty="-237.000000"/>
  </frame>
  <frame idx="100" w="303" h="459" x="-24.500000" y="-131.500000">
   <element name="chair01" layername="cabinchair" frame="0" z_index="2" m_a="1.000000" m_b="0.000000" m_c="0.000000" m_d="1.000000" m_tx="-125.000000" m_ty="-237.000000"/>
  </frame>
  <frame idx="125" w="303" h="459" x="-24.500000" y="-131.500000">
   <element name="chair01" layername="cabinchair" frame="0" z_index="2" m_a="1.000000" m_b="0.000000" m_c="0.000000" m_d="1.000000" m_tx="-125.000000" m_ty="-237.000000"/>
  </frame>
  <frame idx="150" w="303" h="459" x="-24.500000" y="-131.500000">
   <element name="chair01" layername="cabinchair" frame="0" z_index="2" m_a="1.000000" m_b="0.000000" m_c="0.000000" m_d="1.000000" m_tx="-125.000000" m_ty="-237.000000"/>
  </frame>
  <frame idx="175" w="303" h="459" x="-24.500000" y="-131.500000">
   <element name="chair01" layername="cabinchair" frame="0" z_index="2" m_a="1.000000" m_b="0.000000" m_c="0.000000" m_d="1.000000" m_tx="-125.000000" m_ty="-237.000000"/>
  </frame>
  <frame idx="200" w="303" h="459" x="-24.500000" y="-131.500000">
   <element name="chair01" layername="cabinchair" frame="0" z_index="2" m_a="1.000000" m_b="0.000000" m_c="0.000000" m_d="1.000000" m_tx="-125.000000" m_ty="-237.000000"/>
  </frame>
  <frame idx="225" w="303" h="459" x="-24.500000" y="-131.500000">
   <element name="chair01" layername="cabinchair" frame="0" z_index="2" m_a="1.000000" m_b="0.000000" m_c="0.000000" m_d="1.000000" m_tx="-125.000000" m_ty="-237.000000"/>
  </frame>
  <frame idx="250" w="303" h="459" x="-24.500000" y="-131.500000">
   <element name="chair01" layername="cabinchair" frame="0" z_index="2" m_a="1.000000" m_b="0.000000" m_c="0.000000" m_d="1.000000" m_tx="-125.000000" m_ty="-237.000000"/>
  </frame>
  <frame idx="275" w="303" h="459" x="-24.500000" y="-131.500000">
   <element name="chair01" layername="cabinchair" frame="0" z_index="2" m_a="1.000000" m_b="0.000000" m_c="0.000000" m_d="1.000000" m_tx="-125.000000" m_ty="-237.000000"/>
  </frame>
 </anim>
 <anim name="hit" root="cabinchair1" numframes="300" framerate="40">
  <frame idx="0" w="303" h="459" x="-24.500000" y="-131.500000">
   <element name="chair01" layername="cabinchair" frame="0" z_index="2" m_a="1.000000" m_b="0.000000" m_c="0.000000" m_d="1.000000" m_tx="-125.000000" m_ty="-237.000000"/>
  </frame>
  <frame idx="25" w="329" h="407" x="-30.003082" y="-113.529076">
   <element name="chair01" layername="cabinchair" frame="0" z_index="2" m_a="1.083504" m_b="0.000000" m_c="0.000000" m_d="0.906775" m_tx="-139.024612" m_ty="-210.104736"/>
  </frame>
  <frame idx="50" w="354" h="354" x="-35.506165" y="-95.558151">
   <element name="chair01" layername="cabinchair" frame="0" z_index="2" m_a="1.167008" m_b="0.000000" m_c="0.000000" m_d="0.813551" m_tx="-153.049210" m_ty="-183.209473"/>
  </frame>
  <frame idx="75" w="352" h="358" x="-35.248039" y="-97.050766">
   <element name="chair01" layername="cabinchair" frame="0" z_index="2" m_a="1.160855" m_b="0.000000" m_c="0.000000" m_d="0.820420" m_tx="-152.015823" m_ty="-185.191238"/>
  </frame>
  <frame idx="100" w="332" h="400" x="-30.982449" y="-111.185692">
   <element name="chair01" layername="cabinchair" frame="0" z_index="2" m_a="1.094931" m_b="0.000000" m_c="0.000000" m_d="0.894018" m_tx="-140.943756" m_ty="-206.424332"/>
  </frame>
  <frame idx="125" w="312" h="441" x="-26.216858" y="-125.320633">
   <element name="chair01" layername="cabinchair" frame="0" z_index="2" m_a="1.029007" m_b="0.000000" m_c="0.000000" m_d="0.967617" m_tx="-129.871704" m_ty="-227.657440"/>
  </frame>
  <frame idx="150" w="303" h="459" x="-24.500000" y="-131.500000">
   <element name="chair01" layername="cabinchair" frame="0" z_index="2" m_a="1.000000" m_b="0.000000" m_c="0.000000" m_d="1.000000" m_tx="-125.000000" m_ty="-237.000000"/>
  </frame>
  <frame idx="175" w="303" h="459" x="-24.500000" y="-131.500000">
   <element name="chair01" layername="cabinchair" frame="0" z_index="2" m_a="1.000000" m_b="0.000000" m_c="0.000000" m_d="1.000000" m_tx="-125.000000" m_ty="-237.000000"/>
  </frame>
  <frame idx="200" w="303" h="459" x="-24.500000" y="-131.500000">
   <element name="chair01" layername="cabinchair" frame="0" z_index="2" m_a="1.000000" m_b="0.000000" m_c="0.000000" m_d="1.000000" m_tx="-125.000000" m_ty="-237.000000"/>
  </frame>
  <frame idx="225" w="303" h="459" x="-24.500000" y="-131.500000">
   <element name="chair01" layername="cabinchair" frame="0" z_index="2" m_a="1.000000" m_b="0.000000" m_c="0.000000" m_d="1.000000" m_tx="-125.000000" m_ty="-237.000000"/>
  </frame>
  <frame idx="250" w="303" h="459" x="-24.500000" y="-131.500000">
   <element name="chair01" layername="cabinchair" frame="0" z_index="2" m_a="1.000000" m_b="0.000000" m_c="0.000000" m_d="1.000000" m_tx="-125.000000" m_ty="-237.000000"/>
  </frame>
  <frame idx="275" w="303" h="459" x="-24.500000" y="-131.500000">
   <element name="chair01" layername="cabinchair" frame="0" z_index="2" m_a="1.000000" m_b="0.000000" m_c="0.000000" m_d="1.000000" m_tx="-125.000000" m_ty="-237.000000"/>
  </frame>
 </anim>
</Anims>
